date,spot_price,futures_price,auction_price
2005-04-22,,16.85,
2005-04-23,,,
2005-04-24,,,
2005-04-25,,17.45,
2005-04-26,,17.15,
2005-04-27,,16.35,
2005-04-28,,15.95,
2005-04-29,,16.4,
2005-04-30,,,
2005-05-01,,,
2005-05-02,,,
2005-05-03,,16.1,
2005-05-04,,16.1,
2005-05-05,,16.5,
2005-05-06,,16.5,
2005-05-07,,,
2005-05-08,,,
2005-05-09,,16.85,
2005-05-10,,16.95,
2005-05-11,,16.75,
2005-05-12,,16.35,
2005-05-13,,16.65,
2005-05-14,,,
2005-05-15,,,
2005-05-16,,16.75,
2005-05-17,,17.05,
2005-05-18,,17.3,
2005-05-19,,17.8,
2005-05-20,,18.55,
2005-05-21,,,
2005-05-22,,,
2005-05-23,,18.3,
2005-05-24,,18.95,
2005-05-25,,19.75,
2005-05-26,,19.6,
2005-05-27,,19.45,
2005-05-28,,,
2005-05-29,,,
2005-05-30,,,
2005-05-31,,19.65,
2005-06-01,,19.45,
2005-06-02,,19.2,
2005-06-03,,18.85,
2005-06-04,,,
2005-06-05,,,
2005-06-06,,19.05,
2005-06-07,,19.4,
2005-06-08,,19.55,
2005-06-09,,19.5,
2005-06-10,,19.5,
2005-06-11,,,
2005-06-12,,,
2005-06-13,,19.6,
2005-06-14,,19.65,
2005-06-15,,19.85,
2005-06-16,,20.35,
2005-06-17,,21.2,
2005-06-18,,,
2005-06-19,,,
2005-06-20,,22.7,
2005-06-21,,22.7,
2005-06-22,,22.8,
2005-06-23,,23.05,
2005-06-24,,23.6,
2005-06-25,,,
2005-06-26,,,
2005-06-27,,23.55,
2005-06-28,,24.2,
2005-06-29,,25,
2005-06-30,,25.3,
2005-07-01,,26.5,
2005-07-02,,,
2005-07-03,,,
2005-07-04,,28.85,
2005-07-05,,28.25,
2005-07-06,,28.7,
2005-07-07,,28.8,
2005-07-08,,29.1,
2005-07-09,,,
2005-07-10,,,
2005-07-11,,29.1,
2005-07-12,,28.95,
2005-07-13,,27.35,
2005-07-14,,23.45,
2005-07-15,,24.2,
2005-07-16,,,
2005-07-17,,,
2005-07-18,,24.1,
2005-07-19,,23.95,
2005-07-20,,20.65,
2005-07-21,,19.9,
2005-07-22,,19.6,
2005-07-23,,,
2005-07-24,,,
2005-07-25,,19.95,
2005-07-26,,20.4,
2005-07-27,,21.65,
2005-07-28,,21.65,
2005-07-29,,21.9,
2005-07-30,,,
2005-07-31,,,
2005-08-01,,21,
2005-08-02,,20.25,
2005-08-03,,20.2,
2005-08-04,,20.05,
2005-08-05,,20.8,
2005-08-06,,,
2005-08-07,,,
2005-08-08,,21.45,
2005-08-09,,22.05,
2005-08-10,,22,
2005-08-11,,22.25,
2005-08-12,,22.4,
2005-08-13,,,
2005-08-14,,,
2005-08-15,,22,
2005-08-16,,22,
2005-08-17,,22.45,
2005-08-18,,22.35,
2005-08-19,,22.45,
2005-08-20,,,
2005-08-21,,,
2005-08-22,,22.65,
2005-08-23,,22.65,
2005-08-24,,22.8,
2005-08-25,,23.1,
2005-08-26,,23.2,
2005-08-27,,,
2005-08-28,,,
2005-08-29,,,
2005-08-30,,23.35,
2005-08-31,,23.65,
2005-09-01,,24.15,
2005-09-02,,24.45,
2005-09-03,,,
2005-09-04,,,
2005-09-05,,24.4,
2005-09-06,,24.35,
2005-09-07,,24.4,
2005-09-08,,24.1,
2005-09-09,,23.5,
2005-09-10,,,
2005-09-11,,,
2005-09-12,,22.1,
2005-09-13,,21.6,
2005-09-14,,22.25,
2005-09-15,,22.55,
2005-09-16,,21.95,
2005-09-17,,,
2005-09-18,,,
2005-09-19,,22.35,
2005-09-20,,21.95,
2005-09-21,,21.9,
2005-09-22,,22.15,
2005-09-23,,21.9,
2005-09-24,,,
2005-09-25,,,
2005-09-26,,21.45,
2005-09-27,,22,
2005-09-28,,22.7,
2005-09-29,,22.8,
2005-09-30,,22.65,
2005-10-01,,,
2005-10-02,,,
2005-10-03,,22.7,
2005-10-04,,23.25,
2005-10-05,,23.9,
2005-10-06,,23.7,
2005-10-07,,23.1,
2005-10-08,,,
2005-10-09,,,
2005-10-10,,23.15,
2005-10-11,,23.15,
2005-10-12,,23.5,
2005-10-13,,23.5,
2005-10-14,,23,
2005-10-15,,,
2005-10-16,,,
2005-10-17,,23.1,
2005-10-18,,22.8,
2005-10-19,,22.4,
2005-10-20,,22.1,
2005-10-21,,21.8,
2005-10-22,,,
2005-10-23,,,
2005-10-24,,21.4,
2005-10-25,,21.45,
2005-10-26,,21.7,
2005-10-27,,21.85,
2005-10-28,,22.05,
2005-10-29,,,
2005-10-30,,,
2005-10-31,,21.95,
2005-11-01,,21.75,
2005-11-02,,21.35,
2005-11-03,,21.25,
2005-11-04,,21.35,
2005-11-05,,,
2005-11-06,,,
2005-11-07,,21.6,
2005-11-08,,22.05,
2005-11-09,,22.5,
2005-11-10,,22.7,
2005-11-11,,22.7,
2005-11-12,,,
2005-11-13,,,
2005-11-14,,23.15,
2005-11-15,,22.85,
2005-11-16,,22.7,
2005-11-17,,22.45,
2005-11-18,,21.55,
2005-11-19,,,
2005-11-20,,,
2005-11-21,,21.4,
2005-11-22,,22.05,
2005-11-23,,21.45,
2005-11-24,,19.75,
2005-11-25,,20.1,
2005-11-26,,,
2005-11-27,,,
2005-11-28,,20.15,
2005-11-29,,19.5,
2005-11-30,,19.6,
2005-12-01,,20,
2005-12-02,,21.15,
2005-12-03,,,
2005-12-04,,,
2005-12-05,,21.7,
2005-12-06,,22.15,
2005-12-07,,21.7,
2005-12-08,,21.05,
2005-12-09,,20.8,
2005-12-10,,,
2005-12-11,,,
2005-12-12,,21.3,
2005-12-13,,21.65,
2005-12-14,,21.35,
2005-12-15,,21.4,
2005-12-16,,21.2,
2005-12-17,,,
2005-12-18,,,
2005-12-19,,21.05,
2005-12-20,,21.05,
2005-12-21,,21.05,
2005-12-22,,20.85,
2005-12-23,,20.55,
2005-12-24,,,
2005-12-25,,,
2005-12-26,,,
2005-12-27,,20.85,
2005-12-28,,21.1,
2005-12-29,,21.1,
2005-12-30,,21.1,
2005-12-31,,,
2006-01-01,,,
2006-01-02,,,
2006-01-03,,21.75,
2006-01-04,,22.15,
2006-01-05,,22.6,
2006-01-06,,23.15,
2006-01-07,,,
2006-01-08,,,
2006-01-09,,22.9,
2006-01-10,,22.8,
2006-01-11,,22.75,
2006-01-12,,23.05,
2006-01-13,,23,
2006-01-14,,,
2006-01-15,,,
2006-01-16,,22.9,
2006-01-17,,23.95,
2006-01-18,,25.1,
2006-01-19,,25,
2006-01-20,,26.5,
2006-01-21,,,
2006-01-22,,,
2006-01-23,,25.75,
2006-01-24,,25,
2006-01-25,,25.35,
2006-01-26,,26.15,
2006-01-27,,25.6,
2006-01-28,,,
2006-01-29,,,
2006-01-30,,26,
2006-01-31,,26.05,
2006-02-01,,26.45,
2006-02-02,,27.05,
2006-02-03,,27.3,
2006-02-04,,,
2006-02-05,,,
2006-02-06,,27,
2006-02-07,,25.95,
2006-02-08,,25.55,
2006-02-09,,25.65,
2006-02-10,,25.9,
2006-02-11,,,
2006-02-12,,,
2006-02-13,,25.55,
2006-02-14,,25.7,
2006-02-15,,26,
2006-02-16,,26.35,
2006-02-17,,26.1,
2006-02-18,,,
2006-02-19,,,
2006-02-20,,26.6,
2006-02-21,,26.8,
2006-02-22,,26.9,
2006-02-23,,26.2,
2006-02-24,,26.2,
2006-02-25,,,
2006-02-26,,,
2006-02-27,,25.7,
2006-02-28,,25.95,
2006-03-01,,26.35,
2006-03-02,,26.65,
2006-03-03,,26.55,
2006-03-04,,,
2006-03-05,,,
2006-03-06,,26.5,
2006-03-07,,26.05,
2006-03-08,,26.15,
2006-03-09,,26.1,
2006-03-10,,26.3,
2006-03-11,,,
2006-03-12,,,
2006-03-13,,26.8,
2006-03-14,,26.55,
2006-03-15,,26.3,
2006-03-16,,26,
2006-03-17,,26.25,
2006-03-18,,,
2006-03-19,,,
2006-03-20,,26.4,
2006-03-21,,26.35,
2006-03-22,,26.45,
2006-03-23,,26.45,
2006-03-24,,26.25,
2006-03-25,,,
2006-03-26,,,
2006-03-27,,26.15,
2006-03-28,,26.5,
2006-03-29,,26.7,
2006-03-30,,26.8,
2006-03-31,,26.95,
2006-04-01,,,
2006-04-02,,,
2006-04-03,,27,
2006-04-04,,27.35,
2006-04-05,,27.9,
2006-04-06,,28.65,
2006-04-07,,27.5,
2006-04-08,,,
2006-04-09,,,
2006-04-10,,28.55,
2006-04-11,,28.85,
2006-04-12,,28.85,
2006-04-13,,28.7,
2006-04-14,,,
2006-04-15,,,
2006-04-16,,,
2006-04-17,,28.85,
2006-04-18,,29.8,
2006-04-19,,29.75,
2006-04-20,,29.3,
2006-04-21,,29.25,
2006-04-22,,,
2006-04-23,,,
2006-04-24,,29.35,
2006-04-25,,26.6,
2006-04-26,,19.75,
2006-04-27,,16.2,
2006-04-28,,13.3,
2006-04-29,,,
2006-04-30,,,
2006-05-01,,13,
2006-05-02,,10.95,
2006-05-03,,11.8,
2006-05-04,,13.8,
2006-05-05,,12.3,
2006-05-06,,,
2006-05-07,,,
2006-05-08,,11.85,
2006-05-09,,11.9,
2006-05-10,,12.85,
2006-05-11,,12.6,
2006-05-12,,9.05,
2006-05-13,,,
2006-05-14,,,
2006-05-15,,14.95,
2006-05-16,,16.2,
2006-05-17,,15.3,
2006-05-18,,15.3,
2006-05-19,,15.8,
2006-05-20,,,
2006-05-21,,,
2006-05-22,,17.8,
2006-05-23,,19.1,
2006-05-24,,18.6,
2006-05-25,,18.4,
2006-05-26,,18.1,
2006-05-27,,,
2006-05-28,,,
2006-05-29,,,
2006-05-30,,17.35,
2006-05-31,,17.05,
2006-06-01,,15.85,
2006-06-02,,15.85,
2006-06-03,,,
2006-06-04,,,
2006-06-05,,15.6,
2006-06-06,,15.4,
2006-06-07,,14.65,
2006-06-08,,13.7,
2006-06-09,,13.7,
2006-06-10,,,
2006-06-11,,,
2006-06-12,,14.7,
2006-06-13,,14.6,
2006-06-14,,14.55,
2006-06-15,,14.5,
2006-06-16,,14.65,
2006-06-17,,,
2006-06-18,,,
2006-06-19,,15,
2006-06-20,,15.6,
2006-06-21,,15.15,
2006-06-22,,15.3,
2006-06-23,,15.15,
2006-06-24,,,
2006-06-25,,,
2006-06-26,,14.65,
2006-06-27,,14.8,
2006-06-28,,15.3,
2006-06-29,,15.7,
2006-06-30,,15.65,
2006-07-01,,,
2006-07-02,,,
2006-07-03,,16,
2006-07-04,,16,
2006-07-05,,15.8,
2006-07-06,,16.15,
2006-07-07,,16,
2006-07-08,,,
2006-07-09,,,
2006-07-10,,16.2,
2006-07-11,,16.35,
2006-07-12,,16.25,
2006-07-13,,16.4,
2006-07-14,,16.8,
2006-07-15,,,
2006-07-16,,,
2006-07-17,,17.25,
2006-07-18,,17.1,
2006-07-19,,16.5,
2006-07-20,,16.8,
2006-07-21,,16.6,
2006-07-22,,,
2006-07-23,,,
2006-07-24,,16.5,
2006-07-25,,16.4,
2006-07-26,,16.4,
2006-07-27,,16.55,
2006-07-28,,16.15,
2006-07-29,,,
2006-07-30,,,
2006-07-31,,16.05,
2006-08-01,,16.2,
2006-08-02,,16.2,
2006-08-03,,15.9,
2006-08-04,,15.15,
2006-08-05,,,
2006-08-06,,,
2006-08-07,,15.7,
2006-08-08,,15.65,
2006-08-09,,15.6,
2006-08-10,,15.45,
2006-08-11,,15.65,
2006-08-12,,,
2006-08-13,,,
2006-08-14,,15.35,
2006-08-15,,15.4,
2006-08-16,,15.6,
2006-08-17,,15.7,
2006-08-18,,15.8,
2006-08-19,,,
2006-08-20,,,
2006-08-21,,16.45,
2006-08-22,,16.8,
2006-08-23,,16.6,
2006-08-24,,16.2,
2006-08-25,,16.2,
2006-08-26,,,
2006-08-27,,,
2006-08-28,,16.1,
2006-08-29,,15.85,
2006-08-30,,15.6,
2006-08-31,,15.8,
2006-09-01,,15.85,
2006-09-02,,,
2006-09-03,,,
2006-09-04,,16.25,
2006-09-05,,16.35,
2006-09-06,,16.55,
2006-09-07,,16.35,
2006-09-08,,16.3,
2006-09-09,,,
2006-09-10,,,
2006-09-11,,16.15,
2006-09-12,,16.25,
2006-09-13,,16.15,
2006-09-14,,16.2,
2006-09-15,,16.1,
2006-09-16,,,
2006-09-17,,,
2006-09-18,,16.1,
2006-09-19,,15.6,
2006-09-20,,14.1,
2006-09-21,,13.4,
2006-09-22,,13.2,
2006-09-23,,,
2006-09-24,,,
2006-09-25,,12.7,
2006-09-26,,12,
2006-09-27,,12.1,
2006-09-28,,12.6,
2006-09-29,,12.95,
2006-09-30,,,
2006-10-01,,,
2006-10-02,,12.15,
2006-10-03,,12,
2006-10-04,,12,
2006-10-05,,12.15,
2006-10-06,,12.1,
2006-10-07,,,
2006-10-08,,,
2006-10-09,,12.4,
2006-10-10,,12.5,
2006-10-11,,12.5,
2006-10-12,,12.45,
2006-10-13,,12.55,
2006-10-14,,,
2006-10-15,,,
2006-10-16,,12.55,
2006-10-17,,12.75,
2006-10-18,,12.9,
2006-10-19,,12.85,
2006-10-20,,12.85,
2006-10-21,,,
2006-10-22,,,
2006-10-23,,12.55,
2006-10-24,,12.55,
2006-10-25,,12.05,
2006-10-26,,12.1,
2006-10-27,,11.85,
2006-10-28,,,
2006-10-29,,,
2006-10-30,,10.8,
2006-10-31,,11.05,
2006-11-01,,11,
2006-11-02,,10.75,
2006-11-03,,10.6,
2006-11-04,,,
2006-11-05,,,
2006-11-06,,10.4,
2006-11-07,,9.45,
2006-11-08,,9.5,
2006-11-09,,9.5,
2006-11-10,,8.7,
2006-11-11,,,
2006-11-12,,,
2006-11-13,,8.45,
2006-11-14,,9.1,
2006-11-15,,9,
2006-11-16,,8.65,
2006-11-17,,8.4,
2006-11-18,,,
2006-11-19,,,
2006-11-20,,8.6,
2006-11-21,,8.75,
2006-11-22,,8.6,
2006-11-23,,8.7,
2006-11-24,,9,
2006-11-25,,,
2006-11-26,,,
2006-11-27,,8.95,
2006-11-28,,8.6,
2006-11-29,,8.15,
2006-11-30,,8.1,
2006-12-01,,7.4,
2006-12-02,,,
2006-12-03,,,
2006-12-04,,7.1,
2006-12-05,,6.75,
2006-12-06,,7.05,
2006-12-07,,7.5,
2006-12-08,,7.2,
2006-12-09,,,
2006-12-10,,,
2006-12-11,,7.05,
2006-12-12,,6.7,
2006-12-13,,6.4,
2006-12-14,,6.4,
2006-12-15,,6.55,
2006-12-16,,,
2006-12-17,,,
2006-12-18,,6.6,
2006-12-19,,6.6,
2006-12-20,,6.55,
2006-12-21,,6.75,
2006-12-22,,6.8,
2006-12-23,,,
2006-12-24,,,
2006-12-25,,,
2006-12-26,,6.8,
2006-12-27,,6.55,
2006-12-28,,6.55,
2006-12-29,,6.45,
2006-12-30,,,
2006-12-31,,,
2007-01-01,,,
2007-01-02,,5.3,
2007-01-03,,4.8,
2007-01-04,,4.75,
2007-01-05,,4.75,
2007-01-06,,,
2007-01-07,,,
2007-01-08,,3.85,
2007-01-09,,3.4,
2007-01-10,,3.7,
2007-01-11,,3.9,
2007-01-12,,3.95,
2007-01-13,,,
2007-01-14,,,
2007-01-15,,3.95,
2007-01-16,,4.05,
2007-01-17,,4,
2007-01-18,,3.95,
2007-01-19,,3.95,
2007-01-20,,,
2007-01-21,,,
2007-01-22,,3.8,
2007-01-23,,3.7,
2007-01-24,,3.35,
2007-01-25,,3.25,
2007-01-26,,2.95,
2007-01-27,,,
2007-01-28,,,
2007-01-29,,2.45,
2007-01-30,,2.4,
2007-01-31,,2.3,
2007-02-01,,2.2,
2007-02-02,,1.95,
2007-02-03,,,
2007-02-04,,,
2007-02-05,,1.75,
2007-02-06,,1.45,
2007-02-07,,1.3,
2007-02-08,,1.45,
2007-02-09,,1.55,
2007-02-10,,,
2007-02-11,,,
2007-02-12,,1.25,
2007-02-13,,1.2,
2007-02-14,,1.15,
2007-02-15,,1.1,
2007-02-16,,1.1,
2007-02-17,,,
2007-02-18,,,
2007-02-19,,0.75,
2007-02-20,,0.85,
2007-02-21,,0.9,
2007-02-22,,0.85,
2007-02-23,,0.9,
2007-02-24,,,
2007-02-25,,,
2007-02-26,,0.95,
2007-02-27,,0.95,
2007-02-28,,0.9,
2007-03-01,,0.95,
2007-03-02,,1.05,
2007-03-03,,,
2007-03-04,,,
2007-03-05,,0.95,
2007-03-06,,1,
2007-03-07,,1.1,
2007-03-08,,1.1,
2007-03-09,,1.3,
2007-03-10,,,
2007-03-11,,,
2007-03-12,,1.3,
2007-03-13,,1.2,
2007-03-14,,1.2,
2007-03-15,,1.2,
2007-03-16,,1.15,
2007-03-17,,,
2007-03-18,,,
2007-03-19,,1,
2007-03-20,,1,
2007-03-21,,1,
2007-03-22,,0.95,
2007-03-23,,1,
2007-03-24,,,
2007-03-25,,,
2007-03-26,,1,
2007-03-27,,1,
2007-03-28,,1.15,
2007-03-29,,1.3,
2007-03-30,,1.26,
2007-03-31,,,
2007-04-01,,,
2007-04-02,,0.98,
2007-04-03,,0.85,
2007-04-04,,0.81,
2007-04-05,,0.8,
2007-04-06,,,
2007-04-07,,,
2007-04-08,,,
2007-04-09,,0.8,
2007-04-10,,0.78,
2007-04-11,,0.74,
2007-04-12,,0.75,
2007-04-13,,0.72,
2007-04-14,,,
2007-04-15,,,
2007-04-16,,0.71,
2007-04-17,,0.67,
2007-04-18,,0.53,
2007-04-19,,0.48,
2007-04-20,,0.6,
2007-04-21,,,
2007-04-22,,,
2007-04-23,,0.65,
2007-04-24,,0.65,
2007-04-25,,0.62,
2007-04-26,,0.52,
2007-04-27,,0.51,
2007-04-28,,,
2007-04-29,,,
2007-04-30,,0.51,
2007-05-01,,0.56,
2007-05-02,,0.54,
2007-05-03,,0.52,
2007-05-04,,0.52,
2007-05-05,,,
2007-05-06,,,
2007-05-07,,0.53,
2007-05-08,,0.45,
2007-05-09,,0.39,
2007-05-10,,0.29,
2007-05-11,,0.31,
2007-05-12,,,
2007-05-13,,,
2007-05-14,,0.32,
2007-05-15,,0.27,
2007-05-16,,0.31,
2007-05-17,,0.28,
2007-05-18,,0.26,
2007-05-19,,,
2007-05-20,,,
2007-05-21,,0.28,
2007-05-22,,0.28,
2007-05-23,,0.28,
2007-05-24,,0.28,
2007-05-25,,0.28,
2007-05-26,,,
2007-05-27,,,
2007-05-28,,0.29,
2007-05-29,,0.26,
2007-05-30,,0.26,
2007-05-31,,0.28,
2007-06-01,,0.28,
2007-06-02,,,
2007-06-03,,,
2007-06-04,,0.28,
2007-06-05,,0.27,
2007-06-06,,0.28,
2007-06-07,,0.26,
2007-06-08,,0.26,
2007-06-09,,,
2007-06-10,,,
2007-06-11,,0.24,
2007-06-12,,0.23,
2007-06-13,,0.21,
2007-06-14,,0.18,
2007-06-15,,0.16,
2007-06-16,,,
2007-06-17,,,
2007-06-18,,0.13,
2007-06-19,,0.13,
2007-06-20,,0.12,
2007-06-21,,0.11,
2007-06-22,,0.11,
2007-06-23,,,
2007-06-24,,,
2007-06-25,,0.1,
2007-06-26,,0.12,
2007-06-27,,0.12,
2007-06-28,,0.13,
2007-06-29,,0.12,
2007-06-30,,,
2007-07-01,,,
2007-07-02,,0.13,
2007-07-03,,0.12,
2007-07-04,,0.12,
2007-07-05,,0.13,
2007-07-06,,0.13,
2007-07-07,,,
2007-07-08,,,
2007-07-09,,0.14,
2007-07-10,,0.14,
2007-07-11,,0.14,
2007-07-12,,0.13,
2007-07-13,,0.13,
2007-07-14,,,
2007-07-15,,,
2007-07-16,,0.13,
2007-07-17,,0.14,
2007-07-18,,0.13,
2007-07-19,,0.12,
2007-07-20,,0.13,
2007-07-21,,,
2007-07-22,,,
2007-07-23,,0.12,
2007-07-24,,0.12,
2007-07-25,,0.12,
2007-07-26,,0.12,
2007-07-27,,0.12,
2007-07-28,,,
2007-07-29,,,
2007-07-30,,0.11,
2007-07-31,,0.12,
2007-08-01,,0.11,
2007-08-02,,0.09,
2007-08-03,,0.09,
2007-08-04,,,
2007-08-05,,,
2007-08-06,,0.09,
2007-08-07,,0.09,
2007-08-08,,0.1,
2007-08-09,,0.1,
2007-08-10,,0.1,
2007-08-11,,,
2007-08-12,,,
2007-08-13,,0.1,
2007-08-14,,0.11,
2007-08-15,,0.11,
2007-08-16,,0.11,
2007-08-17,,0.11,
2007-08-18,,,
2007-08-19,,,
2007-08-20,,0.11,
2007-08-21,,0.11,
2007-08-22,,0.11,
2007-08-23,,0.11,
2007-08-24,,0.11,
2007-08-25,,,
2007-08-26,,,
2007-08-27,,0.11,
2007-08-28,,0.11,
2007-08-29,,0.1,
2007-08-30,,0.11,
2007-08-31,,0.1,
2007-09-01,,,
2007-09-02,,,
2007-09-03,,0.1,
2007-09-04,,0.1,
2007-09-05,,0.1,
2007-09-06,,0.1,
2007-09-07,,0.1,
2007-09-08,,,
2007-09-09,,,
2007-09-10,,0.09,
2007-09-11,,0.08,
2007-09-12,,0.09,
2007-09-13,,0.07,
2007-09-14,,0.07,
2007-09-15,,,
2007-09-16,,,
2007-09-17,,0.07,
2007-09-18,,0.06,
2007-09-19,,0.08,
2007-09-20,,0.08,
2007-09-21,,0.08,
2007-09-22,,,
2007-09-23,,,
2007-09-24,,0.08,
2007-09-25,,0.08,
2007-09-26,,0.08,
2007-09-27,,0.08,
2007-09-28,,0.08,
2007-09-29,,,
2007-09-30,,,
2007-10-01,,0.07,
2007-10-02,,0.08,
2007-10-03,,0.07,
2007-10-04,,0.07,
2007-10-05,,0.11,
2007-10-06,,,
2007-10-07,,,
2007-10-08,,0.07,
2007-10-09,,0.07,
2007-10-10,,0.07,
2007-10-11,,0.07,
2007-10-12,,0.07,
2007-10-13,,,
2007-10-14,,,
2007-10-15,,0.07,
2007-10-16,,0.07,
2007-10-17,,0.07,
2007-10-18,,0.07,
2007-10-19,,0.07,
2007-10-20,,,
2007-10-21,,,
2007-10-22,,0.07,
2007-10-23,,0.07,
2007-10-24,,0.07,
2007-10-25,,0.07,
2007-10-26,,0.07,
2007-10-27,,,
2007-10-28,,,
2007-10-29,,0.07,
2007-10-30,,0.07,
2007-10-31,,0.09,
2007-11-01,,0.08,
2007-11-02,,0.08,
2007-11-03,,,
2007-11-04,,,
2007-11-05,,0.07,
2007-11-06,,0.07,
2007-11-07,,0.1,
2007-11-08,,0.11,
2007-11-09,,0.1,
2007-11-10,,,
2007-11-11,,,
2007-11-12,,0.1,
2007-11-13,,0.1,
2007-11-14,,0.09,
2007-11-15,,0.09,
2007-11-16,,0.08,
2007-11-17,,,
2007-11-18,,,
2007-11-19,,0.08,
2007-11-20,,0.07,
2007-11-21,,0.07,
2007-11-22,,0.08,
2007-11-23,,0.08,
2007-11-24,,,
2007-11-25,,,
2007-11-26,,0.07,
2007-11-27,,0.07,
2007-11-28,,0.06,
2007-11-29,,0.04,
2007-11-30,,0.01,
2007-12-01,,,
2007-12-02,,,
2007-12-03,,0.03,
2007-12-04,,0.03,
2007-12-05,,0.03,
2007-12-06,,0.03,
2007-12-07,,0.03,
2007-12-08,,,
2007-12-09,,,
2007-12-10,,0.03,
2007-12-11,,0.03,
2007-12-12,,0.03,
2007-12-13,,0.03,
2007-12-14,,0.03,
2007-12-15,,,
2007-12-16,,,
2007-12-17,,0.01,
2007-12-18,,0.02,
2007-12-19,,0.02,
2007-12-20,,0.03,
2007-12-21,,0.03,
2007-12-22,,,
2007-12-23,,,
2007-12-24,,0.03,
2007-12-25,,,
2007-12-26,,0.03,
2007-12-27,,0.03,
2007-12-28,,0.02,
2007-12-29,,,
2007-12-30,,,
2007-12-31,,0.02,
2008-01-01,,,
2008-01-02,,0.02,
2008-01-03,,0.03,
2008-01-04,,0.02,
2008-01-05,,,
2008-01-06,,,
2008-01-07,,0.02,
2008-01-08,,0.02,
2008-01-09,,0.02,
2008-01-10,,0.02,
2008-01-11,,0.02,
2008-01-12,,,
2008-01-13,,,
2008-01-14,,0.02,
2008-01-15,,0.02,
2008-01-16,,0.02,
2008-01-17,,0.02,
2008-01-18,,0.02,
2008-01-19,,,
2008-01-20,,,
2008-01-21,,0.02,
2008-01-22,,0.02,
2008-01-23,,0.02,
2008-01-24,,0.02,
2008-01-25,,0.02,
2008-01-26,,,
2008-01-27,,,
2008-01-28,,0.02,
2008-01-29,,0.02,
2008-01-30,,0.02,
2008-01-31,,0.02,
2008-02-01,,0.02,
2008-02-02,,,
2008-02-03,,,
2008-02-04,,0.02,
2008-02-05,,0.02,
2008-02-06,,0.02,
2008-02-07,,0.02,
2008-02-08,,0.02,
2008-02-09,,,
2008-02-10,,,
2008-02-11,,0.01,
2008-02-12,,0.02,
2008-02-13,,0.02,
2008-02-14,,0.02,
2008-02-15,,0.02,
2008-02-16,,,
2008-02-17,,,
2008-02-18,,0.02,
2008-02-19,,0.02,
2008-02-20,,0.02,
2008-02-21,,0.02,
2008-02-22,,0.02,
2008-02-23,,,
2008-02-24,,,
2008-02-25,,0.02,
2008-02-26,,0.02,
2008-02-27,,0.01,
2008-02-28,,0.01,
2008-02-29,,0.01,
2008-03-01,,,
2008-03-02,,,
2008-03-03,,0.01,
2008-03-04,,0.01,
2008-03-05,,0.01,
2008-03-06,,0.01,
2008-03-07,,0.01,
2008-03-08,,,
2008-03-09,,,
2008-03-10,,0.01,
2008-03-11,,0.01,
2008-03-12,,0.01,
2008-03-13,,0.01,
2008-03-14,,0.01,
2008-03-15,,,
2008-03-16,,,
2008-03-17,,0.01,
2008-03-18,,0.01,
2008-03-19,,0.01,
2008-03-20,,0.01,
2008-03-21,,,
2008-03-22,,,
2008-03-23,,,
2008-03-24,,,
2008-03-25,,0.01,
2008-03-26,,0.01,
2008-03-27,,0.01,
2008-03-28,,0.02,
2008-03-29,,,
2008-03-30,,,
2008-03-31,,0.02,
2008-04-01,,22.52,
2008-04-02,,23.42,
2008-04-03,,23.47,
2008-04-04,,23.31,
2008-04-05,,,
2008-04-06,,,
2008-04-07,,23.82,
2008-04-08,,23.51,
2008-04-09,,23.69,
2008-04-10,,24.44,
2008-04-11,,24.38,
2008-04-12,,,
2008-04-13,,,
2008-04-14,,25,
2008-04-15,,25.14,
2008-04-16,,24.8,
2008-04-17,,24.69,
2008-04-18,,24.51,
2008-04-19,,,
2008-04-20,,,
2008-04-21,,25.23,
2008-04-22,,25.34,
2008-04-23,,25,
2008-04-24,,24.51,
2008-04-25,,24.74,
2008-04-26,,,
2008-04-27,,,
2008-04-28,,24.63,
2008-04-29,,24.19,
2008-04-30,,23.88,
2008-05-01,,23.56,
2008-05-02,,24.5,
2008-05-03,,,
2008-05-04,,,
2008-05-05,,,
2008-05-06,,25.31,
2008-05-07,,25.03,
2008-05-08,,24.91,
2008-05-09,,25.17,
2008-05-10,,,
2008-05-11,,,
2008-05-12,,25.39,
2008-05-13,,25.04,
2008-05-14,,24.46,
2008-05-15,,24.68,
2008-05-16,,24.89,
2008-05-17,,,
2008-05-18,,,
2008-05-19,,25.31,
2008-05-20,,25.36,
2008-05-21,,25.73,
2008-05-22,,26.06,
2008-05-23,,26.11,
2008-05-24,,,
2008-05-25,,,
2008-05-26,,26.38,
2008-05-27,,26.34,
2008-05-28,,26.23,
2008-05-29,,26.59,
2008-05-30,,26.1,
2008-05-31,,,
2008-06-01,,,
2008-06-02,,26.34,
2008-06-03,,27.13,
2008-06-04,,26.6,
2008-06-05,,26.44,
2008-06-06,,27.54,
2008-06-07,,,
2008-06-08,,,
2008-06-09,,27.49,
2008-06-10,,27.2,
2008-06-11,,27.32,
2008-06-12,,27.16,
2008-06-13,,27,
2008-06-14,,,
2008-06-15,,,
2008-06-16,,27.13,
2008-06-17,,27.24,
2008-06-18,,27.5,
2008-06-19,,27.64,
2008-06-20,,27.41,
2008-06-21,,,
2008-06-22,,,
2008-06-23,,27.77,
2008-06-24,,27.78,
2008-06-25,,27.59,
2008-06-26,,27.88,
2008-06-27,,28.34,
2008-06-28,,,
2008-06-29,,,
2008-06-30,,28.77,
2008-07-01,,29.33,
2008-07-02,,27.99,
2008-07-03,,27.45,
2008-07-04,,27.64,
2008-07-05,,,
2008-07-06,,,
2008-07-07,,27.51,
2008-07-08,,25.79,
2008-07-09,,26.02,
2008-07-10,,26.68,
2008-07-11,,27.45,
2008-07-12,,,
2008-07-13,,,
2008-07-14,,27.08,
2008-07-15,,26.32,
2008-07-16,,25.03,
2008-07-17,,25.76,
2008-07-18,,24.5,
2008-07-19,,,
2008-07-20,,,
2008-07-21,,24.49,
2008-07-22,,24.67,
2008-07-23,,24.74,
2008-07-24,,25.14,
2008-07-25,,24.94,
2008-07-26,,,
2008-07-27,,,
2008-07-28,,24.41,
2008-07-29,,23.63,
2008-07-30,,22.7,
2008-07-31,,22.06,
2008-08-01,,21.38,
2008-08-02,,,
2008-08-03,,,
2008-08-04,,21.21,
2008-08-05,,21.67,
2008-08-06,,22.26,
2008-08-07,,22.82,
2008-08-08,,22.61,
2008-08-09,,,
2008-08-10,,,
2008-08-11,,22.65,
2008-08-12,,23.31,
2008-08-13,,23.67,
2008-08-14,,23.43,
2008-08-15,,23.19,
2008-08-16,,,
2008-08-17,,,
2008-08-18,,23.59,
2008-08-19,,23.73,
2008-08-20,,24.42,
2008-08-21,,24.72,
2008-08-22,,24.58,
2008-08-23,,,
2008-08-24,,,
2008-08-25,,24.37,
2008-08-26,,24.72,
2008-08-27,,25.14,
2008-08-28,,25.17,
2008-08-29,,25.19,
2008-08-30,,,
2008-08-31,,,
2008-09-01,,24.96,
2008-09-02,,24.72,
2008-09-03,,24.45,
2008-09-04,,24.65,
2008-09-05,,24.4,
2008-09-06,,,
2008-09-07,,,
2008-09-08,,24.19,
2008-09-09,,22.86,
2008-09-10,,22.77,
2008-09-11,,23.07,
2008-09-12,,23.9,
2008-09-13,,,
2008-09-14,,,
2008-09-15,,23.03,
2008-09-16,,22.91,
2008-09-17,,23.25,
2008-09-18,,23.78,
2008-09-19,,24.68,
2008-09-20,,,
2008-09-21,,,
2008-09-22,,24.85,
2008-09-23,,25.06,
2008-09-24,,24.65,
2008-09-25,,24.67,
2008-09-26,,24.45,
2008-09-27,,,
2008-09-28,,,
2008-09-29,,23.19,
2008-09-30,,22.35,
2008-10-01,,22.83,
2008-10-02,,23.14,
2008-10-03,,23.07,
2008-10-04,,,
2008-10-05,,,
2008-10-06,,22.08,
2008-10-07,,22.25,
2008-10-08,,21.81,
2008-10-09,,22.5,
2008-10-10,,22.04,
2008-10-11,,,
2008-10-12,,,
2008-10-13,,22.84,
2008-10-14,,23.29,
2008-10-15,,22.82,
2008-10-16,,21.91,
2008-10-17,,21.68,
2008-10-18,,,
2008-10-19,,,
2008-10-20,,21.8,
2008-10-21,,21.25,
2008-10-22,,19.9,
2008-10-23,,20.19,
2008-10-24,,19.14,
2008-10-25,,,
2008-10-26,,,
2008-10-27,,17.87,
2008-10-28,,17.63,
2008-10-29,,18.45,
2008-10-30,,18.12,
2008-10-31,,17.94,
2008-11-01,,,
2008-11-02,,,
2008-11-03,,18.25,
2008-11-04,,18.94,
2008-11-05,,18.54,
2008-11-06,,18.2,
2008-11-07,,18.69,
2008-11-08,,,
2008-11-09,,,
2008-11-10,,18.51,
2008-11-11,,17.94,
2008-11-12,,17.95,
2008-11-13,,17.95,
2008-11-14,,17.43,
2008-11-15,,,
2008-11-16,,,
2008-11-17,,17.03,
2008-11-18,,16.55,
2008-11-19,,16.33,
2008-11-20,,14.92,
2008-11-21,,15.03,
2008-11-22,,,
2008-11-23,,,
2008-11-24,,15.86,
2008-11-25,,15.76,
2008-11-26,,15.63,
2008-11-27,,16.31,
2008-11-28,,15.52,
2008-11-29,,,
2008-11-30,,,
2008-12-01,,15.53,
2008-12-02,,15.36,
2008-12-03,,15.22,
2008-12-04,,14.82,
2008-12-05,,13.72,
2008-12-06,,,
2008-12-07,,,
2008-12-08,,14.45,
2008-12-09,,14.28,
2008-12-10,,14.37,
2008-12-11,,14.86,
2008-12-12,,14.88,
2008-12-13,,,
2008-12-14,,,
2008-12-15,,15.3,
2008-12-16,,15.47,
2008-12-17,,15.47,
2008-12-18,,15.26,
2008-12-19,,15.29,
2008-12-20,,,
2008-12-21,,,
2008-12-22,,15.67,
2008-12-23,,15.36,
2008-12-24,,15.28,
2008-12-25,,,
2008-12-26,,,
2008-12-27,,,
2008-12-28,,,
2008-12-29,,15.36,
2008-12-30,,15.57,
2008-12-31,,15.45,
2009-01-01,,,
2009-01-02,,15.1,
2009-01-03,,,
2009-01-04,,,
2009-01-05,,14.93,
2009-01-06,,15.27,
2009-01-07,,15.02,
2009-01-08,,14.33,
2009-01-09,,14.01,
2009-01-10,,,
2009-01-11,,,
2009-01-12,,13.51,
2009-01-13,,13.45,
2009-01-14,,12.98,
2009-01-15,,12.93,
2009-01-16,12.32,12.32,
2009-01-17,,,
2009-01-18,,,
2009-01-19,11.35,11.34,
2009-01-20,11.05,11.24,
2009-01-21,11.12,11.22,
2009-01-22,11.43,11.47,
2009-01-23,11.28,11.4,
2009-01-24,,,
2009-01-25,,,
2009-01-26,11.65,11.78,
2009-01-27,11.54,11.63,
2009-01-28,11.45,11.44,
2009-01-29,11.57,11.61,
2009-01-30,11.49,11.57,
2009-01-31,,,
2009-02-01,,,
2009-02-02,11.18,11.01,
2009-02-03,10.35,10.36,
2009-02-04,10.13,10.18,
2009-02-05,9.9,9.97,
2009-02-06,9.85,9.87,
2009-02-07,,,
2009-02-08,,,
2009-02-09,9.8,9.91,
2009-02-10,9.08,9.17,
2009-02-11,8.45,8.35,
2009-02-12,7.98,8.06,
2009-02-13,8.35,8.45,
2009-02-14,,,
2009-02-15,,,
2009-02-16,8.18,8.27,
2009-02-17,8.5,8.48,
2009-02-18,9.39,9.52,
2009-02-19,10.4,10.6,
2009-02-20,9.74,9.76,
2009-02-21,,,
2009-02-22,,,
2009-02-23,9.44,9.44,
2009-02-24,9.15,9.19,
2009-02-25,9.51,9.57,
2009-02-26,10.37,10.43,
2009-02-27,9.95,9.96,
2009-02-28,,,
2009-03-01,,,
2009-03-02,9.85,9.95,
2009-03-03,10.76,10.8,
2009-03-04,11.4,11.47,
2009-03-05,11.05,11.11,
2009-03-06,10.65,10.65,
2009-03-07,,,
2009-03-08,,,
2009-03-09,11.35,11.49,
2009-03-10,11.75,11.78,
2009-03-11,11.42,11.49,
2009-03-12,11.55,11.6,
2009-03-13,11.9,12.05,
2009-03-14,,,
2009-03-15,,,
2009-03-16,12.15,12.28,
2009-03-17,12.52,12.65,
2009-03-18,12.05,11.97,
2009-03-19,11.32,11.37,
2009-03-20,10.9,10.96,
2009-03-21,,,
2009-03-22,,,
2009-03-23,11.51,11.62,
2009-03-24,10.85,10.96,
2009-03-25,10.15,10.3,
2009-03-26,10.48,10.62,
2009-03-27,10.7,10.9,
2009-03-28,,,
2009-03-29,,,
2009-03-30,10.83,10.89,
2009-03-31,11.26,11.45,
2009-04-01,11.74,11.9,
2009-04-02,11.75,11.79,
2009-04-03,12.2,12.18,
2009-04-04,,,
2009-04-05,,,
2009-04-06,12.48,12.38,
2009-04-07,12.07,12.12,
2009-04-08,12.35,12.56,
2009-04-09,12.97,13.06,
2009-04-10,12.97,,
2009-04-11,,,
2009-04-12,,,
2009-04-13,12.97,,
2009-04-14,13.78,13.9,
2009-04-15,13.4,13.55,
2009-04-16,13.5,13.67,
2009-04-17,13.51,13.6,
2009-04-18,,,
2009-04-19,,,
2009-04-20,12.8,12.87,
2009-04-21,12.6,12.95,
2009-04-22,13.22,13.32,
2009-04-23,13.17,13.2,
2009-04-24,13.3,13.5,
2009-04-25,,,
2009-04-26,,,
2009-04-27,13.15,13.29,
2009-04-28,13.11,13.17,
2009-04-29,13.32,13.46,
2009-04-30,13.85,13.92,
2009-05-01,13.85,14.15,
2009-05-02,,,
2009-05-03,,,
2009-05-04,14.4,14.51,
2009-05-05,13.78,13.9,
2009-05-06,14.19,14.27,
2009-05-07,14.47,14.58,
2009-05-08,15.14,15.23,
2009-05-09,,,
2009-05-10,,,
2009-05-11,15.41,15.63,
2009-05-12,14.64,14.87,
2009-05-13,14.29,14.45,
2009-05-14,14.04,14.16,
2009-05-15,14.04,13.81,
2009-05-16,,,
2009-05-17,,,
2009-05-18,14,14.09,
2009-05-19,14.25,14.34,
2009-05-20,14.82,14.96,
2009-05-21,14.82,14.75,
2009-05-22,14.81,14.89,
2009-05-23,,,
2009-05-24,,,
2009-05-25,14.85,14.89,
2009-05-26,14.69,14.74,
2009-05-27,14.96,14.95,
2009-05-28,14.81,14.92,
2009-05-29,14.55,14.65,
2009-05-30,,,
2009-05-31,,,
2009-06-01,14.55,14.93,
2009-06-02,14.61,14.71,
2009-06-03,13.96,14.1,
2009-06-04,13.86,14.01,
2009-06-05,13.71,13.89,
2009-06-06,,,
2009-06-07,,,
2009-06-08,12.97,13.13,
2009-06-09,12.86,12.99,
2009-06-10,12.95,13.12,
2009-06-11,13.05,13.22,
2009-06-12,12.7,12.85,
2009-06-13,,,
2009-06-14,,,
2009-06-15,12.11,12.19,
2009-06-16,12.61,12.76,
2009-06-17,12.65,12.73,
2009-06-18,12.62,12.68,
2009-06-19,13.02,13.15,
2009-06-20,,,
2009-06-21,,,
2009-06-22,12.71,12.78,
2009-06-23,12.8,12.85,
2009-06-24,13.18,13.15,
2009-06-25,13.22,13.32,
2009-06-26,13.29,13.25,
2009-06-27,,,
2009-06-28,,,
2009-06-29,13.3,13.41,
2009-06-30,13.13,13.15,
2009-07-01,13.04,13.13,
2009-07-02,12.86,13.02,
2009-07-03,12.85,12.96,
2009-07-04,,,
2009-07-05,,,
2009-07-06,12.82,12.98,
2009-07-07,12.89,13.1,
2009-07-08,13.17,13.35,
2009-07-09,13.49,13.73,
2009-07-10,13.85,13.93,
2009-07-11,,,
2009-07-12,,,
2009-07-13,14.31,14.61,
2009-07-14,13.94,14.19,
2009-07-15,14.35,14.45,
2009-07-16,14.44,14.47,
2009-07-17,13.98,14.02,
2009-07-18,,,
2009-07-19,,,
2009-07-20,14.05,14.09,
2009-07-21,14.38,14.44,
2009-07-22,14.17,14.35,
2009-07-23,14.22,14.39,
2009-07-24,14.25,14.27,
2009-07-25,,,
2009-07-26,,,
2009-07-27,14.1,14.08,
2009-07-28,13.8,13.74,
2009-07-29,13.56,13.56,
2009-07-30,13.8,13.67,
2009-07-31,13.75,13.66,
2009-08-01,,,
2009-08-02,,,
2009-08-03,14.25,14.37,
2009-08-04,14.45,14.54,
2009-08-05,14.31,14.28,
2009-08-06,14.3,14.3,
2009-08-07,14.11,14.26,
2009-08-08,,,
2009-08-09,,,
2009-08-10,14.11,14.13,
2009-08-11,14.12,14.09,
2009-08-12,14.24,14.29,
2009-08-13,14.24,14.28,
2009-08-14,14.33,14.32,
2009-08-15,,,
2009-08-16,,,
2009-08-17,14.34,14.43,
2009-08-18,14.6,14.71,
2009-08-19,14.79,14.86,
2009-08-20,15.1,15.07,
2009-08-21,15.21,15.32,
2009-08-22,,,
2009-08-23,,,
2009-08-24,15.18,15.14,
2009-08-25,15.08,15.15,
2009-08-26,15.1,15.14,
2009-08-27,15.03,15.1,
2009-08-28,15.11,15.13,
2009-08-29,,,
2009-08-30,,,
2009-08-31,14.85,14.89,
2009-09-01,14.73,14.77,
2009-09-02,14.81,14.99,
2009-09-03,15.24,15.32,
2009-09-04,15.22,15.18,
2009-09-05,,,
2009-09-06,,,
2009-09-07,15.22,15.29,
2009-09-08,15.41,15.42,
2009-09-09,15.1,15.12,
2009-09-10,15.06,15.05,
2009-09-11,14.48,14.53,
2009-09-12,,,
2009-09-13,,,
2009-09-14,13.93,13.86,
2009-09-15,14.14,14.23,
2009-09-16,14.12,14.01,
2009-09-17,13.6,13.56,
2009-09-18,13.5,13.6,
2009-09-19,,,
2009-09-20,,,
2009-09-21,13.76,13.9,
2009-09-22,13.71,13.67,
2009-09-23,13.22,13.29,
2009-09-24,12.72,12.75,
2009-09-25,13.02,13.06,
2009-09-26,,,
2009-09-27,,,
2009-09-28,13.28,13.44,
2009-09-29,13.07,13.1,
2009-09-30,13.14,13.36,
2009-10-01,13.22,13.22,
2009-10-02,13,13.05,
2009-10-03,,,
2009-10-04,,,
2009-10-05,13.09,13.12,
2009-10-06,13.66,13.73,
2009-10-07,13.66,13.61,
2009-10-08,13.34,13.42,
2009-10-09,13.65,13.78,
2009-10-10,,,
2009-10-11,,,
2009-10-12,14.26,14.28,
2009-10-13,14.31,14.32,
2009-10-14,14.47,14.44,
2009-10-15,14.23,14.22,
2009-10-16,14.01,14.14,
2009-10-17,,,
2009-10-18,,,
2009-10-19,14.14,14.44,
2009-10-20,14.54,14.58,
2009-10-21,14.93,14.97,
2009-10-22,14.64,14.46,
2009-10-23,14.34,14.39,
2009-10-24,,,
2009-10-25,,,
2009-10-26,14.4,14.34,
2009-10-27,14.33,14.26,
2009-10-28,14.25,14.24,
2009-10-29,14.63,14.75,
2009-10-30,14.5,14.54,
2009-10-31,,,
2009-11-01,,,
2009-11-02,14.47,14.54,
2009-11-03,14.33,14.39,
2009-11-04,14.4,14.36,
2009-11-05,14.39,14.37,
2009-11-06,14.12,13.97,
2009-11-07,,,
2009-11-08,,,
2009-11-09,13.77,13.87,
2009-11-10,13.88,13.72,
2009-11-11,13.62,13.52,
2009-11-12,13.2,13.31,
2009-11-13,13.34,13.41,
2009-11-14,,,
2009-11-15,,,
2009-11-16,13.66,13.74,
2009-11-17,13.44,13.35,
2009-11-18,13.38,13.5,
2009-11-19,13.33,13.39,
2009-11-20,13.07,13.07,
2009-11-21,,,
2009-11-22,,,
2009-11-23,13.1,13.1,
2009-11-24,12.58,12.63,
2009-11-25,12.77,12.88,
2009-11-26,13,12.93,
2009-11-27,13.06,13.18,
2009-11-28,,,
2009-11-29,,,
2009-11-30,13.14,13.14,
2009-12-01,13.47,13.49,
2009-12-02,13.58,13.57,
2009-12-03,13.88,13.85,
2009-12-04,14.06,14.12,
2009-12-05,,,
2009-12-06,,,
2009-12-07,14.48,14.76,
2009-12-08,14.2,14.09,
2009-12-09,14.06,14.17,
2009-12-10,14.14,14.17,
2009-12-11,14.36,14.36,
2009-12-12,,,
2009-12-13,,,
2009-12-14,14.44,14.37,
2009-12-15,14.47,14.47,
2009-12-16,14.22,14.17,
2009-12-17,13.38,13.41,
2009-12-18,13.4,13.39,
2009-12-19,,,
2009-12-20,,,
2009-12-21,12.22,12.25,
2009-12-22,12.39,12.49,
2009-12-23,12.58,12.78,
2009-12-24,12.58,12.55,
2009-12-25,12.58,,
2009-12-26,,,
2009-12-27,,,
2009-12-28,12.5,,
2009-12-29,12.31,12.44,
2009-12-30,12.36,12.45,
2009-12-31,12.36,12.31,
2010-01-01,12.36,,
2010-01-02,,,
2010-01-03,,,
2010-01-04,12.87,12.91,
2010-01-05,12.55,12.52,
2010-01-06,12.19,12.22,
2010-01-07,12.39,12.57,
2010-01-08,12.72,12.82,
2010-01-09,,,
2010-01-10,,,
2010-01-11,13.02,13,
2010-01-12,12.8,12.71,
2010-01-13,12.65,12.94,
2010-01-14,13.26,13.44,
2010-01-15,13.08,13.23,
2010-01-16,,,
2010-01-17,,,
2010-01-18,13.33,13.55,
2010-01-19,13.41,13.63,
2010-01-20,13.2,13.21,
2010-01-21,13.09,13.07,
2010-01-22,12.94,12.97,
2010-01-23,,,
2010-01-24,,,
2010-01-25,13.16,13.28,
2010-01-26,13.36,13.46,
2010-01-27,13.3,13.25,
2010-01-28,12.98,12.99,
2010-01-29,12.87,12.71,
2010-01-30,,,
2010-01-31,,,
2010-02-01,12.7,12.57,
2010-02-02,12.54,12.59,
2010-02-03,12.66,12.59,
2010-02-04,12.92,13.06,
2010-02-05,13.17,13.11,
2010-02-06,,,
2010-02-07,,,
2010-02-08,13.42,13.6,
2010-02-09,13.41,13.41,
2010-02-10,13.15,13.12,
2010-02-11,13.01,13.06,
2010-02-12,12.83,12.82,
2010-02-13,,,
2010-02-14,,,
2010-02-15,12.91,13,
2010-02-16,13.14,13.16,
2010-02-17,12.94,12.79,
2010-02-18,12.71,12.83,
2010-02-19,12.48,12.36,
2010-02-20,,,
2010-02-21,,,
2010-02-22,12.6,12.63,
2010-02-23,12.59,12.58,
2010-02-24,12.88,12.92,
2010-02-25,12.77,12.76,
2010-02-26,12.83,12.86,
2010-02-27,,,
2010-02-28,,,
2010-03-01,13.08,13.19,
2010-03-02,13.15,13.16,
2010-03-03,13.32,13.4,
2010-03-04,13.13,12.98,
2010-03-05,13.08,13.16,
2010-03-06,,,
2010-03-07,,,
2010-03-08,13.04,12.96,
2010-03-09,12.96,12.99,
2010-03-10,13.09,13.09,
2010-03-11,12.79,12.85,
2010-03-12,12.7,12.76,
2010-03-13,,,
2010-03-14,,,
2010-03-15,12.85,12.92,
2010-03-16,12.91,12.84,
2010-03-17,12.86,12.88,
2010-03-18,12.96,12.95,
2010-03-19,12.96,12.96,
2010-03-20,,,
2010-03-21,,,
2010-03-22,13,12.97,
2010-03-23,12.74,12.79,
2010-03-24,12.5,12.67,
2010-03-25,12.52,12.55,
2010-03-26,12.69,12.81,
2010-03-27,,,
2010-03-28,,,
2010-03-29,12.69,12.67,
2010-03-30,12.59,12.73,
2010-03-31,12.69,12.71,
2010-04-01,12.82,12.98,
2010-04-02,12.82,,
2010-04-03,,,
2010-04-04,,,
2010-04-05,12.82,12.98,
2010-04-06,13.17,13.33,
2010-04-07,13.33,13.42,
2010-04-08,13.44,13.45,
2010-04-09,13.51,13.59,
2010-04-10,,,
2010-04-11,,,
2010-04-12,13.45,13.6,
2010-04-13,13.45,13.59,
2010-04-14,13.95,14.11,
2010-04-15,14.01,14.04,
2010-04-16,14.33,14.31,
2010-04-17,,,
2010-04-18,,,
2010-04-19,14.51,14.47,
2010-04-20,14.59,14.63,
2010-04-21,14.53,14.57,
2010-04-22,14.56,14.57,
2010-04-23,14.61,14.85,
2010-04-24,,,
2010-04-25,,,
2010-04-26,15.36,15.49,
2010-04-27,15.44,15.15,
2010-04-28,14.92,14.88,
2010-04-29,15.31,15.25,
2010-04-30,15.59,15.84,
2010-05-01,,,
2010-05-02,,,
2010-05-03,16.28,16.42,
2010-05-04,15.79,15.82,
2010-05-05,15.56,15.88,
2010-05-06,16.05,16.07,
2010-05-07,15.58,15.42,
2010-05-08,,,
2010-05-09,,,
2010-05-10,15.28,15.14,
2010-05-11,15.27,15.57,
2010-05-12,15.61,15.62,
2010-05-13,15.61,15.73,
2010-05-14,15.71,15.56,
2010-05-15,,,
2010-05-16,,,
2010-05-17,14.93,15.01,
2010-05-18,15.11,15.2,
2010-05-19,14.86,14.63,
2010-05-20,14.27,14.61,
2010-05-21,14.42,14.76,
2010-05-22,,,
2010-05-23,,,
2010-05-24,14.42,15.33,
2010-05-25,14.96,15.11,
2010-05-26,15.36,15.61,
2010-05-27,15.39,15.4,
2010-05-28,15,15.02,
2010-05-29,,,
2010-05-30,,,
2010-05-31,14.95,15.02,
2010-06-01,14.91,15.05,
2010-06-02,15.07,15.18,
2010-06-03,15.11,15.17,
2010-06-04,15.2,15.25,
2010-06-05,,,
2010-06-06,,,
2010-06-07,15.01,15.13,
2010-06-08,15.35,15.6,
2010-06-09,15.67,15.67,
2010-06-10,15.48,15.37,
2010-06-11,15.47,15.53,
2010-06-12,,,
2010-06-13,,,
2010-06-14,15.7,15.76,
2010-06-15,15.71,15.64,
2010-06-16,15.52,15.42,
2010-06-17,15.47,15.56,
2010-06-18,15.68,15.62,
2010-06-19,,,
2010-06-20,,,
2010-06-21,15.69,15.7,
2010-06-22,15.27,15.2,
2010-06-23,15.23,15.23,
2010-06-24,15.21,15.11,
2010-06-25,15.14,15.28,
2010-06-26,,,
2010-06-27,,,
2010-06-28,15.26,15.29,
2010-06-29,15.05,15.15,
2010-06-30,15.08,15.19,
2010-07-01,15.09,15.18,
2010-07-02,15.17,15.29,
2010-07-03,,,
2010-07-04,,,
2010-07-05,15.11,15.29,
2010-07-06,15.14,15.08,
2010-07-07,14.8,14.74,
2010-07-08,14.44,14.29,
2010-07-09,14.6,14.55,
2010-07-10,,,
2010-07-11,,,
2010-07-12,14.05,13.99,
2010-07-13,13.94,13.77,
2010-07-14,13.6,13.94,
2010-07-15,13.79,13.88,
2010-07-16,14.28,14.19,
2010-07-17,,,
2010-07-18,,,
2010-07-19,14.33,14.48,
2010-07-20,14.19,14.16,
2010-07-21,13.85,13.87,
2010-07-22,14.09,14.18,
2010-07-23,14.04,13.94,
2010-07-24,,,
2010-07-25,,,
2010-07-26,13.66,13.46,
2010-07-27,13.48,13.65,
2010-07-28,13.58,13.7,
2010-07-29,13.92,13.95,
2010-07-30,13.96,14.08,
2010-07-31,,,
2010-08-01,,,
2010-08-02,14.29,14.43,
2010-08-03,14.34,14.37,
2010-08-04,14.26,14.27,
2010-08-05,14.26,14.28,
2010-08-06,14.11,14.17,
2010-08-07,,,
2010-08-08,,,
2010-08-09,14.32,14.51,
2010-08-10,14.38,14.44,
2010-08-11,14.33,14.34,
2010-08-12,14.23,14.36,
2010-08-13,14.4,14.42,
2010-08-14,,,
2010-08-15,,,
2010-08-16,14.31,14.34,
2010-08-17,14.39,14.42,
2010-08-18,14.27,14.33,
2010-08-19,14.61,14.85,
2010-08-20,14.94,15,
2010-08-21,,,
2010-08-22,,,
2010-08-23,14.84,14.76,
2010-08-24,14.77,14.9,
2010-08-25,15.23,15.32,
2010-08-26,15.27,15.18,
2010-08-27,15.18,15.22,
2010-08-28,,,
2010-08-29,,,
2010-08-30,15.3,15.39,
2010-08-31,15.26,15.22,
2010-09-01,15.27,15.34,
2010-09-02,15.66,15.73,
2010-09-03,15.63,15.69,
2010-09-04,,,
2010-09-05,,,
2010-09-06,15.67,15.67,
2010-09-07,15.64,15.69,
2010-09-08,15.61,15.56,
2010-09-09,15.46,15.46,
2010-09-10,15.13,15.23,
2010-09-11,,,
2010-09-12,,,
2010-09-13,15.31,15.25,
2010-09-14,15.18,15.22,
2010-09-15,15.32,15.37,
2010-09-16,15.17,15.21,
2010-09-17,15.2,15.26,
2010-09-18,,,
2010-09-19,,,
2010-09-20,15,14.97,
2010-09-21,14.78,14.87,
2010-09-22,14.93,14.99,
2010-09-23,14.82,14.83,
2010-09-24,15.19,15.23,
2010-09-25,,,
2010-09-26,,,
2010-09-27,15.27,15.32,
2010-09-28,15.57,15.67,
2010-09-29,15.57,15.65,
2010-09-30,15.45,15.41,
2010-10-01,15.22,15.36,
2010-10-02,,,
2010-10-03,,,
2010-10-04,15.23,15.27,
2010-10-05,15.44,15.57,
2010-10-06,15.51,15.57,
2010-10-07,15.43,15.47,
2010-10-08,15.52,15.57,
2010-10-09,,,
2010-10-10,,,
2010-10-11,15.67,15.84,
2010-10-12,15.65,15.75,
2010-10-13,15.68,15.63,
2010-10-14,15.48,15.54,
2010-10-15,15.44,15.45,
2010-10-16,,,
2010-10-17,,,
2010-10-18,15.27,15.38,
2010-10-19,15.12,15.03,
2010-10-20,15.01,15.15,
2010-10-21,14.98,14.86,
2010-10-22,14.91,15.07,
2010-10-23,,,
2010-10-24,,,
2010-10-25,15.15,15.16,
2010-10-26,15.01,15,
2010-10-27,15,15.1,
2010-10-28,14.86,14.91,
2010-10-29,14.63,14.63,
2010-10-30,,,
2010-10-31,,,
2010-11-01,14.62,14.69,
2010-11-02,14.65,14.71,
2010-11-03,14.76,14.69,
2010-11-04,14.41,14.38,
2010-11-05,14.43,14.51,
2010-11-06,,,
2010-11-07,,,
2010-11-08,14.19,14.24,
2010-11-09,14.26,14.3,
2010-11-10,14.49,14.49,
2010-11-11,14.78,14.84,
2010-11-12,14.91,14.9,
2010-11-13,,,
2010-11-14,,,
2010-11-15,15.05,15.11,
2010-11-16,14.68,14.63,
2010-11-17,14.89,14.88,
2010-11-18,14.98,14.94,
2010-11-19,14.9,14.96,
2010-11-20,,,
2010-11-21,,,
2010-11-22,15.06,15.08,
2010-11-23,14.95,15.02,
2010-11-24,15.15,15.15,
2010-11-25,15.08,15.08,
2010-11-26,15.02,15.08,
2010-11-27,,,
2010-11-28,,,
2010-11-29,14.96,14.95,
2010-11-30,14.66,14.76,
2010-12-01,14.84,14.84,
2010-12-02,14.82,14.67,
2010-12-03,14.68,14.75,
2010-12-04,,,
2010-12-05,,,
2010-12-06,14.81,14.87,
2010-12-07,14.73,14.79,
2010-12-08,14.63,14.67,
2010-12-09,14.53,14.53,
2010-12-10,14.51,14.59,
2010-12-11,,,
2010-12-12,,,
2010-12-13,14.51,14.53,
2010-12-14,14.42,14.46,
2010-12-15,14.24,14.34,
2010-12-16,14.27,14.26,
2010-12-17,13.96,13.98,
2010-12-18,,,
2010-12-19,,,
2010-12-20,13.72,13.9,
2010-12-21,13.85,13.96,
2010-12-22,13.96,14.1,
2010-12-23,13.78,13.86,
2010-12-24,13.78,13.87,
2010-12-25,,,
2010-12-26,,,
2010-12-27,13.65,13.87,
2010-12-28,13.7,13.87,
2010-12-29,13.86,14.06,
2010-12-30,13.8,13.94,
2010-12-31,13.8,14.02,
2011-01-01,,,
2011-01-02,,,
2011-01-03,13.8,14.02,
2011-01-04,14.05,14.21,
2011-01-05,14.19,14.31,
2011-01-06,14.4,14.47,
2011-01-07,14.34,14.41,
2011-01-08,,,
2011-01-09,,,
2011-01-10,14.13,14.01,
2011-01-11,13.99,14.09,
2011-01-12,13.89,14.03,
2011-01-13,13.99,14.06,
2011-01-14,14.08,14.27,
2011-01-15,,,
2011-01-16,,,
2011-01-17,14.23,14.34,
2011-01-18,14.27,14.39,
2011-01-19,14.21,14.16,
2011-01-20,14.11,14.15,
2011-01-21,14.19,14.26,
2011-01-22,,,
2011-01-23,,,
2011-01-24,14.3,14.37,
2011-01-25,14.39,14.68,
2011-01-26,14.73,14.69,
2011-01-27,14.42,14.51,
2011-01-28,14.42,14.54,
2011-01-29,,,
2011-01-30,,,
2011-01-31,14.57,14.76,
2011-02-01,14.51,14.64,
2011-02-02,14.7,14.76,
2011-02-03,14.43,14.47,
2011-02-04,14.35,14.49,
2011-02-05,,,
2011-02-06,,,
2011-02-07,14.28,14.42,
2011-02-08,14.44,14.49,
2011-02-09,14.45,14.46,
2011-02-10,14.4,14.47,
2011-02-11,14.48,14.67,
2011-02-12,,,
2011-02-13,,,
2011-02-14,14.45,14.67,
2011-02-15,14.46,14.57,
2011-02-16,14.51,14.46,
2011-02-17,14.58,14.59,
2011-02-18,14.7,14.63,
2011-02-19,,,
2011-02-20,,,
2011-02-21,14.74,15.04,
2011-02-22,14.99,15.02,
2011-02-23,14.9,14.96,
2011-02-24,14.95,15.05,
2011-02-25,14.98,15.21,
2011-02-26,,,
2011-02-27,,,
2011-02-28,15.03,15.3,
2011-03-01,14.95,15.28,
2011-03-02,15.1,15.2,
2011-03-03,14.85,15.17,
2011-03-04,15.44,15.5,
2011-03-05,,,
2011-03-06,,,
2011-03-07,14.9,15.39,
2011-03-08,14.9,15.31,
2011-03-09,14.9,15.36,
2011-03-10,15.43,15.3,
2011-03-11,15.42,15.3,
2011-03-12,,,
2011-03-13,,,
2011-03-14,15.03,16.02,
2011-03-15,16.3,16.67,
2011-03-16,16.4,16.71,
2011-03-17,16.23,16.28,
2011-03-18,16.1,16.76,
2011-03-19,,,
2011-03-20,,,
2011-03-21,16.1,16.35,
2011-03-22,16.1,16.42,
2011-03-23,16.25,16.42,
2011-03-24,16.05,16.06,
2011-03-25,16.4,16.33,
2011-03-26,,,
2011-03-27,,,
2011-03-28,16.55,16.79,
2011-03-29,16.4,16.69,
2011-03-30,16.2,16.66,
2011-03-31,16.45,16.88,
2011-04-01,16.83,16.75,
2011-04-02,,,
2011-04-03,,,
2011-04-04,16.59,16.83,
2011-04-05,16.28,16.62,
2011-04-06,16.43,16.74,
2011-04-07,16.45,16.58,
2011-04-08,16.43,16.6,
2011-04-09,,,
2011-04-10,,,
2011-04-11,16.18,16.36,
2011-04-12,16.15,16.2,
2011-04-13,16.03,16.25,
2011-04-14,16.1,16.38,
2011-04-15,16.45,16.69,
2011-04-16,,,
2011-04-17,,,
2011-04-18,16.17,16.3,
2011-04-19,16.11,16.41,
2011-04-20,16.2,16.62,
2011-04-21,16.21,16.5,
2011-04-22,16.21,,
2011-04-23,,,
2011-04-24,,,
2011-04-25,16.21,16.5,
2011-04-26,16.1,16.52,
2011-04-27,16.23,16.61,
2011-04-28,16.49,16.77,
2011-04-29,16.39,16.7,
2011-04-30,,,
2011-05-01,,,
2011-05-02,16.5,17.03,
2011-05-03,16.7,16.81,
2011-05-04,16.73,16.7,
2011-05-05,16.69,16.58,
2011-05-06,16.45,16.66,
2011-05-07,,,
2011-05-08,,,
2011-05-09,16.6,16.63,
2011-05-10,16.59,16.56,
2011-05-11,16.57,16.44,
2011-05-12,16.41,16.52,
2011-05-13,16.46,16.38,
2011-05-14,,,
2011-05-15,,,
2011-05-16,16.4,16.55,
2011-05-17,16.43,16.3,
2011-05-18,16.17,16.25,
2011-05-19,16.18,16.17,
2011-05-20,16.03,16.07,
2011-05-21,,,
2011-05-22,,,
2011-05-23,15.88,15.85,
2011-05-24,15.98,16.05,
2011-05-25,15.85,16.05,
2011-05-26,16.02,16.05,
2011-05-27,16.41,16.6,
2011-05-28,,,
2011-05-29,,,
2011-05-30,16.83,16.6,
2011-05-31,16.84,16.69,
2011-06-01,16.63,16.51,
2011-06-02,16.63,16.46,
2011-06-03,16.51,16.53,
2011-06-04,,,
2011-06-05,,,
2011-06-06,16.45,16.39,
2011-06-07,16.38,16.35,
2011-06-08,16.22,16.21,
2011-06-09,16.37,16.38,
2011-06-10,16.31,16.37,
2011-06-11,,,
2011-06-12,,,
2011-06-13,16.31,16.4,
2011-06-14,16.15,16.21,
2011-06-15,16.03,15.98,
2011-06-16,15.83,15.82,
2011-06-17,15.34,15.4,
2011-06-18,,,
2011-06-19,,,
2011-06-20,14.98,15.02,
2011-06-21,14.54,14.55,
2011-06-22,14.53,14.54,
2011-06-23,13.25,13.15,
2011-06-24,12.35,12.07,
2011-06-25,,,
2011-06-26,,,
2011-06-27,12.82,12.76,
2011-06-28,13.36,13.36,
2011-06-29,13.03,12.91,
2011-06-30,13.3,13.43,
2011-07-01,13.13,13.18,
2011-07-02,,,
2011-07-03,,,
2011-07-04,13.17,13.31,
2011-07-05,13.4,13.44,
2011-07-06,13.08,13.07,
2011-07-07,12.87,12.89,
2011-07-08,12.5,12.58,
2011-07-09,,,
2011-07-10,,,
2011-07-11,11.89,11.97,
2011-07-12,12.24,12.28,
2011-07-13,11.84,11.87,
2011-07-14,12.15,12.19,
2011-07-15,12.27,12.31,
2011-07-16,,,
2011-07-17,,,
2011-07-18,12.04,12.13,
2011-07-19,12.18,12.28,
2011-07-20,12.56,12.69,
2011-07-21,12.92,13.01,
2011-07-22,12.78,12.89,
2011-07-23,,,
2011-07-24,,,
2011-07-25,12.74,12.83,
2011-07-26,12.68,12.76,
2011-07-27,12.25,12.3,
2011-07-28,12.33,12.39,
2011-07-29,12.09,12.12,
2011-07-30,,,
2011-07-31,,,
2011-08-01,11.9,11.9,
2011-08-02,11.55,11.63,
2011-08-03,11.24,11.32,
2011-08-04,11.17,11.18,
2011-08-05,10.76,10.59,
2011-08-06,,,
2011-08-07,,,
2011-08-08,10.57,10.63,
2011-08-09,11.22,11.32,
2011-08-10,11.43,11.49,
2011-08-11,12.1,12.15,
2011-08-12,12.28,12.35,
2011-08-13,,,
2011-08-14,,,
2011-08-15,12.34,12.36,
2011-08-16,12.19,12.27,
2011-08-17,12.64,12.69,
2011-08-18,12.18,12.23,
2011-08-19,12.32,12.38,
2011-08-20,,,
2011-08-21,,,
2011-08-22,12.4,12.45,
2011-08-23,12.7,12.8,
2011-08-24,13.02,13.05,
2011-08-25,12.84,12.89,
2011-08-26,13.02,13.06,
2011-08-27,,,
2011-08-28,,,
2011-08-29,13.05,13.19,
2011-08-30,13.25,13.38,
2011-08-31,12.81,12.84,
2011-09-01,12.71,12.8,
2011-09-02,12.42,12.51,
2011-09-03,,,
2011-09-04,,,
2011-09-05,12.26,12.29,
2011-09-06,12.04,12.09,
2011-09-07,12.29,12.34,
2011-09-08,12.15,12.16,
2011-09-09,11.76,11.79,
2011-09-10,,,
2011-09-11,,,
2011-09-12,11.76,11.81,
2011-09-13,11.89,11.94,
2011-09-14,12.06,12.13,
2011-09-15,12.23,12.28,
2011-09-16,12.01,12.06,
2011-09-17,,,
2011-09-18,,,
2011-09-19,11.7,11.72,
2011-09-20,11.78,11.82,
2011-09-21,11.69,11.72,
2011-09-22,11.24,11.25,
2011-09-23,11.3,11.27,
2011-09-24,,,
2011-09-25,,,
2011-09-26,10.75,10.81,
2011-09-27,10.71,10.82,
2011-09-28,10.39,10.5,
2011-09-29,10.81,10.93,
2011-09-30,10.61,10.74,
2011-10-01,,,
2011-10-02,,,
2011-10-03,10.61,10.17,
2011-10-04,10.03,10.1,
2011-10-05,10.12,10.23,
2011-10-06,10.4,10.47,
2011-10-07,10.37,10.46,
2011-10-08,,,
2011-10-09,,,
2011-10-10,10.64,10.72,
2011-10-11,10.6,10.67,
2011-10-12,10.63,10.7,
2011-10-13,10.21,10.3,
2011-10-14,10.32,10.41,
2011-10-15,,,
2011-10-16,,,
2011-10-17,10.27,10.34,
2011-10-18,10.22,10.3,
2011-10-19,9.95,10.02,
2011-10-20,10.11,10.19,
2011-10-21,10.3,10.36,
2011-10-22,,,
2011-10-23,,,
2011-10-24,10.45,10.54,
2011-10-25,10.34,10.41,
2011-10-26,10.06,10.12,
2011-10-27,10.35,10.43,
2011-10-28,10.34,10.42,
2011-10-29,,,
2011-10-30,,,
2011-10-31,10.11,10.17,
2011-11-01,9.84,9.87,
2011-11-02,9.45,9.49,
2011-11-03,9.63,9.69,
2011-11-04,9.36,9.42,
2011-11-05,,,
2011-11-06,,,
2011-11-07,9.74,9.95,
2011-11-08,10.03,10.1,
2011-11-09,9.83,9.89,
2011-11-10,9.68,9.82,
2011-11-11,10.07,10.12,
2011-11-12,,,
2011-11-13,,,
2011-11-14,10.03,10.06,
2011-11-15,10.05,10.03,
2011-11-16,9.84,9.87,
2011-11-17,9.64,9.65,
2011-11-18,9.31,9.35,
2011-11-19,,,
2011-11-20,,,
2011-11-21,8.88,8.9,
2011-11-22,9.07,9.1,
2011-11-23,8.43,8.44,
2011-11-24,7.86,7.89,
2011-11-25,7.72,7.71,
2011-11-26,,,
2011-11-27,,,
2011-11-28,7.96,7.99,
2011-11-29,7.86,7.98,
2011-11-30,8.31,8.35,
2011-12-01,7.97,7.93,
2011-12-02,7.8,7.82,
2011-12-03,,,
2011-12-04,,,
2011-12-05,7.4,7.31,
2011-12-06,7.4,7.32,
2011-12-07,7.18,7.21,
2011-12-08,7.66,7.64,
2011-12-09,7.81,7.84,
2011-12-10,,,
2011-12-11,,,
2011-12-12,7.5,7.54,
2011-12-13,7.05,7.03,
2011-12-14,6.5,6.45,
2011-12-15,6.78,6.77,
2011-12-16,6.8,6.75,
2011-12-17,,,
2011-12-18,,,
2011-12-19,7.05,6.98,
2011-12-20,8.5,8.6,
2011-12-21,7.96,8.04,
2011-12-22,7.66,7.77,
2011-12-23,7.67,7.91,
2011-12-24,,,
2011-12-25,,,
2011-12-26,7.67,,
2011-12-27,7.75,7.91,
2011-12-28,7.39,7.5,
2011-12-29,6.9,6.98,
2011-12-30,6.76,7.03,
2011-12-31,,,
2012-01-01,,,
2012-01-02,6.76,,
2012-01-03,6.26,6.32,6.31
2012-01-04,6.23,6.29,
2012-01-05,6.5,6.44,
2012-01-06,6.29,6.33,
2012-01-07,,,
2012-01-08,,,
2012-01-09,6.4,6.53,
2012-01-10,6.84,6.86,6.83
2012-01-11,6.77,6.77,
2012-01-12,6.9,6.94,
2012-01-13,6.73,6.75,
2012-01-14,,,
2012-01-15,,,
2012-01-16,6.46,6.49,
2012-01-17,6.47,6.5,6.68
2012-01-18,6.59,6.63,
2012-01-19,7.06,7.09,
2012-01-20,7.01,7.05,
2012-01-21,,,
2012-01-22,,,
2012-01-23,6.87,6.89,
2012-01-24,7.35,7.29,6.9
2012-01-25,7.38,7.37,
2012-01-26,7.42,7.52,7.46
2012-01-27,7.87,7.99,
2012-01-28,,,
2012-01-29,,,
2012-01-30,7.67,7.59,
2012-01-31,7.82,7.85,7.66
2012-02-01,8.25,8.27,
2012-02-02,8.53,8.54,
2012-02-03,8.3,8.3,
2012-02-04,,,
2012-02-05,,,
2012-02-06,8.5,8.5,
2012-02-07,8.53,8.54,8.42
2012-02-08,8.14,8.13,
2012-02-09,7.83,7.8,
2012-02-10,7.72,7.73,
2012-02-11,,,
2012-02-12,,,
2012-02-13,7.45,7.47,
2012-02-14,7.89,7.91,7.6
2012-02-15,8.15,8.16,
2012-02-16,8.79,8.78,
2012-02-17,9.05,9.05,
2012-02-18,,,
2012-02-19,,,
2012-02-20,8.53,8.55,
2012-02-21,8.97,8.97,8.58
2012-02-22,8.94,8.94,
2012-02-23,8.63,8.63,8.81
2012-02-24,9.19,9.2,
2012-02-25,,,
2012-02-26,,,
2012-02-27,9.31,9.28,
2012-02-28,8.84,8.8,9.17
2012-02-29,8.33,8.34,
2012-03-01,8.64,8.65,
2012-03-02,8.83,8.83,
2012-03-03,,,
2012-03-04,,,
2012-03-05,8.64,8.62,
2012-03-06,8.31,8.35,8.44
2012-03-07,8.36,8.4,
2012-03-08,8.22,8.25,
2012-03-09,7.88,7.9,
2012-03-10,,,
2012-03-11,,,
2012-03-12,7.64,7.66,
2012-03-13,7.6,7.62,7.65
2012-03-14,7.9,7.95,
2012-03-15,7.65,7.83,7.8
2012-03-16,7.59,7.6,
2012-03-17,,,
2012-03-18,,,
2012-03-19,7.59,7.62,
2012-03-20,7.17,7.02,7.25
2012-03-21,7.29,7.26,
2012-03-22,6.71,6.71,6.95
2012-03-23,6.87,6.87,
2012-03-24,,,
2012-03-25,,,
2012-03-26,6.83,6.84,
2012-03-27,7.12,7.17,6.9
2012-03-28,7.05,7.1,
2012-03-29,6.73,6.77,
2012-03-30,6.98,7.04,
2012-03-31,,,
2012-04-01,,,
2012-04-02,6.22,6.25,
2012-04-03,6.35,6.38,6
2012-04-04,6.06,6.11,
2012-04-05,6.68,6.71,
2012-04-06,6.68,,
2012-04-07,,,
2012-04-08,,,
2012-04-09,6.68,6.71,
2012-04-10,6.77,6.81,6.54
2012-04-11,6.93,6.95,
2012-04-12,7.06,7.09,
2012-04-13,7.15,7.15,
2012-04-14,,,
2012-04-15,,,
2012-04-16,6.79,6.84,
2012-04-17,7.05,7.1,6.97
2012-04-18,7.19,7.25,
2012-04-19,7.32,7.38,7.02
2012-04-20,7.32,7.37,
2012-04-21,,,
2012-04-22,,,
2012-04-23,7.07,7.12,
2012-04-24,7.09,7.12,7.06
2012-04-25,7.03,7.07,
2012-04-26,7.22,7.26,
2012-04-27,7.25,7.28,
2012-04-28,,,
2012-04-29,,,
2012-04-30,7.52,7.52,
2012-05-01,7.52,7.49,
2012-05-02,7.14,7.12,
2012-05-03,7.04,7.06,
2012-05-04,6.6,6.6,
2012-05-05,,,
2012-05-06,,,
2012-05-07,6.65,6.62,
2012-05-08,6.73,6.76,6.5
2012-05-09,6.67,6.7,
2012-05-10,6.66,6.67,
2012-05-11,6.75,6.75,
2012-05-12,,,
2012-05-13,,,
2012-05-14,6.59,6.59,
2012-05-15,6.45,6.48,6.49
2012-05-16,6.49,6.53,
2012-05-17,6.49,6.48,
2012-05-18,6.37,6.36,
2012-05-19,,,
2012-05-20,,,
2012-05-21,6.61,6.63,
2012-05-22,6.89,6.91,6.65
2012-05-23,6.69,6.71,
2012-05-24,6.79,6.81,
2012-05-25,6.81,6.82,
2012-05-26,,,
2012-05-27,,,
2012-05-28,6.81,6.71,
2012-05-29,6.53,6.54,6.55
2012-05-30,6.39,6.4,
2012-05-31,6.27,6.27,
2012-06-01,6.36,6.38,
2012-06-02,,,
2012-06-03,,,
2012-06-04,6.41,6.38,
2012-06-05,6.36,6.38,6.27
2012-06-06,6.35,6.36,
2012-06-07,6.35,6.45,
2012-06-08,6.47,6.6,
2012-06-09,,,
2012-06-10,,,
2012-06-11,6.57,6.62,
2012-06-12,6.63,6.65,6.54
2012-06-13,6.7,6.71,
2012-06-14,6.65,6.84,6.59
2012-06-15,6.65,7.23,
2012-06-16,,,
2012-06-17,,,
2012-06-18,7.32,7.33,
2012-06-19,7.5,7.5,7.39
2012-06-20,7.4,7.44,
2012-06-21,7.45,7.5,
2012-06-22,8.06,8.09,
2012-06-23,,,
2012-06-24,,,
2012-06-25,7.94,7.98,
2012-06-26,7.96,8.02,8
2012-06-27,7.88,7.93,
2012-06-28,7.89,7.95,
2012-06-29,8.19,8.24,
2012-06-30,,,
2012-07-01,,,
2012-07-02,8.03,8.11,
2012-07-03,8.24,8.3,8.11
2012-07-04,8.22,8.26,
2012-07-05,8.28,8.32,
2012-07-06,7.97,8.04,
2012-07-07,,,
2012-07-08,,,
2012-07-09,7.92,7.98,
2012-07-10,7.88,7.92,7.87
2012-07-11,7.83,7.87,
2012-07-12,7.61,7.63,
2012-07-13,7.56,7.63,
2012-07-14,,,
2012-07-15,,,
2012-07-16,7.48,7.55,
2012-07-17,7.63,7.65,7.68
2012-07-18,7.11,7.13,
2012-07-19,6.81,6.86,
2012-07-20,7.03,7.12,
2012-07-21,,,
2012-07-22,,,
2012-07-23,7.09,7.11,
2012-07-24,7.13,7.18,7.13
2012-07-25,6.79,6.84,
2012-07-26,6.93,6.96,
2012-07-27,6.85,6.9,
2012-07-28,,,
2012-07-29,,,
2012-07-30,6.54,6.57,
2012-07-31,6.88,6.9,6.64
2012-08-01,6.94,6.94,
2012-08-02,7.03,7.05,
2012-08-03,7.12,7.08,
2012-08-04,,,
2012-08-05,,,
2012-08-06,7.18,7.17,
2012-08-07,7.28,7.29,7.21
2012-08-08,7.18,7.21,
2012-08-09,7.14,7.12,
2012-08-10,7.18,7.18,
2012-08-11,,,
2012-08-12,,,
2012-08-13,7.44,7.47,
2012-08-14,7.59,7.63,7.51
2012-08-15,7.45,7.46,
2012-08-16,7.66,7.68,
2012-08-17,7.65,7.68,
2012-08-18,,,
2012-08-19,,,
2012-08-20,7.6,7.62,
2012-08-21,7.87,7.88,7.6
2012-08-22,7.98,7.99,
2012-08-23,8.11,8.12,
2012-08-24,8.12,8.13,
2012-08-25,,,
2012-08-26,,,
2012-08-27,8.11,8.1,
2012-08-28,7.91,7.93,8.25
2012-08-29,7.64,7.67,
2012-08-30,7.6,7.64,
2012-08-31,7.6,8.03,
2012-09-01,,,
2012-09-02,,,
2012-09-03,8.21,8.22,
2012-09-04,8.16,8.17,8.24
2012-09-05,8.21,8.2,
2012-09-06,8.21,8.21,
2012-09-07,8.28,8.33,
2012-09-08,,,
2012-09-09,,,
2012-09-10,7.85,7.79,
2012-09-11,7.7,7.7,7.72
2012-09-12,7.88,7.89,
2012-09-13,7.74,7.75,
2012-09-14,7.37,7.4,
2012-09-15,,,
2012-09-16,,,
2012-09-17,7.34,7.35,
2012-09-18,7.41,7.4,7.25
2012-09-19,7.5,7.52,
2012-09-20,7.63,7.63,
2012-09-21,7.39,7.41,
2012-09-22,,,
2012-09-23,,,
2012-09-24,7.2,7.22,
2012-09-25,7.41,7.48,7.21
2012-09-26,7.58,7.63,
2012-09-27,7.77,7.86,
2012-09-28,7.83,7.96,
2012-09-29,,,
2012-09-30,,,
2012-10-01,7.88,7.95,
2012-10-02,7.82,7.87,7.79
2012-10-03,7.82,7.59,
2012-10-04,7.58,7.64,
2012-10-05,7.74,7.81,
2012-10-06,,,
2012-10-07,,,
2012-10-08,7.88,7.92,
2012-10-09,7.83,7.89,7.85
2012-10-10,7.72,7.72,
2012-10-11,7.76,7.81,7.59
2012-10-12,7.77,7.83,
2012-10-13,,,
2012-10-14,,,
2012-10-15,7.65,7.69,
2012-10-16,7.95,8,7.76
2012-10-17,8.24,8.28,
2012-10-18,8.04,8.08,
2012-10-19,7.92,7.97,
2012-10-20,,,
2012-10-21,,,
2012-10-22,7.88,7.91,
2012-10-23,7.85,7.88,7.85
2012-10-24,7.66,7.67,
2012-10-25,7.65,7.69,
2012-10-26,7.85,7.89,7.54
2012-10-27,,,
2012-10-28,,,
2012-10-29,8.1,8.08,
2012-10-30,8.15,8.15,8.12
2012-10-31,8.22,8.24,
2012-11-01,8.04,8.05,
2012-11-02,8.12,8.11,7.96
2012-11-03,,,
2012-11-04,,,
2012-11-05,8.25,8.26,
2012-11-06,8.24,8.35,8.24
2012-11-07,8.18,8.23,
2012-11-08,8.24,8.28,
2012-11-09,8.31,8.33,8.2
2012-11-10,,,
2012-11-11,,,
2012-11-12,9.06,9.08,
2012-11-13,8.4,8.41,8.49
2012-11-14,7.92,7.92,
2012-11-15,7.14,7.13,7.3
2012-11-16,6.85,6.9,6.75
2012-11-17,,,
2012-11-18,,,
2012-11-19,6.69,6.71,
2012-11-20,6.7,6.74,6.47
2012-11-21,6.68,6.77,
2012-11-22,6.71,6.79,6.64
2012-11-23,6.95,7.01,6.75
2012-11-24,,,
2012-11-25,,,
2012-11-26,6.76,6.84,
2012-11-27,6.8,6.85,6.7
2012-11-28,6.76,6.83,
2012-11-29,6.52,6.58,6.68
2012-11-30,6.16,6.2,6.23
2012-12-01,,,
2012-12-02,,,
2012-12-03,5.93,5.95,
2012-12-04,5.7,5.72,5.82
2012-12-05,6.12,6.15,
2012-12-06,6.41,6.39,6.3
2012-12-07,6.7,6.78,6.42
2012-12-08,,,
2012-12-09,,,
2012-12-10,7.09,7.07,6.63
2012-12-11,6.78,6.84,6.91
2012-12-12,6.76,6.75,
2012-12-13,6.65,6.67,6.55
2012-12-14,6.53,6.57,6.57
2012-12-15,,,
2012-12-16,,,
2012-12-17,6.42,6.47,6.29
2012-12-18,6.68,6.75,6.45
2012-12-19,7.02,7.06,
2012-12-20,7.13,7.2,
2012-12-21,7.03,7.04,
2012-12-22,,,
2012-12-23,,,
2012-12-24,7.03,6.95,
2012-12-25,7.03,,
2012-12-26,7.03,6.95,
2012-12-27,6.88,6.87,
2012-12-28,6.53,6.53,
2012-12-29,,,
2012-12-30,,,
2012-12-31,6.53,6.48,
2013-01-01,6.53,,
2013-01-02,6.52,6.4,
2013-01-03,6.22,6.23,
2013-01-04,6.21,6.17,
2013-01-05,,,
2013-01-06,,,
2013-01-07,6.49,6.49,6.18
2013-01-08,6.29,6.3,6.35
2013-01-09,6.05,6.05,
2013-01-10,5.89,5.89,5.93
2013-01-11,5.73,5.75,5.75
2013-01-12,,,
2013-01-13,,,
2013-01-14,5.7,5.74,5.55
2013-01-15,5.89,5.91,5.77
2013-01-16,5.46,5.5,
2013-01-17,5.44,5.47,5.36
2013-01-18,4.97,4.98,
2013-01-19,,,
2013-01-20,,,
2013-01-21,4.79,4.83,4.7
2013-01-22,5.26,5.32,4.88
2013-01-23,4.55,4.53,
2013-01-24,4.26,4.23,4.58
2013-01-25,4.01,4.01,3.88
2013-01-26,,,
2013-01-27,,,
2013-01-28,4.07,4.08,3.9
2013-01-29,3.88,3.89,3.88
2013-01-30,3.7,3.7,
2013-01-31,3.4,3.33,3.43
2013-02-01,4.16,4.23,3.15
2013-02-02,,,
2013-02-03,,,
2013-02-04,4.49,4.21,4
2013-02-05,4.35,4.3,4.1
2013-02-06,4.07,4.07,
2013-02-07,4.1,4.09,4.24
2013-02-08,4.42,4.44,4.32
2013-02-09,,,
2013-02-10,,,
2013-02-11,4.38,4.37,4.19
2013-02-12,4.47,4.47,4.44
2013-02-13,5.11,5.11,
2013-02-14,5.16,5.13,5
2013-02-15,5.07,5.07,4.96
2013-02-16,,,
2013-02-17,,,
2013-02-18,5.02,4.99,5.14
2013-02-19,4.58,4.57,4.31
2013-02-20,4.85,4.86,
2013-02-21,5.19,5.18,4.68
2013-02-22,5.08,5.07,
2013-02-23,,,
2013-02-24,,,
2013-02-25,4.45,4.47,4.76
2013-02-26,4.2,4.2,4.29
2013-02-27,4.37,4.37,
2013-02-28,4.79,4.8,4.38
2013-03-01,4.58,4.57,4.64
2013-03-02,,,
2013-03-03,,,
2013-03-04,4.55,4.53,4.54
2013-03-05,4.13,4.14,4.34
2013-03-06,4.17,4.19,
2013-03-07,4.22,4.24,4.12
2013-03-08,4.18,4.18,4.15
2013-03-09,,,
2013-03-10,,,
2013-03-11,3.88,3.88,4.01
2013-03-12,3.69,3.66,3.66
2013-03-13,3.49,3.45,
2013-03-14,3.66,3.63,3.36
2013-03-15,3.71,3.71,3.47
2013-03-16,,,
2013-03-17,,,
2013-03-18,3.49,3.48,3.47
2013-03-19,3.43,3.47,3.32
2013-03-20,3.9,3.93,3.67
2013-03-21,4.4,4.38,4.06
2013-03-22,4.1,4.11,4.23
2013-03-23,,,
2013-03-24,,,
2013-03-25,4.43,4.44,4.1
2013-03-26,4.56,4.57,4.72
2013-03-27,4.89,4.9,
2013-03-28,4.92,4.76,4.72
2013-03-29,4.92,,
2013-03-30,,,
2013-03-31,,,
2013-04-01,4.92,4.76,
2013-04-02,4.83,4.9,4.4
2013-04-03,4.81,4.87,
2013-04-04,4.95,4.99,4.69
2013-04-05,5.11,5.13,5.05
2013-04-06,,,
2013-04-07,,,
2013-04-08,5.14,5.14,4.98
2013-04-09,4.72,4.73,4.9
2013-04-10,4.31,4.25,
2013-04-11,4.29,4.29,4.3
2013-04-12,4.71,4.71,4.4
2013-04-13,,,
2013-04-14,,,
2013-04-15,4.73,4.7,4.68
2013-04-16,3.14,3.05,4.67
2013-04-17,2.72,2.72,
2013-04-18,3.02,3.04,2.75
2013-04-19,3.12,3.13,3.1
2013-04-20,,,
2013-04-21,,,
2013-04-22,2.85,2.85,2.77
2013-04-23,3.02,3.05,2.76
2013-04-24,2.99,2.98,2.99
2013-04-25,2.93,2.92,2.95
2013-04-26,3.06,3.06,2.95
2013-04-27,,,
2013-04-28,,,
2013-04-29,3.29,3.27,3.04
2013-04-30,3.11,3.08,3.23
2013-05-01,3.11,2.87,
2013-05-02,3.04,3.04,2.9
2013-05-03,3.72,3.73,2.95
2013-05-04,,,
2013-05-05,,,
2013-05-06,3.84,3.86,3.65
2013-05-07,3.71,3.69,3.68
2013-05-08,3.47,3.44,
2013-05-09,3.47,3.74,
2013-05-10,3.32,3.33,3.52
2013-05-11,,,
2013-05-12,,,
2013-05-13,3.23,3.22,3.23
2013-05-14,3.47,3.47,3.23
2013-05-15,3.61,3.59,
2013-05-16,3.65,3.65,3.47
2013-05-17,3.51,3.49,3.55
2013-05-18,,,
2013-05-19,,,
2013-05-20,3.51,3.56,
2013-05-21,3.52,3.51,3.49
2013-05-22,3.3,3.28,
2013-05-23,3.37,3.36,3.2
2013-05-24,3.53,3.51,3.3
2013-05-25,,,
2013-05-26,,,
2013-05-27,3.46,3.45,3.41
2013-05-28,3.6,3.6,3.5
2013-05-29,3.73,3.7,
2013-05-30,3.76,3.77,3.65
2013-05-31,3.91,3.91,3.96
2013-06-01,,,
2013-06-02,,,
2013-06-03,3.89,3.87,3.8
2013-06-04,3.92,3.91,3.9
2013-06-05,3.89,3.86,
2013-06-06,3.96,3.95,3.9
2013-06-07,4.08,4.07,4.12
2013-06-08,,,
2013-06-09,,,
2013-06-10,4.02,4,4.14
2013-06-11,4.16,4.16,3.97
2013-06-12,4.47,4.46,
2013-06-13,4.39,4.38,4.55
2013-06-14,4.74,4.74,4.4
2013-06-15,,,
2013-06-16,,,
2013-06-17,4.54,4.55,4.65
2013-06-18,4.6,4.67,4.63
2013-06-19,4.33,4.35,
2013-06-20,4.35,4.4,4.3
2013-06-21,4.34,4.35,4.33
2013-06-22,,,
2013-06-23,,,
2013-06-24,4.11,4.09,4.19
2013-06-25,4.25,4.27,4.04
2013-06-26,4.38,4.41,
2013-06-27,4.4,4.42,4.31
2013-06-28,4.15,4.2,4.31
2013-06-29,,,
2013-06-30,,,
2013-07-01,4.21,4.23,4.06
2013-07-02,4.25,4.28,4.23
2013-07-03,4.66,4.68,
2013-07-04,4.53,4.54,4.55
2013-07-05,4.24,4.28,4.4
2013-07-06,,,
2013-07-07,,,
2013-07-08,4.21,4.23,4.16
2013-07-09,4.14,4.16,4.2
2013-07-10,4.02,4.04,
2013-07-11,4.09,4.08,4.06
2013-07-12,4.03,4.03,3.95
2013-07-13,,,
2013-07-14,,,
2013-07-15,4.01,4.04,3.99
2013-07-16,4.1,4.12,4.11
2013-07-17,4.12,4.12,
2013-07-18,4.11,4.12,4.1
2013-07-19,4.17,4.18,4.06
2013-07-20,,,
2013-07-21,,,
2013-07-22,4.2,4.2,4.1
2013-07-23,4.25,4.25,4.26
2013-07-24,4.27,4.29,
2013-07-25,4.28,4.29,4.3
2013-07-26,4.29,4.32,4.28
2013-07-27,,,
2013-07-28,,,
2013-07-29,4.3,4.32,4.24
2013-07-30,4.26,4.27,4.33
2013-07-31,4.3,4.32,
2013-08-01,4.31,4.33,4.36
2013-08-02,4.37,4.38,4.3
2013-08-03,,,
2013-08-04,,,
2013-08-05,4.4,4.41,4.4
2013-08-06,4.52,4.5,4.39
2013-08-07,4.47,4.44,
2013-08-08,4.51,4.51,4.43
2013-08-09,4.43,4.44,4.48
2013-08-10,,,
2013-08-11,,,
2013-08-12,4.29,4.31,4.4
2013-08-13,4.29,4.29,4.28
2013-08-14,4.33,4.35,
2013-08-15,4.33,4.35,
2013-08-16,4.34,4.35,4.33
2013-08-17,,,
2013-08-18,,,
2013-08-19,4.31,4.32,4.31
2013-08-20,4.33,4.34,4.28
2013-08-21,4.32,4.36,
2013-08-22,4.48,4.51,4.43
2013-08-23,4.41,4.42,4.49
2013-08-24,,,
2013-08-25,,,
2013-08-26,4.43,4.41,
2013-08-27,4.54,4.53,4.44
2013-08-28,4.59,4.59,
2013-08-29,4.58,4.58,4.57
2013-08-30,4.56,4.55,4.54
2013-08-31,,,
2013-09-01,,,
2013-09-02,4.49,4.49,4.49
2013-09-03,4.39,4.4,4.38
2013-09-04,4.53,4.54,
2013-09-05,4.95,4.95,4.75
2013-09-06,5.45,5.32,5.05
2013-09-07,,,
2013-09-08,,,
2013-09-09,5.29,5.3,5.38
2013-09-10,5.13,5.12,5.13
2013-09-11,5.25,5.25,
2013-09-12,5.58,5.61,5.3
2013-09-13,5.39,5.39,5.37
2013-09-14,,,
2013-09-15,,,
2013-09-16,5.46,5.46,5.42
2013-09-17,5.65,5.66,5.44
2013-09-18,5.5,5.52,
2013-09-19,5.33,5.35,5.4
2013-09-20,5.33,5.35,5.3
2013-09-21,,,
2013-09-22,,,
2013-09-23,5.4,5.41,5.37
2013-09-24,5.37,5.37,5.47
2013-09-25,5.37,5.37,
2013-09-26,5.46,5.46,5.33
2013-09-27,5.37,5.39,5.38
2013-09-28,,,
2013-09-29,,,
2013-09-30,5.01,5.02,5.15
2013-10-01,5.13,5.15,5.05
2013-10-02,5.26,5.28,
2013-10-03,5.26,5.2,
2013-10-04,5.07,5.11,5.12
2013-10-05,,,
2013-10-06,,,
2013-10-07,4.98,4.97,5.05
2013-10-08,4.85,4.87,4.88
2013-10-09,4.77,4.8,
2013-10-10,4.7,4.77,4.7
2013-10-11,4.58,4.62,4.58
2013-10-12,,,
2013-10-13,,,
2013-10-14,4.8,4.82,4.56
2013-10-15,4.94,4.96,5.07
2013-10-16,5.32,5.34,
2013-10-17,5.16,5.18,5.27
2013-10-18,5.11,5.13,5.14
2013-10-19,,,
2013-10-20,,,
2013-10-21,4.57,4.59,4.78
2013-10-22,4.68,4.71,4.64
2013-10-23,4.6,4.62,
2013-10-24,4.55,4.67,4.58
2013-10-25,4.96,5.01,4.61
2013-10-26,,,
2013-10-27,,,
2013-10-28,4.81,4.83,4.81
2013-10-29,5.07,5.09,4.78
2013-10-30,4.94,4.97,
2013-10-31,4.81,4.81,4.87
2013-11-01,4.58,4.62,4.63
2013-11-02,,,
2013-11-03,,,
2013-11-04,4.56,4.56,4.64
2013-11-05,4.76,4.8,4.7
2013-11-06,4.76,4.78,
2013-11-07,4.8,4.8,4.73
2013-11-08,4.47,4.49,4.78
2013-11-09,,,
2013-11-10,,,
2013-11-11,4.55,4.61,4.47
2013-11-12,4.6,4.65,4.57
2013-11-13,4.64,4.65,
2013-11-14,4.58,4.59,4.63
2013-11-15,4.5,4.5,4.46
2013-11-16,,,
2013-11-17,,,
2013-11-18,4.33,4.35,4.33
2013-11-19,4.41,4.42,4.44
2013-11-20,4.46,4.49,
2013-11-21,4.4,4.41,4.44
2013-11-22,4.4,4.43,4.48
2013-11-23,,,
2013-11-24,,,
2013-11-25,4.4,4.4,4.38
2013-11-26,4.46,4.49,4.41
2013-11-27,4.44,4.47,
2013-11-28,4.42,4.43,4.41
2013-11-29,4.34,4.36,4.36
2013-11-30,,,
2013-12-01,,,
2013-12-02,4.48,4.5,4.36
2013-12-03,4.48,4.48,4.47
2013-12-04,4.48,4.48,
2013-12-05,4.64,4.64,4.49
2013-12-06,4.78,4.79,4.7
2013-12-07,,,
2013-12-08,,,
2013-12-09,4.88,4.9,4.65
2013-12-10,5,5.02,4.8
2013-12-11,4.88,4.88,
2013-12-12,4.88,4.9,4.77
2013-12-13,4.78,4.8,4.84
2013-12-14,,,
2013-12-15,,,
2013-12-16,4.64,4.67,4.69
2013-12-17,4.88,4.91,4.7
2013-12-18,4.87,4.89,
2013-12-19,4.96,4.94,
2013-12-20,4.76,4.78,
2013-12-21,,,
2013-12-22,,,
2013-12-23,4.77,4.79,
2013-12-24,4.77,4.92,
2013-12-25,4.77,,
2013-12-26,4.77,4.92,
2013-12-27,4.91,4.94,
2013-12-28,,,
2013-12-29,,,
2013-12-30,4.91,4.93,
2013-12-31,4.91,4.86,
2014-01-01,4.91,,
2014-01-02,4.74,4.74,
2014-01-03,4.71,4.72,
2014-01-04,,,
2014-01-05,,,
2014-01-06,4.65,4.64,
2014-01-07,4.67,4.69,4.65
2014-01-08,4.6,4.58,4.69
2014-01-09,4.51,4.51,4.56
2014-01-10,4.5,4.53,4.45
2014-01-11,,,
2014-01-12,,,
2014-01-13,4.59,4.63,4.52
2014-01-14,4.82,4.83,4.73
2014-01-15,4.8,4.82,
2014-01-16,5.07,5.07,5.01
2014-01-17,5.07,5.07,5.04
2014-01-18,,,
2014-01-19,,,
2014-01-20,4.92,4.93,5.05
2014-01-21,5.02,5.04,4.93
2014-01-22,5.11,5.13,
2014-01-23,5.03,5.03,5.02
2014-01-24,5.25,5.26,4.97
2014-01-25,,,
2014-01-26,,,
2014-01-27,5.39,5.37,5.34
2014-01-28,5.51,5.52,5.47
2014-01-29,5.49,5.5,
2014-01-30,5.7,5.71,5.55
2014-01-31,5.55,5.52,5.6
2014-02-01,,,
2014-02-02,,,
2014-02-03,5.82,5.84,5.48
2014-02-04,5.81,5.82,5.93
2014-02-05,6.05,6.07,5.97
2014-02-06,6.44,6.44,6.01
2014-02-07,6.44,6.42,6.45
2014-02-08,,,
2014-02-09,,,
2014-02-10,6.39,6.4,6.34
2014-02-11,6.23,6.24,6.3
2014-02-12,6.34,6.35,
2014-02-13,6.38,6.38,6.21
2014-02-14,6.57,6.58,6.31
2014-02-15,,,
2014-02-16,,,
2014-02-17,6.78,6.8,6.7
2014-02-18,6.73,6.74,6.74
2014-02-19,6.9,6.91,
2014-02-20,6.99,6.98,6.92
2014-02-21,7.11,7.13,6.85
2014-02-22,,,
2014-02-23,,,
2014-02-24,6.98,7,7.1
2014-02-25,6.2,6.21,6.85
2014-02-26,6.49,6.48,
2014-02-27,6.5,6.5,6.47
2014-02-28,7.05,7.06,6.83
2014-03-01,,,
2014-03-02,,,
2014-03-03,6.58,6.61,6.97
2014-03-04,6.8,6.81,6.65
2014-03-05,6.77,6.77,6.89
2014-03-06,6.79,6.8,6.71
2014-03-07,6.91,6.9,6.72
2014-03-08,,,
2014-03-09,,,
2014-03-10,6.89,6.89,6.93
2014-03-11,6.82,6.82,6.81
2014-03-12,6.49,6.5,
2014-03-13,6.42,6.43,6.51
2014-03-14,6.3,6.29,6.19
2014-03-15,,,
2014-03-16,,,
2014-03-17,5.88,5.87,6.15
2014-03-18,5.78,5.75,6
2014-03-19,5.96,5.99,
2014-03-20,6,6.01,6
2014-03-21,6.17,6.18,6.1
2014-03-22,,,
2014-03-23,,,
2014-03-24,5.85,5.86,6.08
2014-03-25,5.85,5.85,5.8
2014-03-26,5.79,5.8,
2014-03-27,5.24,5.17,5.35
2014-03-28,4.35,4.34,5.1
2014-03-29,,,
2014-03-30,,,
2014-03-31,4.63,4.64,4.17
2014-04-01,5.04,5.06,4.9
2014-04-02,4.82,4.85,
2014-04-03,4.82,4.87,4.6
2014-04-04,4.69,4.7,4.75
2014-04-05,,,
2014-04-06,,,
2014-04-07,4.97,4.99,4.72
2014-04-08,4.86,4.87,5.03
2014-04-09,4.92,4.95,
2014-04-10,5.08,5.13,5
2014-04-11,5.23,5.33,5.26
2014-04-12,,,
2014-04-13,,,
2014-04-14,5.25,5.25,5.3
2014-04-15,5.55,5.55,5.23
2014-04-16,5.42,5.47,
2014-04-17,5.53,5.56,5.46
2014-04-18,5.53,,
2014-04-19,,,
2014-04-20,,,
2014-04-21,5.53,5.56,
2014-04-22,5.66,5.69,5.62
2014-04-23,5.67,5.68,
2014-04-24,5.71,5.73,5.77
2014-04-25,5.06,5.08,5.52
2014-04-26,,,
2014-04-27,,,
2014-04-28,5.19,5.22,5.21
2014-04-29,5.42,5.43,5.39
2014-04-30,5.4,5.42,
2014-05-01,5.4,5.42,
2014-05-02,5.17,5.2,5.28
2014-05-03,,,
2014-05-04,,,
2014-05-05,5.22,5.23,5.03
2014-05-06,5.22,5.24,5.25
2014-05-07,5.12,5.14,
2014-05-08,5.13,5.15,5.09
2014-05-09,5.24,5.25,5.1
2014-05-10,,,
2014-05-11,,,
2014-05-12,5.3,5.31,5.28
2014-05-13,5.28,5.3,5.34
2014-05-14,5.11,5.12,
2014-05-15,4.77,4.78,4.75
2014-05-16,4.79,4.8,4.72
2014-05-17,,,
2014-05-18,,,
2014-05-19,4.7,4.7,4.6
2014-05-20,4.84,4.84,4.59
2014-05-21,5.12,5.12,
2014-05-22,5.16,5.16,5.23
2014-05-23,5.11,5.12,5.08
2014-05-24,,,
2014-05-25,,,
2014-05-26,5.1,5.09,4.98
2014-05-27,5.16,5.17,5.05
2014-05-28,5.18,5.2,
2014-05-29,5.21,5.2,
2014-05-30,5.09,5.05,5.1
2014-05-31,,,
2014-06-01,,,
2014-06-02,5.15,5.14,4.94
2014-06-03,5.42,5.43,5.19
2014-06-04,5.39,5.39,
2014-06-05,5.51,5.54,5.5
2014-06-06,5.45,5.44,5.41
2014-06-07,,,
2014-06-08,,,
2014-06-09,5.51,5.53,
2014-06-10,5.48,5.49,5.45
2014-06-11,5.35,5.36,
2014-06-12,5.54,5.55,5.4
2014-06-13,5.65,5.66,5.63
2014-06-14,,,
2014-06-15,,,
2014-06-16,5.64,5.63,5.68
2014-06-17,5.71,5.7,5.55
2014-06-18,5.66,5.65,
2014-06-19,5.52,5.54,5.6
2014-06-20,5.65,5.65,5.56
2014-06-21,,,
2014-06-22,,,
2014-06-23,5.78,5.79,5.64
2014-06-24,5.75,5.74,5.84
2014-06-25,5.71,5.71,
2014-06-26,5.71,5.7,5.77
2014-06-27,5.78,5.76,5.7
2014-06-28,,,
2014-06-29,,,
2014-06-30,5.81,5.81,5.82
2014-07-01,5.98,6.03,5.8
2014-07-02,6.07,6.09,
2014-07-03,5.97,6.01,5.97
2014-07-04,5.63,5.67,5.91
2014-07-05,,,
2014-07-06,,,
2014-07-07,5.52,5.56,5.5
2014-07-08,5.72,5.75,5.6
2014-07-09,5.78,5.81,
2014-07-10,5.68,5.68,5.72
2014-07-11,5.72,5.74,5.64
2014-07-12,,,
2014-07-13,,,
2014-07-14,5.87,5.88,5.7
2014-07-15,5.86,5.94,5.88
2014-07-16,6.01,6.04,
2014-07-17,6.13,6.15,6.07
2014-07-18,5.98,6,6
2014-07-19,,,
2014-07-20,,,
2014-07-21,6.03,6.06,6.02
2014-07-22,6.13,6.17,6.1
2014-07-23,6.15,6.17,
2014-07-24,6.02,6.05,6.1
2014-07-25,6.13,6.13,5.99
2014-07-26,,,
2014-07-27,,,
2014-07-28,6.17,6.19,6.05
2014-07-29,6.01,6.03,6.1
2014-07-30,6.1,6.13,
2014-07-31,6.19,6.21,6.11
2014-08-01,6.26,6.27,6.29
2014-08-02,,,
2014-08-03,,,
2014-08-04,6.24,6.23,6.27
2014-08-05,6.18,6.2,6.17
2014-08-06,6.19,6.21,
2014-08-07,5.94,5.94,6.2
2014-08-08,5.93,5.97,5.93
2014-08-09,,,
2014-08-10,,,
2014-08-11,6.06,6.13,5.95
2014-08-12,6.04,6.11,6.07
2014-08-13,6.17,6.23,
2014-08-14,6.14,6.23,6.22
2014-08-15,6.36,6.38,6.18
2014-08-16,,,
2014-08-17,,,
2014-08-18,6.34,6.34,6.34
2014-08-19,6.42,6.43,6.28
2014-08-20,6.38,6.41,
2014-08-21,6.32,6.34,6.43
2014-08-22,6.34,6.35,6.34
2014-08-23,,,
2014-08-24,,,
2014-08-25,6.31,6.32,6.3
2014-08-26,6.3,6.29,6.26
2014-08-27,6.35,6.35,
2014-08-28,6.43,6.43,6.38
2014-08-29,6.38,6.38,6.4
2014-08-30,,,
2014-08-31,,,
2014-09-01,6.38,6.39,6.25
2014-09-02,6.38,6.38,6.35
2014-09-03,6.32,6.32,
2014-09-04,6.1,6.11,6.25
2014-09-05,6.22,6.26,6.04
2014-09-06,,,
2014-09-07,,,
2014-09-08,6.27,6.27,6.25
2014-09-09,6.12,6.12,6.23
2014-09-10,6.07,6.08,
2014-09-11,6.1,6.1,6.07
2014-09-12,6.03,6.04,6.06
2014-09-13,,,
2014-09-14,,,
2014-09-15,5.92,5.91,5.95
2014-09-16,5.79,5.79,5.81
2014-09-17,5.88,5.88,
2014-09-18,5.98,5.97,5.83
2014-09-19,6.01,6.01,5.94
2014-09-20,,,
2014-09-21,,,
2014-09-22,6,5.98,5.98
2014-09-23,5.66,5.65,5.9
2014-09-24,5.81,5.8,
2014-09-25,5.79,5.8,5.72
2014-09-26,5.91,5.91,5.8
2014-09-27,,,
2014-09-28,,,
2014-09-29,5.76,5.75,5.85
2014-09-30,5.82,5.84,5.68
2014-10-01,5.79,5.81,
2014-10-02,5.66,5.69,5.74
2014-10-03,5.64,5.68,
2014-10-04,,,
2014-10-05,,,
2014-10-06,5.64,5.68,5.67
2014-10-07,5.7,5.73,5.67
2014-10-08,6.04,6.05,
2014-10-09,6.1,6.12,6.06
2014-10-10,6.02,6.04,6.03
2014-10-11,,,
2014-10-12,,,
2014-10-13,6.04,6.06,5.88
2014-10-14,6.07,6.08,6.01
2014-10-15,6.14,6.15,
2014-10-16,6.19,6.21,6.16
2014-10-17,6.12,6.13,6.23
2014-10-18,,,
2014-10-19,,,
2014-10-20,6.1,6.14,6.03
2014-10-21,6.16,6.18,6.15
2014-10-22,6.21,6.23,
2014-10-23,6.32,6.34,6.16
2014-10-24,6.38,6.41,6.35
2014-10-25,,,
2014-10-26,,,
2014-10-27,6.29,6.29,6.33
2014-10-28,6.17,6.16,6.26
2014-10-29,6.4,6.42,
2014-10-30,6.4,6.42,6.38
2014-10-31,6.33,6.35,6.35
2014-11-01,,,
2014-11-02,,,
2014-11-03,6.55,6.58,6.3
2014-11-04,6.47,6.49,6.56
2014-11-05,6.63,6.65,
2014-11-06,6.63,6.63,6.61
2014-11-07,6.73,6.76,6.6
2014-11-08,,,
2014-11-09,,,
2014-11-10,6.7,6.72,6.7
2014-11-11,6.79,6.8,6.68
2014-11-12,6.83,6.85,
2014-11-13,6.78,6.79,6.78
2014-11-14,6.61,6.62,6.7
2014-11-15,,,
2014-11-16,,,
2014-11-17,6.88,6.9,6.64
2014-11-18,7.02,7.02,6.91
2014-11-19,7.03,7.04,
2014-11-20,6.95,6.96,6.93
2014-11-21,6.98,7,6.88
2014-11-22,,,
2014-11-23,,,
2014-11-24,7.05,7.05,7.02
2014-11-25,7.12,7.12,7.05
2014-11-26,7.17,7.19,
2014-11-27,7.09,7.09,7.09
2014-11-28,7.03,7.04,7.02
2014-11-29,,,
2014-11-30,,,
2014-12-01,7.07,7.07,6.95
2014-12-02,6.86,6.85,7
2014-12-03,6.9,6.89,
2014-12-04,6.84,6.84,6.77
2014-12-05,6.66,6.66,6.66
2014-12-06,,,
2014-12-07,,,
2014-12-08,6.67,6.66,6.58
2014-12-09,6.74,6.74,6.6
2014-12-10,6.54,6.56,
2014-12-11,6.71,6.74,6.65
2014-12-12,6.66,6.66,6.64
2014-12-13,,,
2014-12-14,,,
2014-12-15,6.87,6.89,6.6
2014-12-16,6.89,6.93,6.93
2014-12-17,6.97,7.01,
2014-12-18,7.03,7.06,
2014-12-19,7.05,7.1,
2014-12-20,,,
2014-12-21,,,
2014-12-22,7.09,7.13,
2014-12-23,7.24,7.27,
2014-12-24,7.24,7.39,
2014-12-25,7.24,,
2014-12-26,7.24,7.39,
2014-12-27,,,
2014-12-28,,,
2014-12-29,7.24,7.27,
2014-12-30,7.2,7.23,
2014-12-31,7.2,7.27,
2015-01-01,7.2,,
2015-01-02,7.01,7.03,
2015-01-03,,,
2015-01-04,,,
2015-01-05,6.91,6.93,
2015-01-06,6.78,6.8,
2015-01-07,6.77,6.81,
2015-01-08,6.81,6.84,6.7
2015-01-09,6.71,6.74,6.71
2015-01-10,,,
2015-01-11,,,
2015-01-12,6.71,6.74,6.59
2015-01-13,7.29,7.32,6.77
2015-01-14,7.17,7.19,
2015-01-15,7.14,7.15,7.1
2015-01-16,7.13,7.16,7.05
2015-01-17,,,
2015-01-18,,,
2015-01-19,7.22,7.24,7.06
2015-01-20,7.17,7.19,7.25
2015-01-21,7.3,7.35,
2015-01-22,6.79,6.78,7.02
2015-01-23,6.8,6.82,6.81
2015-01-24,,,
2015-01-25,,,
2015-01-26,6.85,6.87,6.76
2015-01-27,6.83,6.85,6.82
2015-01-28,6.95,6.96,6.76
2015-01-29,7.06,7.07,6.92
2015-01-30,7.08,7.09,6.96
2015-01-31,,,
2015-02-01,,,
2015-02-02,7.12,7.14,7.06
2015-02-03,7.07,7.07,7.06
2015-02-04,6.91,6.94,
2015-02-05,7,7.01,6.87
2015-02-06,6.95,6.96,6.92
2015-02-07,,,
2015-02-08,,,
2015-02-09,6.92,6.93,6.86
2015-02-10,7.08,7.12,6.88
2015-02-11,7.22,7.25,
2015-02-12,7.4,7.41,7.29
2015-02-13,7.63,7.65,7.35
2015-02-14,,,
2015-02-15,,,
2015-02-16,7.66,7.66,7.66
2015-02-17,7.48,7.48,7.62
2015-02-18,7.5,7.5,
2015-02-19,7.34,7.35,7.37
2015-02-20,7.31,7.33,7.26
2015-02-21,,,
2015-02-22,,,
2015-02-23,7.67,7.71,7.2
2015-02-24,7.44,7.47,7.66
2015-02-25,7.39,7.39,
2015-02-26,7.07,7.06,7.29
2015-02-27,7.08,7.1,6.93
2015-02-28,,,
2015-03-01,,,
2015-03-02,6.95,6.95,6.9
2015-03-03,6.74,6.73,6.82
2015-03-04,6.99,7.02,
2015-03-05,6.75,6.75,6.96
2015-03-06,6.81,6.8,6.7
2015-03-07,,,
2015-03-08,,,
2015-03-09,6.69,6.68,6.66
2015-03-10,6.8,6.82,6.67
2015-03-11,6.75,6.76,
2015-03-12,6.42,6.41,6.61
2015-03-13,6.49,6.46,6.26
2015-03-14,,,
2015-03-15,,,
2015-03-16,6.48,6.49,6.36
2015-03-17,6.74,6.73,6.45
2015-03-18,6.74,6.74,
2015-03-19,6.68,6.67,6.7
2015-03-20,7.01,7.04,6.7
2015-03-21,,,
2015-03-22,,,
2015-03-23,7.04,7.04,6.94
2015-03-24,7.05,7.05,7.02
2015-03-25,6.96,6.99,6.77
2015-03-26,6.95,6.97,7
2015-03-27,6.79,6.78,6.9
2015-03-28,,,
2015-03-29,,,
2015-03-30,6.88,6.9,6.81
2015-03-31,6.91,6.94,6.79
2015-04-01,7.15,7.16,
2015-04-02,7.15,7.17,7.14
2015-04-03,7.15,,
2015-04-04,,,
2015-04-05,,,
2015-04-06,7.15,7.17,
2015-04-07,7.1,7.13,7.08
2015-04-08,7.12,7.14,
2015-04-09,7.02,7.03,7.12
2015-04-10,6.98,6.96,6.96
2015-04-11,,,
2015-04-12,,,
2015-04-13,6.8,6.81,6.82
2015-04-14,6.8,6.81,6.77
2015-04-15,6.86,6.86,
2015-04-16,6.89,6.88,6.82
2015-04-17,6.82,6.85,6.83
2015-04-18,,,
2015-04-19,,,
2015-04-20,7.12,7.14,6.88
2015-04-21,7.08,7.09,7.07
2015-04-22,7.1,7.1,
2015-04-23,7.26,7.27,7.06
2015-04-24,7.28,7.3,7.27
2015-04-25,,,
2015-04-26,,,
2015-04-27,7.18,7.17,7.33
2015-04-28,7.35,7.36,7.16
2015-04-29,7.47,7.47,
2015-04-30,7.39,7.4,7.52
2015-05-01,7.39,7.49,
2015-05-02,,,
2015-05-03,,,
2015-05-04,7.61,7.59,
2015-05-05,7.57,7.56,7.5
2015-05-06,7.54,7.54,
2015-05-07,7.43,7.44,7.5
2015-05-08,7.54,7.54,7.43
2015-05-09,,,
2015-05-10,,,
2015-05-11,7.62,7.63,7.5
2015-05-12,7.63,7.6,7.62
2015-05-13,7.61,7.65,
2015-05-14,7.56,7.56,
2015-05-15,7.58,7.59,7.48
2015-05-16,,,
2015-05-17,,,
2015-05-18,0,7.6,7.54
2015-05-19,0,7.37,7.51
2015-05-20,7.35,7.35,7.38
2015-05-21,7.31,7.3,7.3
2015-05-22,7.28,7.3,7.25
2015-05-23,,,
2015-05-24,,,
2015-05-25,7.28,7.36,
2015-05-26,7.23,7.22,7.28
2015-05-27,7.18,7.17,
2015-05-28,7.19,7.18,7.2
2015-05-29,7.31,7.32,7.22
2015-05-30,,,
2015-05-31,,,
2015-06-01,7.24,7.24,7.23
2015-06-02,7.44,7.44,7.26
2015-06-03,7.49,7.48,
2015-06-04,7.4,7.39,
2015-06-05,7.41,7.4,7.4
2015-06-06,,,
2015-06-07,,,
2015-06-08,7.46,7.44,7.38
2015-06-09,7.57,7.56,7.48
2015-06-10,7.58,7.58,
2015-06-11,7.52,7.5,7.58
2015-06-12,7.59,7.61,7.52
2015-06-13,,,
2015-06-14,,,
2015-06-15,7.53,7.51,7.54
2015-06-16,7.42,7.41,7.48
2015-06-17,7.46,7.46,
2015-06-18,7.45,7.45,7.45
2015-06-19,7.41,7.41,7.41
2015-06-20,,,
2015-06-21,,,
2015-06-22,7.48,7.46,7.43
2015-06-23,7.49,7.48,7.45
2015-06-24,7.47,7.48,
2015-06-25,7.57,7.58,7.52
2015-06-26,7.52,7.52,7.5
2015-06-27,,,
2015-06-28,,,
2015-06-29,7.36,7.33,7.36
2015-06-30,7.44,7.44,7.36
2015-07-01,7.47,7.48,
2015-07-02,7.43,7.44,7.42
2015-07-03,7.43,7.43,7.42
2015-07-04,,,
2015-07-05,,,
2015-07-06,7.36,7.37,7.33
2015-07-07,7.44,7.46,7.35
2015-07-08,7.47,7.45,
2015-07-09,7.45,7.48,7.43
2015-07-10,7.58,7.61,7.52
2015-07-11,,,
2015-07-12,,,
2015-07-13,7.75,7.78,7.64
2015-07-14,7.7,7.72,7.72
2015-07-15,7.75,7.75,
2015-07-16,7.64,7.65,7.69
2015-07-17,7.7,7.73,7.6
2015-07-18,,,
2015-07-19,,,
2015-07-20,7.96,7.97,7.76
2015-07-21,7.92,7.95,7.92
2015-07-22,7.93,7.95,
2015-07-23,8.07,8.07,8.04
2015-07-24,7.98,8,8.01
2015-07-25,,,
2015-07-26,,,
2015-07-27,7.99,8.01,7.98
2015-07-28,7.99,8.01,7.95
2015-07-29,8.04,8.05,8.03
2015-07-30,7.87,7.87,8
2015-07-31,7.87,7.86,7.82
2015-08-01,,,
2015-08-02,,,
2015-08-03,7.93,7.94,7.91
2015-08-04,7.89,7.89,7.94
2015-08-05,7.81,7.82,
2015-08-06,7.84,7.83,7.83
2015-08-07,7.76,7.77,7.79
2015-08-08,,,
2015-08-09,,,
2015-08-10,7.89,7.91,7.78
2015-08-11,8.07,8.08,7.95
2015-08-12,8.16,8.18,
2015-08-13,8.17,8.18,8.18
2015-08-14,8.32,8.31,8.15
2015-08-15,,,
2015-08-16,,,
2015-08-17,8.23,8.23,8.26
2015-08-18,8.24,8.26,8.17
2015-08-19,8.3,8.33,
2015-08-20,8.37,8.35,8.31
2015-08-21,8.19,8.19,8.31
2015-08-22,,,
2015-08-23,,,
2015-08-24,8.16,8.16,8.08
2015-08-25,8.22,8.23,8.22
2015-08-26,8.09,8.08,
2015-08-27,8.04,8.03,8.07
2015-08-28,8.08,8.09,8.04
2015-08-29,,,
2015-08-30,,,
2015-08-31,8.04,8.05,
2015-09-01,7.97,7.99,7.98
2015-09-02,8.09,8.1,
2015-09-03,8.16,8.15,8.06
2015-09-04,8.08,8.07,8.06
2015-09-05,,,
2015-09-06,,,
2015-09-07,8.07,8.06,8.02
2015-09-08,8.22,8.22,8.09
2015-09-09,8.26,8.25,
2015-09-10,8.28,8.26,8.25
2015-09-11,8.22,8.24,8.22
2015-09-12,,,
2015-09-13,,,
2015-09-14,8.21,8.21,8.21
2015-09-15,8.17,8.15,8.17
2015-09-16,8.22,8.21,
2015-09-17,8.2,8.21,8.18
2015-09-18,8.1,8.09,8.16
2015-09-19,,,
2015-09-20,,,
2015-09-21,7.98,7.96,8.04
2015-09-22,8,8,7.98
2015-09-23,8.05,8.05,8.04
2015-09-24,7.99,7.99,7.99
2015-09-25,7.98,7.98,7.94
2015-09-26,,,
2015-09-27,,,
2015-09-28,7.89,7.9,7.92
2015-09-29,7.94,7.98,7.87
2015-09-30,8.13,8.15,
2015-10-01,8.14,8.17,8.2
2015-10-02,8.11,8.15,8.1
2015-10-03,,,
2015-10-04,,,
2015-10-05,8.18,8.21,8.16
2015-10-06,8.19,8.22,8.16
2015-10-07,8.09,8.11,
2015-10-08,8.11,8.13,8.11
2015-10-09,8.32,8.35,8.16
2015-10-10,,,
2015-10-11,,,
2015-10-12,8.29,8.3,8.26
2015-10-13,8.33,8.33,8.3
2015-10-14,8.42,8.44,
2015-10-15,8.42,8.43,8.46
2015-10-16,8.38,8.39,8.37
2015-10-17,,,
2015-10-18,,,
2015-10-19,8.34,8.35,8.35
2015-10-20,8.44,8.47,8.32
2015-10-21,8.43,8.45,
2015-10-22,8.47,8.48,8.44
2015-10-23,8.6,8.63,8.52
2015-10-24,,,
2015-10-25,,,
2015-10-26,8.64,8.66,8.55
2015-10-27,8.59,8.61,8.63
2015-10-28,8.56,8.57,
2015-10-29,8.65,8.68,8.59
2015-10-30,8.64,8.64,8.59
2015-10-31,,,
2015-11-01,,,
2015-11-02,8.58,8.6,8.54
2015-11-03,8.44,8.45,8.58
2015-11-04,8.38,8.4,
2015-11-05,8.45,8.47,8.4
2015-11-06,8.39,8.41,8.45
2015-11-07,,,
2015-11-08,,,
2015-11-09,8.32,8.32,8.35
2015-11-10,8.42,8.44,8.28
2015-11-11,8.43,8.44,
2015-11-12,8.36,8.37,8.36
2015-11-13,8.38,8.39,8.34
2015-11-14,,,
2015-11-15,,,
2015-11-16,8.5,8.53,8.43
2015-11-17,8.58,8.61,8.49
2015-11-18,8.58,8.58,8.51
2015-11-19,8.62,8.63,8.57
2015-11-20,8.51,8.51,8.59
2015-11-21,,,
2015-11-22,,,
2015-11-23,8.56,8.56,8.46
2015-11-24,8.65,8.65,8.63
2015-11-25,8.62,8.62,
2015-11-26,8.58,8.58,8.61
2015-11-27,8.56,8.58,8.54
2015-11-28,,,
2015-11-29,,,
2015-11-30,8.58,8.58,8.55
2015-12-01,8.55,8.56,8.52
2015-12-02,8.49,8.48,
2015-12-03,8.58,8.59,8.44
2015-12-04,8.52,8.52,8.56
2015-12-05,,,
2015-12-06,,,
2015-12-07,8.42,8.41,8.42
2015-12-08,8.42,8.41,8.33
2015-12-09,8.4,8.4,
2015-12-10,8.36,8.36,8.32
2015-12-11,8.07,8.07,7.98
2015-12-12,,,
2015-12-13,,,
2015-12-14,8.09,8.07,7.92
2015-12-15,8.19,8.21,8.05
2015-12-16,8.12,8.16,
2015-12-17,8.07,8.1,8.12
2015-12-18,8.07,8.09,
2015-12-19,,,
2015-12-20,,,
2015-12-21,8.18,8.22,
2015-12-22,8.25,8.28,
2015-12-23,8.22,8.25,
2015-12-24,8.22,8.21,
2015-12-25,8.22,,
2015-12-26,,,
2015-12-27,,,
2015-12-28,8.32,8.33,
2015-12-29,8.27,8.3,
2015-12-30,8.22,8.24,
2015-12-31,8.22,8.25,
2016-01-01,8.22,,
2016-01-02,,,
2016-01-03,,,
2016-01-04,8.05,8.07,
2016-01-05,8,8.02,
2016-01-06,7.76,7.77,
2016-01-07,7.53,7.56,
2016-01-08,7.42,7.42,
2016-01-09,,,
2016-01-10,,,
2016-01-11,7.14,7.14,
2016-01-12,7.1,7.11,
2016-01-13,7.25,7.25,
2016-01-14,7.08,7.1,
2016-01-15,6.68,6.68,
2016-01-16,,,
2016-01-17,,,
2016-01-18,6.71,6.73,
2016-01-19,6.81,6.82,
2016-01-20,6.31,6.32,
2016-01-21,6.18,6.18,
2016-01-22,6.31,6.33,
2016-01-23,,,
2016-01-24,,,
2016-01-25,5.88,5.88,
2016-01-26,6.06,6.08,
2016-01-27,5.89,5.91,
2016-01-28,6.05,6.07,
2016-01-29,6.03,6.05,
2016-01-30,,,
2016-01-31,,,
2016-02-01,5.68,5.69,
2016-02-02,5.79,5.82,
2016-02-03,5.61,5.62,
2016-02-04,5.6,5.6,
2016-02-05,5.54,5.54,
2016-02-06,,,
2016-02-07,,,
2016-02-08,5.23,5.23,
2016-02-09,4.94,4.95,
2016-02-10,4.87,4.87,
2016-02-11,4.72,4.73,
2016-02-12,5.05,5.05,
2016-02-13,,,
2016-02-14,,,
2016-02-15,4.8,4.79,
2016-02-16,4.68,4.68,
2016-02-17,5.08,5.08,
2016-02-18,5.24,5.25,
2016-02-19,5.15,5.16,
2016-02-20,,,
2016-02-21,,,
2016-02-22,5.39,5.41,
2016-02-23,4.88,4.9,
2016-02-24,4.86,4.86,
2016-02-25,5.05,5.07,
2016-02-26,4.98,4.99,
2016-02-27,,,
2016-02-28,,,
2016-02-29,4.98,5,
2016-03-01,4.97,4.99,
2016-03-02,4.95,4.95,
2016-03-03,4.87,4.88,
2016-03-04,4.9,4.92,
2016-03-05,,,
2016-03-06,,,
2016-03-07,5.08,5.09,
2016-03-08,5,5.01,
2016-03-09,5.08,5.07,
2016-03-10,4.9,4.9,
2016-03-11,4.97,4.98,
2016-03-12,,,
2016-03-13,,,
2016-03-14,4.87,4.85,
2016-03-15,4.85,4.85,
2016-03-16,4.97,4.95,
2016-03-17,5,4.99,
2016-03-18,4.94,4.93,
2016-03-19,,,
2016-03-20,,,
2016-03-21,4.86,4.86,
2016-03-22,4.82,4.81,
2016-03-23,4.8,4.79,
2016-03-24,4.84,4.84,
2016-03-25,4.84,,
2016-03-26,,,
2016-03-27,,,
2016-03-28,4.84,4.84,
2016-03-29,4.77,4.77,
2016-03-30,4.95,4.95,
2016-03-31,5.2,5.2,
2016-04-01,5.18,5.16,
2016-04-02,,,
2016-04-03,,,
2016-04-04,5.3,5.32,
2016-04-05,5.21,5.23,
2016-04-06,5.3,5.3,
2016-04-07,5.26,5.27,
2016-04-08,5.4,5.41,
2016-04-09,,,
2016-04-10,,,
2016-04-11,5.56,5.57,
2016-04-12,5.57,5.58,
2016-04-13,5.52,5.53,
2016-04-14,5.59,5.6,
2016-04-15,5.48,5.47,
2016-04-16,,,
2016-04-17,,,
2016-04-18,5.46,5.46,
2016-04-19,5.55,5.56,
2016-04-20,5.53,5.54,
2016-04-21,5.73,5.74,
2016-04-22,5.96,5.96,
2016-04-23,,,
2016-04-24,,,
2016-04-25,5.9,5.89,
2016-04-26,6.6,6.61,
2016-04-27,6.84,6.83,
2016-04-28,6.33,6.33,
2016-04-29,6.16,6.17,
2016-04-30,,,
2016-05-01,,,
2016-05-02,6.07,6.1,
2016-05-03,5.96,5.98,
2016-05-04,6.12,6.12,
2016-05-05,6.2,6.19,
2016-05-06,5.85,5.85,
2016-05-07,,,
2016-05-08,,,
2016-05-09,5.69,5.69,
2016-05-10,5.89,5.89,
2016-05-11,5.99,6.01,
2016-05-12,5.8,5.8,
2016-05-13,5.81,5.84,
2016-05-14,,,
2016-05-15,,,
2016-05-16,6.07,6.1,
2016-05-17,6.03,6.04,
2016-05-18,6.04,6.05,
2016-05-19,5.97,5.98,
2016-05-20,5.95,5.95,
2016-05-21,,,
2016-05-22,,,
2016-05-23,5.72,5.72,
2016-05-24,5.78,5.78,
2016-05-25,5.85,5.85,
2016-05-26,6.01,6.01,
2016-05-27,6.03,6.02,
2016-05-28,,,
2016-05-29,,,
2016-05-30,6.1,6.1,
2016-05-31,6.09,6.08,
2016-06-01,5.95,5.95,
2016-06-02,6.01,6.01,
2016-06-03,5.93,5.93,
2016-06-04,,,
2016-06-05,,,
2016-06-06,6.2,6.19,
2016-06-07,6.11,6.1,
2016-06-08,6.1,6.09,
2016-06-09,6.1,6.1,
2016-06-10,5.94,5.94,
2016-06-11,,,
2016-06-12,,,
2016-06-13,5.86,5.84,
2016-06-14,5.86,5.84,
2016-06-15,5.9,5.89,
2016-06-16,5.7,5.7,
2016-06-17,5.65,5.66,
2016-06-18,,,
2016-06-19,,,
2016-06-20,5.85,5.84,
2016-06-21,5.56,5.54,
2016-06-22,5.66,5.67,
2016-06-23,5.64,5.63,
2016-06-24,4.96,4.95,
2016-06-25,,,
2016-06-26,,,
2016-06-27,4.77,4.76,
2016-06-28,4.69,4.69,
2016-06-29,4.51,4.52,
2016-06-30,4.46,4.47,
2016-07-01,4.6,4.62,
2016-07-02,,,
2016-07-03,,,
2016-07-04,4.95,4.97,
2016-07-05,4.71,4.71,
2016-07-06,4.57,4.59,
2016-07-07,4.57,4.58,
2016-07-08,4.54,4.55,
2016-07-09,,,
2016-07-10,,,
2016-07-11,4.42,4.43,
2016-07-12,4.62,4.63,
2016-07-13,4.76,4.79,
2016-07-14,4.77,4.78,
2016-07-15,4.92,4.93,
2016-07-16,,,
2016-07-17,,,
2016-07-18,4.84,4.85,
2016-07-19,4.67,4.67,
2016-07-20,4.67,4.69,
2016-07-21,4.64,4.65,
2016-07-22,4.56,4.56,
2016-07-23,,,
2016-07-24,,,
2016-07-25,4.59,4.59,
2016-07-26,4.52,4.51,
2016-07-27,4.52,4.53,
2016-07-28,4.48,4.48,
2016-07-29,4.41,4.42,
2016-07-30,,,
2016-07-31,,,
2016-08-01,4.37,4.37,
2016-08-02,4.4,4.41,
2016-08-03,4.61,4.63,
2016-08-04,4.69,4.69,
2016-08-05,4.72,4.72,
2016-08-06,,,
2016-08-07,,,
2016-08-08,4.93,4.94,
2016-08-09,4.88,4.87,
2016-08-10,4.77,4.76,
2016-08-11,4.88,4.87,
2016-08-12,4.89,4.89,
2016-08-13,,,
2016-08-14,,,
2016-08-15,4.79,4.8,
2016-08-16,4.68,4.69,
2016-08-17,4.49,4.48,
2016-08-18,4.66,4.68,
2016-08-19,4.75,4.76,
2016-08-20,,,
2016-08-21,,,
2016-08-22,4.88,4.89,
2016-08-23,4.7,4.7,
2016-08-24,4.59,4.6,
2016-08-25,4.7,4.7,
2016-08-26,4.7,4.69,
2016-08-27,,,
2016-08-28,,,
2016-08-29,4.69,4.69,
2016-08-30,4.56,4.54,
2016-08-31,4.46,4.46,
2016-09-01,4.38,4.37,
2016-09-02,4.09,4.08,
2016-09-03,,,
2016-09-04,,,
2016-09-05,3.91,3.93,
2016-09-06,4.14,4.13,
2016-09-07,4.01,4.01,
2016-09-08,4.07,4.08,
2016-09-09,4.08,4.08,
2016-09-10,,,
2016-09-11,,,
2016-09-12,4.04,4.03,
2016-09-13,4.03,4.02,
2016-09-14,3.99,3.98,
2016-09-15,4.14,4.14,
2016-09-16,4.35,4.36,
2016-09-17,,,
2016-09-18,,,
2016-09-19,4.4,4.4,
2016-09-20,4.17,4.16,
2016-09-21,4.21,4.21,
2016-09-22,4.43,4.42,
2016-09-23,4.55,4.54,
2016-09-24,,,
2016-09-25,,,
2016-09-26,4.63,4.62,
2016-09-27,4.44,4.43,
2016-09-28,4.96,4.95,
2016-09-29,5.02,5.02,
2016-09-30,4.97,4.96,
2016-10-01,,,
2016-10-02,,,
2016-10-03,5.31,5.31,
2016-10-04,5.19,5.21,
2016-10-05,5.48,5.48,
2016-10-06,5.86,5.86,
2016-10-07,5.69,5.69,
2016-10-08,,,
2016-10-09,,,
2016-10-10,5.67,5.66,
2016-10-11,5.42,5.43,
2016-10-12,5.52,5.52,
2016-10-13,5.66,5.65,
2016-10-14,5.81,5.81,
2016-10-15,,,
2016-10-16,,,
2016-10-17,5.87,5.87,
2016-10-18,5.95,5.95,
2016-10-19,5.67,5.67,
2016-10-20,5.57,5.58,
2016-10-21,5.9,5.89,
2016-10-22,,,
2016-10-23,,,
2016-10-24,5.8,5.81,
2016-10-25,5.8,5.81,
2016-10-26,5.94,5.94,
2016-10-27,5.79,5.81,
2016-10-28,5.87,5.88,
2016-10-29,,,
2016-10-30,,,
2016-10-31,5.9,5.9,
2016-11-01,6.03,6.03,
2016-11-02,6.23,6.24,
2016-11-03,6.51,6.5,
2016-11-04,6.4,6.41,
2016-11-05,,,
2016-11-06,,,
2016-11-07,6.22,6.23,
2016-11-08,6.14,6.15,
2016-11-09,6.12,6.13,
2016-11-10,5.92,5.92,
2016-11-11,5.68,5.67,
2016-11-12,,,
2016-11-13,,,
2016-11-14,5.4,5.41,
2016-11-15,5.73,5.74,
2016-11-16,5.55,5.55,
2016-11-17,5.9,5.9,
2016-11-18,5.57,5.58,
2016-11-19,,,
2016-11-20,,,
2016-11-21,5.49,5.48,
2016-11-22,5.51,5.51,
2016-11-23,5.39,5.39,
2016-11-24,5.33,5.34,
2016-11-25,5.02,5,
2016-11-26,,,
2016-11-27,,,
2016-11-28,4.73,4.74,
2016-11-29,4.56,4.56,
2016-11-30,4.58,4.58,
2016-12-01,4.46,4.46,
2016-12-02,4.29,4.3,
2016-12-03,,,
2016-12-04,,,
2016-12-05,4.37,4.37,
2016-12-06,4.5,4.5,
2016-12-07,4.3,4.3,
2016-12-08,4.37,4.61,
2016-12-09,4.48,4.46,
2016-12-10,,,
2016-12-11,,,
2016-12-12,4.87,4.87,
2016-12-13,4.8,4.79,
2016-12-14,5,5.01,
2016-12-15,4.83,4.84,
2016-12-16,4.95,4.93,
2016-12-17,,,
2016-12-18,,,
2016-12-19,5.09,5.09,
2016-12-20,5.25,5.24,
2016-12-21,5.81,5.81,
2016-12-22,6.07,6.08,
2016-12-23,6.31,6.23,
2016-12-24,,,
2016-12-25,,,
2016-12-26,6.31,,
2016-12-27,6.31,6.33,
2016-12-28,6.32,6.33,
2016-12-29,6.34,6.36,
2016-12-30,6.55,6.55,
2016-12-31,,,
2017-01-01,,,
2017-01-02,6.13,6.12,
2017-01-03,5.43,5.43,
2017-01-04,5.7,5.72,
2017-01-05,5.28,5.29,
2017-01-06,5.03,5.05,
2017-01-07,,,
2017-01-08,,,
2017-01-09,5.26,5.27,5
2017-01-10,5.49,5.51,5.6
2017-01-11,5.52,5.52,
2017-01-12,5.03,5.04,5.3
2017-01-13,5.03,5.04,5.06
2017-01-14,,,
2017-01-15,,,
2017-01-16,4.69,4.7,4.96
2017-01-17,5,5,4.8
2017-01-18,4.84,4.84,
2017-01-19,5.18,5.2,4.88
2017-01-20,5.42,5.42,5.16
2017-01-21,,,
2017-01-22,,,
2017-01-23,5.31,5.31,5.34
2017-01-24,5.08,5.07,5.23
2017-01-25,4.99,4.97,
2017-01-26,5.18,5.19,4.93
2017-01-27,4.93,4.92,5.05
2017-01-28,,,
2017-01-29,,,
2017-01-30,5.15,5.16,4.99
2017-01-31,5.34,5.35,5.2
2017-02-01,5.27,5.27,
2017-02-02,5.22,5.22,5.24
2017-02-03,5.16,5.15,5.22
2017-02-04,,,
2017-02-05,,,
2017-02-06,5.1,5.09,5.08
2017-02-07,5.16,5.16,5.08
2017-02-08,5.21,5.21,
2017-02-09,5.28,5.28,5.25
2017-02-10,5.12,5.12,5.3
2017-02-11,,,
2017-02-12,,,
2017-02-13,4.9,4.9,5.07
2017-02-14,5.12,5.13,4.95
2017-02-15,5.05,5.06,
2017-02-16,4.93,4.93,4.96
2017-02-17,4.97,4.97,4.85
2017-02-18,,,
2017-02-19,,,
2017-02-20,5.08,5.08,5.05
2017-02-21,5.04,5.04,5.09
2017-02-22,5.06,5.06,
2017-02-23,5.33,5.34,5.17
2017-02-24,5.37,5.38,5.31
2017-02-25,,,
2017-02-26,,,
2017-02-27,5.19,5.19,5.28
2017-02-28,5.2,5.23,5.15
2017-03-01,5.9,5.9,
2017-03-02,5.46,5.46,5.74
2017-03-03,5.58,5.59,5.55
2017-03-04,,,
2017-03-05,,,
2017-03-06,5.49,5.48,5.47
2017-03-07,5.38,5.37,5.43
2017-03-08,5.24,5.23,
2017-03-09,5.13,5.12,5.16
2017-03-10,5.15,5.16,5.08
2017-03-11,,,
2017-03-12,,,
2017-03-13,5.15,5.15,5.11
2017-03-14,5.1,5.1,5.16
2017-03-15,5.19,5.19,
2017-03-16,5.14,5.14,5.07
2017-03-17,5.12,5.13,5.13
2017-03-18,,,
2017-03-19,,,
2017-03-20,4.98,4.99,5.05
2017-03-21,4.93,4.93,4.93
2017-03-22,4.96,4.96,
2017-03-23,4.96,4.97,4.98
2017-03-24,4.76,4.76,4.88
2017-03-25,,,
2017-03-26,,,
2017-03-27,4.63,4.62,4.67
2017-03-28,4.73,4.74,4.63
2017-03-29,4.75,4.76,4.71
2017-03-30,4.91,4.92,4.63
2017-03-31,4.67,4.69,4.85
2017-04-01,,,
2017-04-02,,,
2017-04-03,4.84,4.87,4.7
2017-04-04,4.64,4.65,4.78
2017-04-05,4.82,4.82,
2017-04-06,5.05,5.06,4.86
2017-04-07,4.89,4.89,5.06
2017-04-08,,,
2017-04-09,,,
2017-04-10,4.78,4.79,4.84
2017-04-11,4.85,4.87,4.77
2017-04-12,4.93,4.93,4.84
2017-04-13,4.95,4.95,4.93
2017-04-14,4.95,,
2017-04-15,,,
2017-04-16,,,
2017-04-17,4.95,4.95,
2017-04-18,4.86,4.86,4.85
2017-04-19,4.83,4.83,
2017-04-20,4.75,4.75,4.76
2017-04-21,4.57,4.57,4.73
2017-04-22,,,
2017-04-23,,,
2017-04-24,4.64,4.64,4.7
2017-04-25,4.49,4.5,4.62
2017-04-26,4.61,4.61,4.49
2017-04-27,4.55,4.55,4.57
2017-04-28,4.57,4.57,4.52
2017-04-29,,,
2017-04-30,,,
2017-05-01,4.57,4.57,
2017-05-02,4.44,4.45,4.48
2017-05-03,4.39,4.4,
2017-05-04,4.52,4.52,4.35
2017-05-05,4.58,4.58,4.52
2017-05-06,,,
2017-05-07,,,
2017-05-08,4.41,4.42,4.45
2017-05-09,4.51,4.52,4.37
2017-05-10,4.44,4.45,4.49
2017-05-11,4.35,4.35,4.37
2017-05-12,4.45,4.46,4.26
2017-05-13,,,
2017-05-14,,,
2017-05-15,4.38,4.39,4.41
2017-05-16,4.53,4.54,4.45
2017-05-17,4.57,4.58,
2017-05-18,4.76,4.76,4.68
2017-05-19,4.85,4.85,4.77
2017-05-20,,,
2017-05-21,,,
2017-05-22,4.91,4.9,4.87
2017-05-23,4.74,4.75,4.88
2017-05-24,4.91,4.91,4.81
2017-05-25,4.98,4.98,
2017-05-26,5.17,5.19,
2017-05-27,,,
2017-05-28,,,
2017-05-29,5.16,5.17,
2017-05-30,5.14,5.14,5.1
2017-05-31,4.97,4.98,
2017-06-01,5.08,5.08,5.05
2017-06-02,5.15,5.16,5.07
2017-06-03,,,
2017-06-04,,,
2017-06-05,5.17,5.17,
2017-06-06,4.96,4.97,5.16
2017-06-07,4.87,4.87,4.97
2017-06-08,5.05,5.04,4.96
2017-06-09,5.03,5.04,4.98
2017-06-10,,,
2017-06-11,,,
2017-06-12,4.92,4.91,5.03
2017-06-13,5,5,4.99
2017-06-14,4.92,4.93,
2017-06-15,4.95,4.95,
2017-06-16,4.87,4.87,
2017-06-17,,,
2017-06-18,,,
2017-06-19,4.92,4.92,4.84
2017-06-20,4.94,4.94,4.99
2017-06-21,4.88,4.87,4.95
2017-06-22,4.86,4.86,4.81
2017-06-23,4.87,4.86,4.87
2017-06-24,,,
2017-06-25,,,
2017-06-26,4.78,4.77,4.84
2017-06-27,4.93,4.93,4.8
2017-06-28,4.93,4.93,
2017-06-29,5.07,5.06,5.05
2017-06-30,5.03,5.02,5.02
2017-07-01,,,
2017-07-02,,,
2017-07-03,5.13,5.13,4.98
2017-07-04,5.11,5.11,5.06
2017-07-05,5.04,5.04,5.1
2017-07-06,5.23,5.23,5.07
2017-07-07,5.34,5.33,5.24
2017-07-08,,,
2017-07-09,,,
2017-07-10,5.39,5.39,5.5
2017-07-11,5.31,5.32,5.37
2017-07-12,5.47,5.47,
2017-07-13,5.35,5.35,5.46
2017-07-14,5.41,5.41,5.27
2017-07-15,,,
2017-07-16,,,
2017-07-17,5.42,5.43,5.4
2017-07-18,5.45,5.45,5.46
2017-07-19,5.39,5.38,5.39
2017-07-20,5.29,5.29,5.35
2017-07-21,5.08,5.08,5.23
2017-07-22,,,
2017-07-23,,,
2017-07-24,5.13,5.13,5.04
2017-07-25,5.16,5.15,5.12
2017-07-26,5.25,5.24,
2017-07-27,5.13,5.13,5.2
2017-07-28,5.17,5.17,5.06
2017-07-29,,,
2017-07-30,,,
2017-07-31,5.22,5.22,5.23
2017-08-01,5.28,5.29,5.6
2017-08-02,5.41,5.42,5.29
2017-08-03,5.41,5.42,5.38
2017-08-04,5.35,5.34,5.33
2017-08-05,,,
2017-08-06,,,
2017-08-07,5.26,5.26,5.24
2017-08-08,5.27,5.26,5.26
2017-08-09,5.36,5.36,
2017-08-10,5.36,5.36,5.4
2017-08-11,5.37,5.38,5.35
2017-08-12,,,
2017-08-13,,,
2017-08-14,5.5,5.51,5.41
2017-08-15,5.52,5.52,
2017-08-16,5.78,5.79,5.62
2017-08-17,5.79,5.8,5.9
2017-08-18,5.81,5.81,5.8
2017-08-19,,,
2017-08-20,,,
2017-08-21,5.74,5.74,5.81
2017-08-22,5.76,5.77,5.75
2017-08-23,5.93,5.94,
2017-08-24,5.93,5.94,5.98
2017-08-25,6.06,6.08,5.93
2017-08-26,,,
2017-08-27,,,
2017-08-28,6.09,6.09,
2017-08-29,6.02,6.03,6.07
2017-08-30,6.01,6.02,6.02
2017-08-31,5.93,5.93,5.91
2017-09-01,5.82,5.82,5.88
2017-09-02,,,
2017-09-03,,,
2017-09-04,5.92,5.91,5.8
2017-09-05,6.49,6.49,6.04
2017-09-06,6.7,6.69,
2017-09-07,6.89,6.89,
2017-09-08,7.06,7.06,6.9
2017-09-09,,,
2017-09-10,,,
2017-09-11,6.86,6.87,6.8
2017-09-12,6.83,6.86,6.65
2017-09-13,7.09,7.09,6.95
2017-09-14,7.1,7.09,7.42
2017-09-15,6.93,6.94,6.96
2017-09-16,,,
2017-09-17,,,
2017-09-18,6.72,6.72,6.85
2017-09-19,7.01,7.02,6.95
2017-09-20,6.88,6.9,
2017-09-21,6.56,6.55,6.68
2017-09-22,6.64,6.64,6.5
2017-09-23,,,
2017-09-24,,,
2017-09-25,7.28,7.27,6.8
2017-09-26,6.97,6.98,6.97
2017-09-27,6.91,6.93,6.71
2017-09-28,6.96,6.96,6.83
2017-09-29,7.06,7.07,7.09
2017-09-30,,,
2017-10-01,,,
2017-10-02,6.93,6.94,7
2017-10-03,6.99,7,
2017-10-04,6.89,6.9,
2017-10-05,6.87,6.89,6.92
2017-10-06,6.98,7,6.77
2017-10-07,,,
2017-10-08,,,
2017-10-09,6.94,6.96,6.92
2017-10-10,7.36,7.39,6.9
2017-10-11,7.35,7.38,7.4
2017-10-12,7.4,7.41,7.37
2017-10-13,7.32,7.32,7.3
2017-10-14,,,
2017-10-15,,,
2017-10-16,7.36,7.36,7.25
2017-10-17,7.4,7.42,7.45
2017-10-18,7.79,7.81,
2017-10-19,7.64,7.65,7.86
2017-10-20,7.57,7.57,7.56
2017-10-21,,,
2017-10-22,,,
2017-10-23,7.44,7.44,7.43
2017-10-24,7.46,7.47,7.41
2017-10-25,7.39,7.4,7.34
2017-10-26,7.2,7.2,7.46
2017-10-27,7.16,7.17,7.25
2017-10-28,,,
2017-10-29,,,
2017-10-30,7.14,7.14,7.15
2017-10-31,7.38,7.37,7.11
2017-11-01,7.49,7.51,
2017-11-02,7.67,7.66,7.52
2017-11-03,7.87,7.88,
2017-11-04,,,
2017-11-05,,,
2017-11-06,7.92,7.92,7.91
2017-11-07,7.76,7.75,7.89
2017-11-08,7.7,7.72,7.51
2017-11-09,7.55,7.55,7.79
2017-11-10,7.4,7.4,7.35
2017-11-11,,,
2017-11-12,,,
2017-11-13,7.34,7.35,7.26
2017-11-14,7.38,7.39,7.26
2017-11-15,7.68,7.69,
2017-11-16,7.51,7.5,7.68
2017-11-17,7.49,7.48,7.43
2017-11-18,,,
2017-11-19,,,
2017-11-20,7.43,7.44,7.32
2017-11-21,7.4,7.39,7.51
2017-11-22,7.37,7.37,7.36
2017-11-23,7.64,7.66,7.37
2017-11-24,7.75,7.77,7.7
2017-11-25,,,
2017-11-26,,,
2017-11-27,7.7,7.7,7.69
2017-11-28,7.59,7.59,7.59
2017-11-29,7.7,7.7,
2017-11-30,7.53,7.53,7.6
2017-12-01,7.68,7.68,7.5
2017-12-02,,,
2017-12-03,,,
2017-12-04,7.54,7.55,7.63
2017-12-05,7.43,7.43,7.49
2017-12-06,7.28,7.27,7.24
2017-12-07,7.35,7.35,7.23
2017-12-08,7.15,7.14,7.24
2017-12-09,,,
2017-12-10,,,
2017-12-11,7.21,7.2,7.1
2017-12-12,7.15,7.14,7.37
2017-12-13,7.07,7.07,
2017-12-14,7.09,7.09,6.96
2017-12-15,7.18,7.18,7.07
2017-12-16,,,
2017-12-17,,,
2017-12-18,7.39,7.39,
2017-12-19,7.5,7.52,
2017-12-20,7.77,7.79,
2017-12-21,7.98,8,
2017-12-22,8.15,8.16,
2017-12-23,,,
2017-12-24,,,
2017-12-25,8.15,,
2017-12-26,8.15,8.16,
2017-12-27,8.14,8.14,
2017-12-28,8.17,8.18,
2017-12-29,8.09,8.15,
2017-12-30,,,
2017-12-31,,,
2018-01-01,8.09,,
2018-01-02,7.77,7.78,
2018-01-03,7.8,7.81,
2018-01-04,7.74,7.75,
2018-01-05,7.75,7.76,
2018-01-06,,,
2018-01-07,,,
2018-01-08,7.62,7.64,7.83
2018-01-09,7.75,7.76,7.68
2018-01-10,7.85,7.87,
2018-01-11,7.78,7.8,7.89
2018-01-12,7.83,7.84,7.79
2018-01-13,,,
2018-01-14,,,
2018-01-15,7.75,7.78,7.72
2018-01-16,8.01,8.03,7.77
2018-01-17,8.15,8.16,7.99
2018-01-18,8.47,8.47,8.26
2018-01-19,8.73,8.74,8.6
2018-01-20,,,
2018-01-21,,,
2018-01-22,8.72,8.73,8.7
2018-01-23,8.98,8.99,8.88
2018-01-24,9.43,9.43,
2018-01-25,9.21,9.22,9.34
2018-01-26,9.05,9.07,9.02
2018-01-27,,,
2018-01-28,,,
2018-01-29,8.97,8.98,9.06
2018-01-30,8.85,8.86,8.86
2018-01-31,9.23,9.26,8.78
2018-02-01,9.23,9.25,9.37
2018-02-02,8.92,8.94,9.04
2018-02-03,,,
2018-02-04,,,
2018-02-05,9.04,9.05,8.66
2018-02-06,8.78,8.78,8.84
2018-02-07,8.97,8.97,
2018-02-08,9.09,9.1,8.93
2018-02-09,9.21,9.21,8.97
2018-02-10,,,
2018-02-11,,,
2018-02-12,9.45,9.46,9.08
2018-02-13,9.87,9.87,9.53
2018-02-14,9.58,9.58,9.88
2018-02-15,9.52,9.52,9.64
2018-02-16,9.48,9.5,9.53
2018-02-17,,,
2018-02-18,,,
2018-02-19,9.85,9.86,9.58
2018-02-20,9.7,9.7,9.7
2018-02-21,9.53,9.54,
2018-02-22,9.69,9.7,9.56
2018-02-23,9.78,9.79,9.68
2018-02-24,,,
2018-02-25,,,
2018-02-26,9.6,9.61,9.56
2018-02-27,10.13,10.13,9.54
2018-02-28,10.07,10.08,9.99
2018-03-01,9.97,9.97,9.92
2018-03-02,10.1,10.12,9.89
2018-03-03,,,
2018-03-04,,,
2018-03-05,10.32,10.34,10.05
2018-03-06,10.44,10.45,10.28
2018-03-07,10.61,10.62,
2018-03-08,11.08,11.1,10.77
2018-03-09,11.09,11.1,11.1
2018-03-10,,,
2018-03-11,,,
2018-03-12,11.06,11.06,11.32
2018-03-13,11.38,11.38,11.03
2018-03-14,11.17,11.16,11.25
2018-03-15,11.16,11.16,11.09
2018-03-16,11.14,11.15,10.97
2018-03-17,,,
2018-03-18,,,
2018-03-19,11.04,11.04,10.96
2018-03-20,11.52,11.52,11.17
2018-03-21,12.62,12.62,
2018-03-22,12.3,12.31,12.54
2018-03-23,12.58,12.58,12.37
2018-03-24,,,
2018-03-25,,,
2018-03-26,12.95,12.96,12.8
2018-03-27,13.64,13.65,13.26
2018-03-28,12.96,12.96,14.05
2018-03-29,13.25,13.26,
2018-03-30,13.25,,
2018-03-31,,,
2018-04-01,,,
2018-04-02,13.25,,
2018-04-03,13.28,13.27,12.9
2018-04-04,13.02,13.03,
2018-04-05,12.61,12.61,12.65
2018-04-06,12.95,12.96,12.68
2018-04-07,,,
2018-04-08,,,
2018-04-09,13.3,13.3,12.96
2018-04-10,13.34,13.35,13.1
2018-04-11,13.39,13.4,13.55
2018-04-12,13.56,13.56,13.15
2018-04-13,13.9,13.91,13.8
2018-04-14,,,
2018-04-15,,,
2018-04-16,13.96,13.97,13.84
2018-04-17,13.7,13.71,13.82
2018-04-18,13.84,13.86,
2018-04-19,13.41,13.43,13.99
2018-04-20,13,13.02,13.05
2018-04-21,,,
2018-04-22,,,
2018-04-23,12.85,12.86,12.75
2018-04-24,13.17,13.2,12.73
2018-04-25,13.21,13.23,13.09
2018-04-26,13.44,13.46,13.39
2018-04-27,13.51,13.53,13.28
2018-04-28,,,
2018-04-29,,,
2018-04-30,13.54,13.56,13.35
2018-05-01,13.54,13.35,
2018-05-02,13.02,13.02,
2018-05-03,12.92,12.92,12.77
2018-05-04,12.99,12.98,12.78
2018-05-05,,,
2018-05-06,,,
2018-05-07,13.57,13.58,
2018-05-08,13.54,13.56,13.51
2018-05-09,13.96,13.96,13.92
2018-05-10,14.56,14.57,
2018-05-11,14.61,14.6,
2018-05-12,,,
2018-05-13,,,
2018-05-14,14.62,14.6,14.2
2018-05-15,14.29,14.29,14.7
2018-05-16,15.14,15.15,
2018-05-17,15.27,15.27,15.05
2018-05-18,15.22,15.22,15.2
2018-05-19,,,
2018-05-20,,,
2018-05-21,15.53,15.53,
2018-05-22,15.93,15.92,15.88
2018-05-23,15.98,15.98,15.81
2018-05-24,16.26,16.26,16.23
2018-05-25,16.26,15.97,15.89
2018-05-26,,,
2018-05-27,,,
2018-05-28,16.28,16.28,
2018-05-29,16.27,16.27,16.25
2018-05-30,15.82,15.81,
2018-05-31,14.89,14.88,15.4
2018-06-01,15.27,15.26,14.9
2018-06-02,,,
2018-06-03,,,
2018-06-04,16.1,16.1,15.28
2018-06-05,15.73,15.74,16.35
2018-06-06,15.89,15.9,15.7
2018-06-07,15.97,15.97,16.14
2018-06-08,15.78,15.79,15.78
2018-06-09,,,
2018-06-10,,,
2018-06-11,15.45,15.46,15.7
2018-06-12,15.1,15.12,15.08
2018-06-13,15.28,15.28,
2018-06-14,14.89,14.88,15.44
2018-06-15,14.51,14.5,14.62
2018-06-16,,,
2018-06-17,,,
2018-06-18,14.58,14.57,14.52
2018-06-19,14.22,14.21,14.35
2018-06-20,14.46,14.47,14.43
2018-06-21,14.79,14.78,14.2
2018-06-22,15.08,15.09,14.78
2018-06-23,,,
2018-06-24,,,
2018-06-25,15,14.99,15.03
2018-06-26,14.99,15.01,14.86
2018-06-27,15.22,15.24,
2018-06-28,14.97,14.99,15.22
2018-06-29,14.95,14.98,14.85
2018-06-30,,,
2018-07-01,,,
2018-07-02,15.03,15.06,14.95
2018-07-03,15.06,15.09,15.15
2018-07-04,15.49,15.51,15.35
2018-07-05,15.65,15.67,15.4
2018-07-06,15.67,15.69,15.55
2018-07-07,,,
2018-07-08,,,
2018-07-09,15.97,15.99,15.85
2018-07-10,16.03,16.04,16.15
2018-07-11,16.28,16.31,
2018-07-12,16.05,16.08,16.22
2018-07-13,16.02,16.05,15.8
2018-07-14,,,
2018-07-15,,,
2018-07-16,15.9,15.92,16.14
2018-07-17,16.03,16.07,15.87
2018-07-18,16.38,16.4,16.17
2018-07-19,16.83,16.85,16.46
2018-07-20,17.02,17.06,16.9
2018-07-21,,,
2018-07-22,,,
2018-07-23,17.35,17.38,17.2
2018-07-24,17.06,17.09,17.45
2018-07-25,17.29,17.33,
2018-07-26,17.24,17.28,16.99
2018-07-27,17.08,17.11,16.91
2018-07-28,,,
2018-07-29,,,
2018-07-30,17.01,17.03,16.9
2018-07-31,17.35,17.38,16.87
2018-08-01,17.74,17.76,17.38
2018-08-02,17.6,17.61,17.58
2018-08-03,17.63,17.65,17.62
2018-08-04,,,
2018-08-05,,,
2018-08-06,17.54,17.55,17.62
2018-08-07,17.48,17.49,17.47
2018-08-08,17.35,17.38,
2018-08-09,17.55,17.58,17.47
2018-08-10,17.84,17.87,17.72
2018-08-11,,,
2018-08-12,,,
2018-08-13,18.01,18.04,17.93
2018-08-14,18.08,18.14,18.03
2018-08-15,18.05,18.07,
2018-08-16,17.95,17.97,18
2018-08-17,18.1,18.12,18.1
2018-08-18,,,
2018-08-19,,,
2018-08-20,18.44,18.47,18.2
2018-08-21,19.26,19.29,18.55
2018-08-22,19.76,19.78,
2018-08-23,20.35,20.36,20.05
2018-08-24,20.63,20.65,20.55
2018-08-25,,,
2018-08-26,,,
2018-08-27,21.25,21.28,
2018-08-28,20.64,20.65,21.3
2018-08-29,21.01,21.02,20.9
2018-08-30,21.12,21.13,21.09
2018-08-31,21.04,21.06,21.11
2018-09-01,,,
2018-09-02,,,
2018-09-03,20.11,20.12,20.45
2018-09-04,20.13,20.14,20.5
2018-09-05,20.32,20.34,
2018-09-06,21.42,21.44,
2018-09-07,23.17,23.19,22.51
2018-09-08,,,
2018-09-09,,,
2018-09-10,25.19,25.19,24.85
2018-09-11,24.11,24.13,24.15
2018-09-12,22.91,22.92,23.55
2018-09-13,18.86,18.87,21.9
2018-09-14,19.93,19.94,19.51
2018-09-15,,,
2018-09-16,,,
2018-09-17,20.92,20.9,20.6
2018-09-18,20.19,20.19,20.75
2018-09-19,21.43,21.43,
2018-09-20,21.98,21.98,21.8
2018-09-21,22.08,22.08,
2018-09-22,,,
2018-09-23,,,
2018-09-24,22.37,22.37,22.39
2018-09-25,21.18,21.25,21.9
2018-09-26,20.19,20.24,20.4
2018-09-27,20.77,20.83,19.87
2018-09-28,21.15,21.21,20.3
2018-09-29,,,
2018-09-30,,,
2018-10-01,21.31,21.37,20.7
2018-10-02,20.93,20.98,21.45
2018-10-03,21.13,21.18,
2018-10-04,21.29,21.34,21.15
2018-10-05,22.11,22.16,21.14
2018-10-06,,,
2018-10-07,,,
2018-10-08,21.87,21.94,22.09
2018-10-09,20.75,20.79,21.32
2018-10-10,19.43,19.46,20.7
2018-10-11,19.85,19.87,18.57
2018-10-12,20.36,20.37,19.95
2018-10-13,,,
2018-10-14,,,
2018-10-15,18.58,18.58,20.03
2018-10-16,19.28,19.29,17.9
2018-10-17,19.24,19.27,
2018-10-18,19.73,19.74,18.53
2018-10-19,19.7,19.71,19.17
2018-10-20,,,
2018-10-21,,,
2018-10-22,19,19,19.1
2018-10-23,19.23,19.23,18.5
2018-10-24,19.61,19.61,19.1
2018-10-25,19.07,19.08,18.72
2018-10-26,18.27,18.28,18.98
2018-10-27,,,
2018-10-28,,,
2018-10-29,16.68,16.68,17.91
2018-10-30,16.68,16.02,16.87
2018-10-31,16.02,16.36,
2018-11-01,16.37,15.62,15.85
2018-11-02,17.07,17.08,16.15
2018-11-03,,,
2018-11-04,,,
2018-11-05,17.23,17.23,16.4
2018-11-06,17.56,17.57,16.99
2018-11-07,18.6,18.62,18.25
2018-11-08,19.57,19.56,19.56
2018-11-09,19.5,19.5,19.25
2018-11-10,,,
2018-11-11,,,
2018-11-12,20.49,20.5,20.01
2018-11-13,20.14,20.14,19.76
2018-11-14,19.74,19.73,
2018-11-15,18.98,19,18.46
2018-11-16,19.1,19.11,
2018-11-17,,,
2018-11-18,,,
2018-11-19,18.94,18.93,18.43
2018-11-20,19.45,19.46,19.4
2018-11-21,20.49,20.49,19.84
2018-11-22,20.91,20.92,20.3
2018-11-23,20.19,20.21,
2018-11-24,,,
2018-11-25,,,
2018-11-26,19.82,19.83,19.71
2018-11-27,19.61,19.6,19.77
2018-11-28,19.29,19.29,
2018-11-29,20.02,20.02,19.35
2018-11-30,20.49,20.5,
2018-12-01,,,
2018-12-02,,,
2018-12-03,20.64,20.63,20.52
2018-12-04,20.73,20.73,20.35
2018-12-05,19.68,19.67,20.21
2018-12-06,19.99,19.99,18.55
2018-12-07,20.3,20.29,
2018-12-08,,,
2018-12-09,,,
2018-12-10,20.86,20.86,19.77
2018-12-11,20.16,20.16,20.77
2018-12-12,21.47,21.47,
2018-12-13,22.32,22.32,21.88
2018-12-14,23.38,23.37,
2018-12-15,,,
2018-12-16,,,
2018-12-17,24.26,24.26,23.4
2018-12-18,23.99,24.09,
2018-12-19,24.32,24.38,
2018-12-20,24.16,24.23,
2018-12-21,24.59,24.65,
2018-12-22,,,
2018-12-23,,,
2018-12-24,24.59,24.9,
2018-12-25,24.59,,
2018-12-26,24.59,24.9,
2018-12-27,24.66,24.73,
2018-12-28,24.63,24.7,
2018-12-29,,,
2018-12-30,,,
2018-12-31,24.63,24.73,
2019-01-01,24.63,,
2019-01-02,25.02,25.06,
2019-01-03,23.04,23.08,
2019-01-04,23.49,23.54,
2019-01-05,,,
2019-01-06,,,
2019-01-07,22.07,22.09,23.01
2019-01-08,22.65,22.68,22.4
2019-01-09,21.86,21.87,
2019-01-10,21.93,21.95,21.4
2019-01-11,22.59,22.6,
2019-01-12,,,
2019-01-13,,,
2019-01-14,22.4,22.41,21.95
2019-01-15,22.48,22.49,22.55
2019-01-16,23.25,23.25,22.72
2019-01-17,23.48,23.51,23.55
2019-01-18,24.68,24.69,
2019-01-19,,,
2019-01-20,,,
2019-01-21,24.28,24.3,24.22
2019-01-22,25.01,25.03,24.42
2019-01-23,24.53,24.55,
2019-01-24,23.89,23.9,24.6
2019-01-25,23.76,23.78,
2019-01-26,,,
2019-01-27,,,
2019-01-28,22.6,22.62,23.01
2019-01-29,23.21,23.24,22.43
2019-01-30,22.86,22.91,22.91
2019-01-31,22.13,22.16,22.3
2019-02-01,21.84,21.85,21.38
2019-02-02,,,
2019-02-03,,,
2019-02-04,22.92,22.92,21.38
2019-02-05,23.04,23.03,22.93
2019-02-06,23.57,23.56,
2019-02-07,23.34,23.34,23.8
2019-02-08,22.22,22.24,23.28
2019-02-09,,,
2019-02-10,,,
2019-02-11,22.26,22.27,21.8
2019-02-12,20.56,20.58,21.71
2019-02-13,20.81,20.83,20.01
2019-02-14,19.69,19.68,20.86
2019-02-15,20.29,20.31,19.99
2019-02-16,,,
2019-02-17,,,
2019-02-18,19.89,19.9,20.14
2019-02-19,20.09,20.1,20.26
2019-02-20,20.35,20.37,
2019-02-21,18.72,18.71,19.85
2019-02-22,18.83,18.85,18.35
2019-02-23,,,
2019-02-24,,,
2019-02-25,19.15,19.15,18.62
2019-02-26,19.56,19.56,19.6
2019-02-27,21.16,21.17,20.31
2019-02-28,21.59,21.59,20.9
2019-03-01,22.18,22.18,21.31
2019-03-02,,,
2019-03-03,,,
2019-03-04,23.02,23.03,22.12
2019-03-05,22.81,22.83,22.86
2019-03-06,22.02,22.04,
2019-03-07,23.16,23.17,22.03
2019-03-08,22.92,22.91,22.88
2019-03-09,,,
2019-03-10,,,
2019-03-11,22.18,22.18,22.6
2019-03-12,22.22,22.22,22.48
2019-03-13,22.16,22.17,21.99
2019-03-14,22.61,22.63,22.23
2019-03-15,22.35,22.36,22.77
2019-03-16,,,
2019-03-17,,,
2019-03-18,21.71,21.71,21.5
2019-03-19,21,21.01,21.35
2019-03-20,21.52,21.53,
2019-03-21,20.82,20.83,21.1
2019-03-22,20.57,20.56,20.64
2019-03-23,,,
2019-03-24,,,
2019-03-25,20.83,20.83,20.6
2019-03-26,21.43,21.47,21.17
2019-03-27,21.73,21.78,21.45
2019-03-28,22.16,22.19,21.55
2019-03-29,21.45,21.47,21.83
2019-03-30,,,
2019-03-31,,,
2019-04-01,21.81,21.85,21.06
2019-04-02,21.92,21.95,21.4
2019-04-03,23.07,23.1,
2019-04-04,24.33,24.38,23.65
2019-04-05,24.49,24.54,24.17
2019-04-06,,,
2019-04-07,,,
2019-04-08,24.22,24.25,24.07
2019-04-09,25.45,25.47,25.2
2019-04-10,26.04,26.07,26.21
2019-04-11,27.24,27.26,25.88
2019-04-12,26.5,26.52,26.72
2019-04-13,,,
2019-04-14,,,
2019-04-15,26.72,26.75,27
2019-04-16,26.93,26.94,26.8
2019-04-17,27.38,27.4,
2019-04-18,26.8,26.83,26.92
2019-04-19,26.8,,
2019-04-20,,,
2019-04-21,,,
2019-04-22,26.8,26.83,
2019-04-23,27.46,27.47,27.17
2019-04-24,27.33,27.34,27.02
2019-04-25,27.2,27.21,27.46
2019-04-26,25.75,25.78,26.79
2019-04-27,,,
2019-04-28,,,
2019-04-29,26.3,26.31,25.81
2019-04-30,26.19,26.22,25.85
2019-05-01,26.19,25.71,
2019-05-02,24.6,24.63,25.04
2019-05-03,25.11,25.13,24.32
2019-05-04,,,
2019-05-05,,,
2019-05-06,25.27,25.26,
2019-05-07,26.32,26.33,25.65
2019-05-08,26.81,26.83,25.82
2019-05-09,26.41,26.43,26.81
2019-05-10,25.53,25.55,26.35
2019-05-11,,,
2019-05-12,,,
2019-05-13,24.96,24.96,25.25
2019-05-14,25.79,25.82,25.03
2019-05-15,25.88,25.9,
2019-05-16,25.5,25.5,25.81
2019-05-17,24.93,24.93,25.01
2019-05-18,,,
2019-05-19,,,
2019-05-20,25.12,25.13,24.91
2019-05-21,25.31,25.32,25.01
2019-05-22,26.29,26.3,25.4
2019-05-23,25.98,25.99,26.05
2019-05-24,25.41,25.4,25.61
2019-05-25,,,
2019-05-26,,,
2019-05-27,25.51,25.51,
2019-05-28,25.4,25.4,25.3
2019-05-29,25.45,25.45,
2019-05-30,25.22,25.22,
2019-05-31,24.41,24.39,
2019-06-01,,,
2019-06-02,,,
2019-06-03,23.66,23.67,23.96
2019-06-04,24.48,24.49,23.86
2019-06-05,24.18,24.18,24.42
2019-06-06,23.91,23.91,24.07
2019-06-07,24.44,24.44,24.24
2019-06-08,,,
2019-06-09,,,
2019-06-10,25.12,25.13,
2019-06-11,24.92,24.91,25.12
2019-06-12,24.77,24.75,
2019-06-13,24.89,24.9,24.92
2019-06-14,24.99,24.99,24.67
2019-06-15,,,
2019-06-16,,,
2019-06-17,24.96,24.96,24.78
2019-06-18,25.06,25.05,24.98
2019-06-19,24.9,24.89,24.98
2019-06-20,25.02,25.03,24.86
2019-06-21,25.23,25.24,24.87
2019-06-22,,,
2019-06-23,,,
2019-06-24,26.31,26.31,25.64
2019-06-25,26.33,26.39,
2019-06-26,26.33,27.37,
2019-06-27,26.84,26.87,27.1
2019-06-28,26.24,26.26,26.4
2019-06-29,,,
2019-06-30,,,
2019-07-01,26.85,26.89,26.72
2019-07-02,26.66,26.69,27.22
2019-07-03,26.49,26.48,26.33
2019-07-04,25.97,25.98,26.22
2019-07-05,26.32,26.35,25.84
2019-07-06,,,
2019-07-07,,,
2019-07-08,26.77,26.78,26.6
2019-07-09,26.52,26.53,26.68
2019-07-10,28.15,28.16,
2019-07-11,28.25,28.26,28.5
2019-07-12,28.75,28.76,28.25
2019-07-13,,,
2019-07-14,,,
2019-07-15,29.03,29.02,29.15
2019-07-16,28.44,28.44,29.1
2019-07-17,28.44,28.43,27.97
2019-07-18,27.73,27.74,27.99
2019-07-19,28.84,28.85,28.15
2019-07-20,,,
2019-07-21,,,
2019-07-22,28.94,28.96,28.96
2019-07-23,29.76,29.78,29.05
2019-07-24,29.15,29.16,
2019-07-25,28.98,28.99,29.46
2019-07-26,28.26,28.26,28.51
2019-07-27,,,
2019-07-28,,,
2019-07-29,28.38,28.39,28.8
2019-07-30,27.84,27.87,28.18
2019-07-31,27.93,27.95,28.04
2019-08-01,29.41,29.42,28.9
2019-08-02,29.21,29.23,29.1
2019-08-03,,,
2019-08-04,,,
2019-08-05,28.65,28.67,28.82
2019-08-06,28.36,28.38,28.48
2019-08-07,28.24,28.25,
2019-08-08,28.49,28.51,28.68
2019-08-09,28.1,28.1,28.37
2019-08-10,,,
2019-08-11,,,
2019-08-12,26.68,26.68,27.7
2019-08-13,27.09,27.08,27.1
2019-08-14,26.87,26.89,27.15
2019-08-15,25.97,25.97,26.41
2019-08-16,25.94,25.95,26.12
2019-08-17,,,
2019-08-18,,,
2019-08-19,26.55,26.55,26.25
2019-08-20,26.25,26.24,26.94
2019-08-21,26.02,26.01,
2019-08-22,25.65,25.65,25.78
2019-08-23,25.06,25.08,25.33
2019-08-24,,,
2019-08-25,,,
2019-08-26,25.81,25.82,
2019-08-27,25.4,25.4,25.25
2019-08-28,26,26,26
2019-08-29,26.45,26.45,25.93
2019-08-30,26.31,26.31,26.8
2019-08-31,,,
2019-09-01,,,
2019-09-02,25.18,25.18,25.4
2019-09-03,25.21,25.22,24.82
2019-09-04,25.51,25.52,
2019-09-05,25.53,25.53,
2019-09-06,25.09,25.08,25.46
2019-09-07,,,
2019-09-08,,,
2019-09-09,25.02,25.01,25.01
2019-09-10,26.71,26.72,25.5
2019-09-11,26.25,26.27,26.68
2019-09-12,26.41,26.43,26.55
2019-09-13,26.39,26.37,26.22
2019-09-14,,,
2019-09-15,,,
2019-09-16,27.02,27.02,26.58
2019-09-17,26.19,26.2,26.75
2019-09-18,25.44,25.44,
2019-09-19,25.94,25.94,25.56
2019-09-20,26.52,26.51,26.17
2019-09-21,,,
2019-09-22,,,
2019-09-23,25.79,25.78,25.93
2019-09-24,25.53,25.52,25.59
2019-09-25,25.2,25.19,25.17
2019-09-26,25.62,25.62,25.21
2019-09-27,25.28,25.29,25.3
2019-09-28,,,
2019-09-29,,,
2019-09-30,24.72,24.72,25.03
2019-10-01,25.03,25.04,24.4
2019-10-02,24.19,24.19,
2019-10-03,23.23,23.24,24.03
2019-10-04,22.94,22.94,23.41
2019-10-05,,,
2019-10-06,,,
2019-10-07,23.4,23.41,22.77
2019-10-08,22.52,22.53,23.37
2019-10-09,22.66,22.65,22.16
2019-10-10,23.25,23.26,22.83
2019-10-11,24.45,24.44,23.62
2019-10-12,,,
2019-10-13,,,
2019-10-14,24.15,24.15,23.82
2019-10-15,25.72,25.71,24.48
2019-10-16,26.31,26.3,
2019-10-17,26.06,26.06,25.96
2019-10-18,25.87,25.88,25.64
2019-10-19,,,
2019-10-20,,,
2019-10-21,25.93,25.93,25.9
2019-10-22,25.65,25.66,25.7
2019-10-23,24.75,24.75,25.09
2019-10-24,25.43,25.44,24.61
2019-10-25,24.97,24.97,24.86
2019-10-26,,,
2019-10-27,,,
2019-10-28,25.11,25.12,24.68
2019-10-29,25.45,25.45,25.4
2019-10-30,25.99,26,
2019-10-31,25.61,25.61,25.95
2019-11-01,25.28,25.29,25.71
2019-11-02,,,
2019-11-03,,,
2019-11-04,25.62,25.63,24.93
2019-11-05,25.5,25.51,25.8
2019-11-06,24.78,24.79,25.1
2019-11-07,24.93,24.94,24.86
2019-11-08,24.83,24.84,24.62
2019-11-09,,,
2019-11-10,,,
2019-11-11,24.92,24.93,25.21
2019-11-12,24.11,24.12,24.95
2019-11-13,24.38,24.39,
2019-11-14,23.95,23.96,24.28
2019-11-15,23.84,23.85,23.41
2019-11-16,,,
2019-11-17,,,
2019-11-18,23.39,23.39,23.41
2019-11-19,23.43,23.44,23.62
2019-11-20,24.02,24.03,23.34
2019-11-21,23.93,23.94,23.96
2019-11-22,24.57,24.58,24.32
2019-11-23,,,
2019-11-24,,,
2019-11-25,24.43,24.44,24.52
2019-11-26,24.37,24.38,24.29
2019-11-27,25.11,25.11,
2019-11-28,25.01,25.01,24.91
2019-11-29,25.22,25.22,25.03
2019-11-30,,,
2019-12-01,,,
2019-12-02,24.33,24.33,24.62
2019-12-03,24,24,24.41
2019-12-04,24.74,24.74,24.1
2019-12-05,24.69,24.69,24.5
2019-12-06,24.94,24.94,24.7
2019-12-07,,,
2019-12-08,,,
2019-12-09,25.13,25.13,24.4
2019-12-10,24.94,24.94,24.98
2019-12-11,24.48,24.48,
2019-12-12,25.07,25.07,24.62
2019-12-13,24.02,24.02,25.33
2019-12-14,,,
2019-12-15,,,
2019-12-16,24.86,24.86,24.21
2019-12-17,25.92,25.95,
2019-12-18,26.44,26.47,
2019-12-19,26.71,26.74,
2019-12-20,26.53,26.56,
2019-12-21,,,
2019-12-22,,,
2019-12-23,26.41,26.43,
2019-12-24,26.41,25.97,
2019-12-25,26.41,,
2019-12-26,26.41,,
2019-12-27,26.56,26.59,
2019-12-28,,,
2019-12-29,,,
2019-12-30,24.93,24.97,
2019-12-31,24.93,24.52,
2020-01-01,24.93,,
2020-01-02,24.24,24.28,
2020-01-03,24.86,24.9,
2020-01-04,,,
2020-01-05,,,
2020-01-06,24.13,24.15,
2020-01-07,24.45,24.47,24.06
2020-01-08,23.97,23.97,
2020-01-09,24.58,24.58,24.01
2020-01-10,24.11,24.12,24.48
2020-01-11,,,
2020-01-12,,,
2020-01-13,24.05,24.06,24.03
2020-01-14,23.76,23.77,23.74
2020-01-15,24.42,24.43,24.2
2020-01-16,24.77,24.77,24.85
2020-01-17,25.36,25.36,25.01
2020-01-18,,,
2020-01-19,,,
2020-01-20,25.1,25.11,25.6
2020-01-21,24.85,24.85,25.1
2020-01-22,24.94,24.94,
2020-01-23,24.62,24.63,24.65
2020-01-24,24.31,24.3,24.48
2020-01-25,,,
2020-01-26,,,
2020-01-27,24.51,24.52,24.04
2020-01-28,24.58,24.58,24.55
2020-01-29,23.91,23.92,24.04
2020-01-30,23.66,23.67,23.74
2020-01-31,23.8,23.82,23.48
2020-02-01,,,
2020-02-02,,,
2020-02-03,23.14,23.15,23.2
2020-02-04,23.29,23.3,23.33
2020-02-05,23.71,23.71,
2020-02-06,23.5,23.5,23.4
2020-02-07,23.27,23.26,23.17
2020-02-08,,,
2020-02-09,,,
2020-02-10,23.1,23.11,22.91
2020-02-11,23.25,23.25,23.15
2020-02-12,23.83,23.83,23.35
2020-02-13,24.34,24.35,23.52
2020-02-14,24.23,24.24,24.27
2020-02-15,,,
2020-02-16,,,
2020-02-17,24.99,25,24.11
2020-02-18,25.09,25.09,24.8
2020-02-19,25.66,25.66,
2020-02-20,25.59,25.59,25.5
2020-02-21,25.56,25.56,25.15
2020-02-22,,,
2020-02-23,,,
2020-02-24,24.53,24.53,24.64
2020-02-25,24.14,24.14,24.32
2020-02-26,24.23,24.22,23.85
2020-02-27,23.57,23.56,23.8
2020-02-28,23.57,23.57,23.46
2020-02-29,,,
2020-03-01,,,
2020-03-02,23.48,23.49,23.96
2020-03-03,23.34,23.33,23.26
2020-03-04,23.79,23.8,
2020-03-05,23.77,23.77,23.9
2020-03-06,23.39,23.39,23.36
2020-03-07,,,
2020-03-08,,,
2020-03-09,23.25,23.25,22.65
2020-03-10,24.06,24.07,23.76
2020-03-11,23.89,23.89,23.63
2020-03-12,22.5,22.49,22.85
2020-03-13,21.9,21.89,22.78
2020-03-14,,,
2020-03-15,,,
2020-03-16,19.41,19.41,20.64
2020-03-17,18.24,18.25,
2020-03-18,15.23,15.24,
2020-03-19,16.31,16.31,16.03
2020-03-20,16.03,16.04,16.35
2020-03-21,,,
2020-03-22,,,
2020-03-23,15.45,15.45,14.6
2020-03-24,16.7,16.7,16.25
2020-03-25,17.42,17.41,16.95
2020-03-26,17.22,17.22,16.3
2020-03-27,16.26,16.26,16.55
2020-03-28,,,
2020-03-29,,,
2020-03-30,16.93,16.93,16.32
2020-03-31,17.54,17.59,17.4
2020-04-01,16.95,17,
2020-04-02,17.93,17.99,17.52
2020-04-03,17.84,17.89,17.9
2020-04-04,,,
2020-04-05,,,
2020-04-06,20.28,20.33,18.36
2020-04-07,20.4,20.44,21.11
2020-04-08,21.03,21.06,20.07
2020-04-09,20.98,21.01,21.4
2020-04-10,20.98,,
2020-04-11,,,
2020-04-12,,,
2020-04-13,20.98,,
2020-04-14,19.72,19.76,20.17
2020-04-15,19.17,19.2,
2020-04-16,20.84,20.89,20.1
2020-04-17,21.62,21.64,21.87
2020-04-18,,,
2020-04-19,,,
2020-04-20,21.29,21.32,21.24
2020-04-21,19.78,19.79,20.4
2020-04-22,20.57,20.59,19.75
2020-04-23,20.94,20.97,20.24
2020-04-24,20.66,20.68,20.49
2020-04-25,,,
2020-04-26,,,
2020-04-27,20.2,20.22,20.4
2020-04-28,20.13,20.15,19.99
2020-04-29,20.11,20.13,
2020-04-30,19.5,19.51,19.97
2020-05-01,19.5,18.91,
2020-05-02,,,
2020-05-03,,,
2020-05-04,19.28,19.29,
2020-05-05,19.02,19.03,19.01
2020-05-06,18.92,18.94,18.85
2020-05-07,19.46,19.48,19
2020-05-08,19.26,19.29,19.38
2020-05-09,,,
2020-05-10,,,
2020-05-11,18.98,19,18.81
2020-05-12,18.43,18.46,18.72
2020-05-13,18.58,18.6,
2020-05-14,18.76,18.77,18.37
2020-05-15,19.09,19.11,19.02
2020-05-16,,,
2020-05-17,,,
2020-05-18,20.26,20.28,19.3
2020-05-19,19.91,19.9,20.02
2020-05-20,21.19,21.19,20.11
2020-05-21,21.11,21.12,
2020-05-22,21.33,21.33,
2020-05-23,,,
2020-05-24,,,
2020-05-25,21.52,21.54,
2020-05-26,21.52,21.53,21.45
2020-05-27,21.24,21.26,
2020-05-28,21.17,21.19,20.95
2020-05-29,21.32,21.33,21.7
2020-05-30,,,
2020-05-31,,,
2020-06-01,20.89,20.9,
2020-06-02,21.99,22,21.15
2020-06-03,22,22.01,21.98
2020-06-04,22.13,22.14,21.77
2020-06-05,23.16,23.17,22.5
2020-06-06,,,
2020-06-07,,,
2020-06-08,22.64,22.65,22.66
2020-06-09,22.41,22.42,22.3
2020-06-10,22.84,22.85,
2020-06-11,22.2,22.21,22.2
2020-06-12,21.93,21.93,22.15
2020-06-13,,,
2020-06-14,,,
2020-06-15,22.09,22.1,21.8
2020-06-16,22.71,22.72,22.87
2020-06-17,22.69,22.69,22.81
2020-06-18,24.4,24.4,23.63
2020-06-19,24.09,24.09,24.18
2020-06-20,,,
2020-06-21,,,
2020-06-22,24.47,24.46,24.15
2020-06-23,25.35,25.35,24.85
2020-06-24,25.33,25.33,
2020-06-25,25.1,25.11,25.15
2020-06-26,24.66,24.66,24.9
2020-06-27,,,
2020-06-28,,,
2020-06-29,26.55,26.55,24.74
2020-06-30,26.9,26.95,25.99
2020-07-01,27.63,27.69,26.88
2020-07-02,27.3,27.35,27.25
2020-07-03,27.84,27.89,27
2020-07-04,,,
2020-07-05,,,
2020-07-06,29.63,29.68,28.86
2020-07-07,29.32,29.36,29.34
2020-07-08,29.24,29.29,
2020-07-09,28.54,28.58,28.48
2020-07-10,28.94,28.98,27.66
2020-07-11,,,
2020-07-12,,,
2020-07-13,29.27,29.31,30.04
2020-07-14,29.56,29.6,29.2
2020-07-15,28.76,28.81,29.81
2020-07-16,26.52,26.54,28.13
2020-07-17,27.74,27.75,26.85
2020-07-18,,,
2020-07-19,,,
2020-07-20,26.09,26.1,26.85
2020-07-21,26.54,26.55,26.34
2020-07-22,26.56,26.57,
2020-07-23,27.25,27.27,26.76
2020-07-24,26.29,26.31,26.57
2020-07-25,,,
2020-07-26,,,
2020-07-27,24.93,24.95,25.53
2020-07-28,25.64,25.69,25.03
2020-07-29,26.11,26.14,25.96
2020-07-30,25.48,25.5,25.34
2020-07-31,26.21,26.23,26.3
2020-08-01,,,
2020-08-02,,,
2020-08-03,26.05,26.07,25.81
2020-08-04,26.76,26.78,25.95
2020-08-05,26.7,26.73,
2020-08-06,26.32,26.35,26.95
2020-08-07,26.35,26.38,26.16
2020-08-08,,,
2020-08-09,,,
2020-08-10,26.64,26.68,26.92
2020-08-11,26.14,26.16,26.71
2020-08-12,25.91,25.94,25.55
2020-08-13,25.36,25.4,25.94
2020-08-14,25.42,25.44,25.25
2020-08-15,,,
2020-08-16,,,
2020-08-17,26.25,26.26,25.42
2020-08-18,26.49,26.51,26.05
2020-08-19,26.19,26.2,
2020-08-20,25.87,25.88,25.7
2020-08-21,25.61,25.63,25.36
2020-08-22,,,
2020-08-23,,,
2020-08-24,27.45,27.46,26.6
2020-08-25,28.59,28.59,27.33
2020-08-26,28.59,28.6,28.42
2020-08-27,28.34,28.35,28.03
2020-08-28,29.49,29.5,29.5
2020-08-29,,,
2020-08-30,,,
2020-08-31,28.63,28.64,
2020-09-01,27.72,27.72,28.28
2020-09-02,28.2,28.21,
2020-09-03,28.71,28.72,
2020-09-04,27.32,27.34,28.8
2020-09-05,,,
2020-09-06,,,
2020-09-07,27.03,27.04,26.9
2020-09-08,26.76,26.78,27.25
2020-09-09,27.18,27.19,26.45
2020-09-10,28.38,28.4,27.46
2020-09-11,28.24,28.24,28.05
2020-09-12,,,
2020-09-13,,,
2020-09-14,30.44,30.44,28.66
2020-09-15,29.76,29.76,29.99
2020-09-16,29.95,29.96,
2020-09-17,28.4,28.41,29.1
2020-09-18,27.97,27.97,28.36
2020-09-19,,,
2020-09-20,,,
2020-09-21,26.38,26.38,27.12
2020-09-22,27.82,27.83,26.75
2020-09-23,26.48,26.48,27.31
2020-09-24,26.77,26.77,26.28
2020-09-25,26.14,26.15,26.2
2020-09-26,,,
2020-09-27,,,
2020-09-28,27.69,27.69,26.28
2020-09-29,26.75,26.79,27.09
2020-09-30,26.9,26.93,
2020-10-01,26.48,26.51,26.41
2020-10-02,27,27.03,26.11
2020-10-03,,,
2020-10-04,,,
2020-10-05,26.91,26.94,26.79
2020-10-06,26.76,26.79,26.68
2020-10-07,26.87,26.9,27.43
2020-10-08,26.32,26.34,26.4
2020-10-09,25.71,25.71,26
2020-10-10,,,
2020-10-11,,,
2020-10-12,25.87,25.87,25.54
2020-10-13,25.22,25.22,25.3
2020-10-14,25.75,25.75,
2020-10-15,24.97,24.96,25.15
2020-10-16,24.9,24.89,25.46
2020-10-17,,,
2020-10-18,,,
2020-10-19,24.99,24.98,24.85
2020-10-20,24.41,24.41,24.44
2020-10-21,23.56,23.56,23.96
2020-10-22,24.18,24.18,23.6
2020-10-23,25.49,25.49,24.92
2020-10-24,,,
2020-10-25,,,
2020-10-26,23.85,23.85,24.33
2020-10-27,24.07,24.07,23.55
2020-10-28,23.03,23.03,
2020-10-29,23.66,23.67,23.07
2020-10-30,23.69,23.71,23.45
2020-10-31,,,
2020-11-01,,,
2020-11-02,23.66,23.67,23.02
2020-11-03,24.37,24.39,24.4
2020-11-04,25.1,25.11,23.99
2020-11-05,25.98,25.98,25.55
2020-11-06,25.43,25.42,25.2
2020-11-07,,,
2020-11-08,,,
2020-11-09,26.55,26.55,25.41
2020-11-10,26.22,26.23,26.47
2020-11-11,26.12,26.13,
2020-11-12,25.92,25.92,25.9
2020-11-13,26.29,26.28,26.31
2020-11-14,,,
2020-11-15,,,
2020-11-16,27.38,27.39,26.67
2020-11-17,26.64,26.64,27.12
2020-11-18,27.19,27.19,27.42
2020-11-19,26.35,26.35,26.72
2020-11-20,26.74,26.74,26.8
2020-11-21,,,
2020-11-22,,,
2020-11-23,27.25,27.25,27.25
2020-11-24,27.63,27.63,26.97
2020-11-25,27.62,27.62,
2020-11-26,28.1,28.1,27.77
2020-11-27,28.13,28.13,28.23
2020-11-28,,,
2020-11-29,,,
2020-11-30,29.13,29.14,28.82
2020-12-01,28.85,28.86,29.24
2020-12-02,29.54,29.55,28.9
2020-12-03,28.99,29,29.1
2020-12-04,30.11,30.11,30
2020-12-05,,,
2020-12-06,,,
2020-12-07,29.62,29.62,29.49
2020-12-08,29.57,29.57,29.69
2020-12-09,29.7,29.7,
2020-12-10,30.9,30.9,30.04
2020-12-11,30.52,30.52,30.45
2020-12-12,,,
2020-12-13,,,
2020-12-14,30.81,30.81,30.92
2020-12-15,32.01,32.05,
2020-12-16,31.61,31.66,
2020-12-17,31.8,31.83,
2020-12-18,30.94,30.96,
2020-12-19,,,
2020-12-20,,,
2020-12-21,30.76,30.77,
2020-12-22,31.01,31.03,
2020-12-23,31.77,31.79,
2020-12-24,31.77,32.06,
2020-12-25,31.77,,
2020-12-26,,,
2020-12-27,,,
2020-12-28,33.28,33.29,
2020-12-29,32.86,32.89,
2020-12-30,32.04,32.08,
2020-12-31,32.04,32.59,
2021-01-01,32.04,,
2021-01-02,,,
2021-01-03,,,
2021-01-04,33.54,33.58,
2021-01-05,32.82,32.87,
2021-01-06,33.5,33.53,
2021-01-07,34.64,34.66,
2021-01-08,34.79,34.82,
2021-01-09,,,
2021-01-10,,,
2021-01-11,34.42,34.43,
2021-01-12,34.54,34.56,
2021-01-13,33.55,33.55,
2021-01-14,33.42,33.43,
2021-01-15,31.64,31.65,
2021-01-16,,,
2021-01-17,,,
2021-01-18,31.53,31.54,
2021-01-19,33,33,
2021-01-20,32.82,32.82,
2021-01-21,34.02,34.03,
2021-01-22,34.15,34.17,
2021-01-23,,,
2021-01-24,,,
2021-01-25,33.08,33.1,
2021-01-26,33.27,33.29,
2021-01-27,33.2,33.22,
2021-01-28,33.89,33.89,
2021-01-29,32.89,32.89,33.51
2021-01-30,,,
2021-01-31,,,
2021-02-01,32.81,32.81,32.66
2021-02-02,34.93,34.93,33.2
2021-02-03,37.38,37.39,38
2021-02-04,37.21,37.23,36.51
2021-02-05,38.15,38.15,37.61
2021-02-06,,,
2021-02-07,,,
2021-02-08,38.56,38.56,38.62
2021-02-09,38.21,38.21,37.58
2021-02-10,39.29,39.28,37.7
2021-02-11,38.71,38.71,39.62
2021-02-12,39.97,39.97,37.8
2021-02-13,,,
2021-02-14,,,
2021-02-15,39.47,39.47,39.82
2021-02-16,38.82,38.81,40.19
2021-02-17,38.04,38.04,38.42
2021-02-18,38.25,38.27,38.01
2021-02-19,37.34,37.36,38.36
2021-02-20,,,
2021-02-21,,,
2021-02-22,37.89,37.91,36.84
2021-02-23,38.58,38.61,37.5
2021-02-24,39.06,39.09,38.42
2021-02-25,38.17,38.2,38.88
2021-02-26,37.19,37.23,37.51
2021-02-27,,,
2021-02-28,,,
2021-03-01,37.04,37.07,37.66
2021-03-02,38.26,38.29,37.25
2021-03-03,37.38,37.41,37.56
2021-03-04,38.07,38.1,36.9
2021-03-05,38.92,38.96,38.08
2021-03-06,,,
2021-03-07,,,
2021-03-08,39.04,39.07,38.41
2021-03-09,40.54,40.58,39.4
2021-03-10,41.44,41.47,41
2021-03-11,41.82,41.85,40.92
2021-03-12,42.74,42.77,41.52
2021-03-13,,,
2021-03-14,,,
2021-03-15,42.3,42.29,42.84
2021-03-16,41.47,41.47,41.92
2021-03-17,42.82,42.86,41.52
2021-03-18,42.25,42.28,43.35
2021-03-19,41.85,41.84,41.91
2021-03-20,,,
2021-03-21,,,
2021-03-22,42.72,42.72,41.8
2021-03-23,41.32,41.35,41.77
2021-03-24,41.49,41.53,40.94
2021-03-25,40.25,40.29,40.69
2021-03-26,41.63,41.66,40.86
2021-03-27,,,
2021-03-28,,,
2021-03-29,41.75,41.78,40.71
2021-03-30,41.95,41.98,42.25
2021-03-31,42.45,42.48,42.26
2021-04-01,42.38,42.4,42.04
2021-04-02,42.38,,
2021-04-03,,,
2021-04-04,,,
2021-04-05,42.38,,
2021-04-06,44.15,44.17,43.05
2021-04-07,43.76,43.79,43.63
2021-04-08,43.37,43.41,43.45
2021-04-09,43.55,43.58,43.18
2021-04-10,,,
2021-04-11,,,
2021-04-12,44.33,44.42,43.86
2021-04-13,43.69,43.79,44.1
2021-04-14,43.74,43.76,43.9
2021-04-15,44.26,44.1,43.99
2021-04-16,44.35,44.35,44.5
2021-04-17,,,
2021-04-18,,,
2021-04-19,43.82,44.28,44.66
2021-04-20,44.99,44.82,44.2
2021-04-21,45.81,45.83,44.85
2021-04-22,47,47.02,46.6
2021-04-23,46.87,46.88,46.41
2021-04-24,,,
2021-04-25,,,
2021-04-26,47.11,47.13,47.24
2021-04-27,47.2,47.21,46.55
2021-04-28,47.69,47.7,48
2021-04-29,47.91,47.93,47.25
2021-04-30,48.74,48.75,47.68
2021-05-01,,,
2021-05-02,,,
2021-05-03,49.32,49.33,
2021-05-04,48.5,48.52,49.33
2021-05-05,49.32,49.35,48.62
2021-05-06,49.82,49.84,49.45
2021-05-07,50.33,50.35,49.46
2021-05-08,,,
2021-05-09,,,
2021-05-10,52.1,52.12,51.81
2021-05-11,52.91,52.92,51.59
2021-05-12,55.17,55.17,53.95
2021-05-13,54.34,54.35,
2021-05-14,56.5,56.49,
2021-05-15,,,
2021-05-16,,,
2021-05-17,56.16,56.17,55.57
2021-05-18,52.9,52.92,55.53
2021-05-19,49.55,49.57,52.12
2021-05-20,52.58,52.59,50.84
2021-05-21,51.65,51.66,52.71
2021-05-22,,,
2021-05-23,,,
2021-05-24,52.68,52.69,
2021-05-25,53.23,53.24,53.09
2021-05-26,53.59,53.59,54.07
2021-05-27,51.76,51.76,52.11
2021-05-28,50.95,50.95,51.08
2021-05-29,,,
2021-05-30,,,
2021-05-31,51.61,51.62,
2021-06-01,52.31,52.32,52.58
2021-06-02,51.3,51.32,51.5
2021-06-03,50.17,50.17,51.9
2021-06-04,49.9,49.9,49.55
2021-06-05,,,
2021-06-06,,,
2021-06-07,51.39,51.39,48.56
2021-06-08,52.1,52.09,52.03
2021-06-09,53.43,53.43,53.7
2021-06-10,53.7,53.7,53.3
2021-06-11,52.59,52.59,53.12
2021-06-12,,,
2021-06-13,,,
2021-06-14,52.81,52.81,53.6
2021-06-15,51.31,51.31,51.18
2021-06-16,51.25,51.25,50.83
2021-06-17,50.82,50.82,50.84
2021-06-18,51.81,51.81,51.51
2021-06-19,,,
2021-06-20,,,
2021-06-21,52.33,52.33,52.09
2021-06-22,53.32,53.31,52.97
2021-06-23,54.56,54.57,53.62
2021-06-24,54.99,54.99,54.85
2021-06-25,54.95,54.95,55.69
2021-06-26,,,
2021-06-27,,,
2021-06-28,55.4,55.4,55.06
2021-06-29,55.54,55.58,55.39
2021-06-30,56.25,56.31,55.57
2021-07-01,57.52,57.58,58.01
2021-07-02,57.24,57.29,57.11
2021-07-03,,,
2021-07-04,,,
2021-07-05,57.76,57.81,57.91
2021-07-06,53.91,53.96,57.15
2021-07-07,52.5,52.56,53.98
2021-07-08,52.24,52.29,51.09
2021-07-09,54.17,54.2,53.85
2021-07-10,,,
2021-07-11,,,
2021-07-12,51.62,51.65,52.5
2021-07-13,52.77,52.79,52.44
2021-07-14,53.28,53.3,52
2021-07-15,52.88,52.91,52.28
2021-07-16,52.78,52.82,53.33
2021-07-17,,,
2021-07-18,,,
2021-07-19,52.31,52.34,53.55
2021-07-20,51.12,51.15,51.74
2021-07-21,52.06,52.08,51.7
2021-07-22,50.71,50.74,51.44
2021-07-23,50.82,50.84,50.13
2021-07-24,,,
2021-07-25,,,
2021-07-26,53.12,53.15,51.79
2021-07-27,52.84,52.85,52.8
2021-07-28,53.77,53.78,53.45
2021-07-29,53.99,54,54.02
2021-07-30,53.26,53.28,53
2021-07-31,,,
2021-08-01,,,
2021-08-02,54.37,54.38,54.6
2021-08-03,54.12,54.14,54.17
2021-08-04,55.39,55.41,55
2021-08-05,55.91,55.93,54.84
2021-08-06,56.58,56.61,56.72
2021-08-07,,,
2021-08-08,,,
2021-08-09,56.55,56.57,56
2021-08-10,57.33,57.36,57.1
2021-08-11,57.69,57.73,56.69
2021-08-12,56.18,56.21,57.36
2021-08-13,55.31,55.33,55.6
2021-08-14,,,
2021-08-15,,,
2021-08-16,58.08,58.11,57.18
2021-08-17,57.17,57.18,57.4
2021-08-18,57.06,57.08,57.7
2021-08-19,53.43,53.45,55.81
2021-08-20,54.31,54.33,54.4
2021-08-21,,,
2021-08-22,,,
2021-08-23,55.29,55.3,55.95
2021-08-24,56.58,56.6,55.72
2021-08-25,56.48,56.5,56.63
2021-08-26,56.81,56.82,55.61
2021-08-27,58.95,58.96,57.51
2021-08-28,,,
2021-08-29,,,
2021-08-30,60.71,60.72,
2021-08-31,60.71,60.72,60.11
2021-09-01,60.07,60.07,61.29
2021-09-02,61.48,61.48,
2021-09-03,61.29,61.28,61.25
2021-09-04,,,
2021-09-05,,,
2021-09-06,62.27,62.27,62.87
2021-09-07,61.95,61.95,61.71
2021-09-08,62.41,62.41,61.93
2021-09-09,62.7,62.69,61.98
2021-09-10,60.87,60.86,61.85
2021-09-11,,,
2021-09-12,,,
2021-09-13,61.01,61.01,61.91
2021-09-14,59.8,59.8,61.51
2021-09-15,59.8,59.8,60.32
2021-09-16,59.26,59.26,59.89
2021-09-17,59.43,59.43,59.6
2021-09-18,,,
2021-09-19,,,
2021-09-20,60.62,60.63,58.56
2021-09-21,60.1,60.11,60.31
2021-09-22,60.54,60.54,60.02
2021-09-23,60.49,60.48,59.45
2021-09-24,62.88,62.88,61.24
2021-09-25,,,
2021-09-26,,,
2021-09-27,64.32,64.31,64
2021-09-28,61.86,61.92,65
2021-09-29,62.82,62.88,61.83
2021-09-30,61.68,61.74,61.37
2021-10-01,61.99,62.04,62.04
2021-10-02,,,
2021-10-03,,,
2021-10-04,63.34,63.4,63.56
2021-10-05,64.66,64.72,63.66
2021-10-06,59.04,59.12,61.36
2021-10-07,60.33,60.37,58.99
2021-10-08,58.31,58.33,59.92
2021-10-09,,,
2021-10-10,,,
2021-10-11,59.11,59.15,59.33
2021-10-12,58.89,58.93,58.86
2021-10-13,59.04,59.07,59.63
2021-10-14,61.4,61.44,59.43
2021-10-15,59.41,59.44,61.01
2021-10-16,,,
2021-10-17,,,
2021-10-18,58.54,58.56,58.85
2021-10-19,54.52,54.55,57.58
2021-10-20,57.76,57.78,56
2021-10-21,57.96,57.98,57.1
2021-10-22,58.25,58.27,59.5
2021-10-23,,,
2021-10-24,,,
2021-10-25,58.96,58.99,58.94
2021-10-26,59.78,59.81,58.96
2021-10-27,59.88,59.9,58.92
2021-10-28,58.55,58.57,58.93
2021-10-29,58.7,58.71,59.4
2021-10-30,,,
2021-10-31,,,
2021-11-01,56.92,56.94,59.98
2021-11-02,59.43,59.46,57.8
2021-11-03,59.8,59.82,59.78
2021-11-04,59.85,59.86,59.81
2021-11-05,59.39,59.39,61.05
2021-11-06,,,
2021-11-07,,,
2021-11-08,60.62,60.63,60.06
2021-11-09,60.41,60.41,60.11
2021-11-10,63.15,63.16,60.25
2021-11-11,63.69,63.7,62.31
2021-11-12,63.26,63.27,63.53
2021-11-13,,,
2021-11-14,,,
2021-11-15,65.92,65.93,64.4
2021-11-16,67.54,67.55,67.5
2021-11-17,67.15,67.16,67.14
2021-11-18,69.09,69.1,66.51
2021-11-19,69.35,69.36,69.21
2021-11-20,,,
2021-11-21,,,
2021-11-22,69.9,69.91,69.7
2021-11-23,69.17,69.17,69.88
2021-11-24,72.9,72.91,69.51
2021-11-25,74.45,74.46,72.15
2021-11-26,72.77,72.78,71.95
2021-11-27,,,
2021-11-28,,,
2021-11-29,74.18,74.21,74.48
2021-11-30,75.36,75.37,74.82
2021-12-01,76.8,76.81,76.38
2021-12-02,79.85,79.86,77.1
2021-12-03,78.24,78.25,78.76
2021-12-04,,,
2021-12-05,,,
2021-12-06,81.24,81.25,80
2021-12-07,84.89,84.91,82.87
2021-12-08,88.88,88.88,87.45
2021-12-09,80.19,80.2,84.93
2021-12-10,83.73,83.73,79.83
2021-12-11,,,
2021-12-12,,,
2021-12-13,82.12,82.12,85
2021-12-14,79.48,79.48,79.99
2021-12-15,80.5,80.5,79.29
2021-12-16,84.77,84.77,80.5
2021-12-17,73.28,73.28,82.25
2021-12-18,,,
2021-12-19,,,
2021-12-20,79.38,79.38,74.57
2021-12-21,80.42,80.49,
2021-12-22,76.26,76.37,
2021-12-23,73.92,74.04,
2021-12-24,73.92,75.91,
2021-12-25,,,
2021-12-26,,,
2021-12-27,76.38,76.55,
2021-12-28,78.75,78.86,
2021-12-29,79.81,79.97,
2021-12-30,79.61,79.77,
2021-12-31,79.61,80.22,
2022-01-01,,,
2022-01-02,,,
2022-01-03,83.52,83.63,
2022-01-04,84.44,84.55,
2022-01-05,87.15,87.24,
2022-01-06,86.31,86.4,
2022-01-07,84.99,85.09,
2022-01-08,,,
2022-01-09,,,
2022-01-10,79.73,79.8,82.71
2022-01-11,80.95,81.03,81.9
2022-01-12,79.69,79.75,
2022-01-13,80.23,80.3,79.05
2022-01-14,81.73,81.82,81.52
2022-01-15,,,
2022-01-16,,,
2022-01-17,80.23,80.32,80.21
2022-01-18,82.31,82.38,79.22
2022-01-19,81.72,81.82,80.7
2022-01-20,85.23,85.32,80.8
2022-01-21,84.11,84.17,84.03
2022-01-22,,,
2022-01-23,,,
2022-01-24,83.66,83.72,85.75
2022-01-25,87.09,87.15,84.48
2022-01-26,88.3,88.36,
2022-01-27,89.39,89.46,88.51
2022-01-28,88.83,88.9,89.25
2022-01-29,,,
2022-01-30,,,
2022-01-31,88.8,88.89,88.03
2022-02-01,89.09,89.18,
2022-02-02,93.68,93.76,91.61
2022-02-03,94.32,94.38,92.65
2022-02-04,95.95,96.03,94.65
2022-02-05,,,
2022-02-06,,,
2022-02-07,96.21,96.28,93.5
2022-02-08,96.41,96.48,97.51
2022-02-09,90.34,90.4,
2022-02-10,90.36,90.41,90.6
2022-02-11,92.45,92.5,89.98
2022-02-12,,,
2022-02-13,,,
2022-02-14,91.29,91.33,90.73
2022-02-15,90.67,90.71,90.35
2022-02-16,89.34,89.38,88.05
2022-02-17,85.95,85.98,87.5
2022-02-18,89.01,89.05,87.65
2022-02-19,,,
2022-02-20,,,
2022-02-21,89.26,89.29,87.99
2022-02-22,89.37,89.39,88.4
2022-02-23,94.66,94.69,92.8
2022-02-24,86.62,86.66,88
2022-02-25,87.72,87.74,86.9
2022-02-26,,,
2022-02-27,,,
2022-02-28,81.81,81.82,80.92
2022-03-01,68.53,68.53,79.96
2022-03-02,68.25,68.26,
2022-03-03,67.08,67.09,63.87
2022-03-04,64.78,64.79,67.22
2022-03-05,,,
2022-03-06,,,
2022-03-07,57.92,57.93,57.91
2022-03-08,68.1,68.12,62.01
2022-03-09,72.77,72.78,
2022-03-10,76.02,76.03,70.04
2022-03-11,76.38,76.39,76.5
2022-03-12,,,
2022-03-13,,,
2022-03-14,77.88,77.89,78.6
2022-03-15,77.03,77.04,75.55
2022-03-16,77.75,77.77,75.25
2022-03-17,79.52,79.53,76.87
2022-03-18,78.52,78.52,79.21
2022-03-19,,,
2022-03-20,,,
2022-03-21,78.01,78.01,77.76
2022-03-22,80.29,80.29,79.05
2022-03-23,76.25,76.25,
2022-03-24,77.94,77.94,76.15
2022-03-25,78.31,78.31,78.5
2022-03-26,,,
2022-03-27,,,
2022-03-28,80.54,80.54,80.76
2022-03-29,81.44,81.54,80.51
2022-03-30,78.04,78.12,77.22
2022-03-31,76.25,76.32,79.25
2022-04-01,78.29,78.35,78
2022-04-02,,,
2022-04-03,,,
2022-04-04,78.29,78.34,77.5
2022-04-05,77.85,77.89,78.33
2022-04-06,76.97,77.02,
2022-04-07,79.73,79.78,77.13
2022-04-08,79.89,79.93,80.21
2022-04-09,,,
2022-04-10,,,
2022-04-11,77.75,77.79,79.02
2022-04-12,78.81,78.84,77.36
2022-04-13,77.22,77.26,77.27
2022-04-14,79.72,79.78,78.8
2022-04-15,79.72,,
2022-04-16,,,
2022-04-17,,,
2022-04-18,79.72,79.78,
2022-04-19,79.9,79.98,79.4
2022-04-20,87.53,87.6,
2022-04-21,86.11,86.19,85.9
2022-04-22,88.6,88.68,87.4
2022-04-23,,,
2022-04-24,,,
2022-04-25,83.06,83.13,85.81
2022-04-26,82.29,82.35,83.43
2022-04-27,80.6,80.66,79.99
2022-04-28,82.26,82.31,80.55
2022-04-29,84.01,84.04,82.86
2022-04-30,,,
2022-05-01,,,
2022-05-02,82.61,82.65,82.84
2022-05-03,87.75,87.78,84.25
2022-05-04,87.87,87.9,
2022-05-05,88.48,88.53,87.8
2022-05-06,91.1,91.14,90.77
2022-05-07,,,
2022-05-08,,,
2022-05-09,86.58,86.62,90.11
2022-05-10,86.9,86.93,86.5
2022-05-11,88.41,88.45,89
2022-05-12,87.83,87.87,86.95
2022-05-13,88.06,88.09,88.75
2022-05-14,,,
2022-05-15,,,
2022-05-16,89.14,89.18,88.81
2022-05-17,91.3,91.33,90.33
2022-05-18,84.22,84.27,
2022-05-19,82.79,82.82,82.28
2022-05-20,80.01,80.05,81.15
2022-05-21,,,
2022-05-22,,,
2022-05-23,77.79,77.81,78.96
2022-05-24,80.97,80.98,78.88
2022-05-25,81.03,81.04,80.43
2022-05-26,84.39,84.4,
2022-05-27,83.83,83.84,
2022-05-28,,,
2022-05-29,,,
2022-05-30,83.6,83.61,83.75
2022-05-31,83.64,83.66,83.63
2022-06-01,85.72,85.72,
2022-06-02,85.97,85.98,
2022-06-03,86.5,86.5,
2022-06-04,,,
2022-06-05,,,
2022-06-06,81.06,81.08,
2022-06-07,80.97,80.98,81.69
2022-06-08,79.48,79.49,79.11
2022-06-09,80.67,80.68,80.21
2022-06-10,81.53,81.53,80.73
2022-06-11,,,
2022-06-12,,,
2022-06-13,81.19,81.2,80.1
2022-06-14,83.79,83.78,82.31
2022-06-15,85.83,85.83,
2022-06-16,82.61,82.61,85.95
2022-06-17,81.99,81.99,83
2022-06-18,,,
2022-06-19,,,
2022-06-20,83.59,83.59,83.51
2022-06-21,84.29,84.27,84.26
2022-06-22,81.42,81.42,83.06
2022-06-23,83.66,83.67,81.07
2022-06-24,82.98,82.98,82.9
2022-06-25,,,
2022-06-26,,,
2022-06-27,84.59,84.59,83.01
2022-06-28,86.98,87.12,84.54
2022-06-29,87.93,88.07,
2022-06-30,89.77,89.88,88.02
2022-07-01,85.18,85.3,88.22
2022-07-02,,,
2022-07-03,,,
2022-07-04,84.16,84.29,84.34
2022-07-05,82.83,82.99,83.38
2022-07-06,82.85,82.94,82.63
2022-07-07,84.52,84.64,83.36
2022-07-08,82.39,82.51,82.63
2022-07-09,,,
2022-07-10,,,
2022-07-11,83.96,84.07,83.4
2022-07-12,85.25,85.37,83.89
2022-07-13,83.47,83.59,
2022-07-14,83.58,83.7,83
2022-07-15,84.97,85.09,83.71
2022-07-16,,,
2022-07-17,,,
2022-07-18,84.56,84.66,83.33
2022-07-19,83.27,83.37,83.61
2022-07-20,78.47,78.58,81.22
2022-07-21,77.76,77.85,77.6
2022-07-22,75.95,76.03,78.06
2022-07-23,,,
2022-07-24,,,
2022-07-25,76,76.08,76.09
2022-07-26,76.34,76.39,76.51
2022-07-27,75.8,75.85,
2022-07-28,78.63,78.68,77.08
2022-07-29,78.21,78.27,77.96
2022-07-30,,,
2022-07-31,,,
2022-08-01,80.22,80.28,79.5
2022-08-02,81.59,81.66,80.51
2022-08-03,83.63,83.71,83.45
2022-08-04,83.82,83.9,83.81
2022-08-05,84.38,84.48,84.5
2022-08-06,,,
2022-08-07,,,
2022-08-08,83.44,83.53,84.6
2022-08-09,85.56,85.65,84.06
2022-08-10,85.53,85.63,
2022-08-11,87.16,87.27,86.35
2022-08-12,88.5,88.58,87.3
2022-08-13,,,
2022-08-14,,,
2022-08-15,90.4,90.48,89.5
2022-08-16,91.67,91.77,90.64
2022-08-17,95.4,95.5,94.07
2022-08-18,95.63,95.72,94
2022-08-19,97.58,97.67,96.87
2022-08-20,,,
2022-08-21,,,
2022-08-22,91.75,91.83,97.5
2022-08-23,88.93,88.94,92.52
2022-08-24,88.84,88.86,
2022-08-25,88.94,88.95,89.3
2022-08-26,89.93,89.94,89.56
2022-08-27,,,
2022-08-28,,,
2022-08-29,86.24,86.24,88.81
2022-08-30,80.33,80.34,85.13
2022-08-31,79.6,79.61,78.96
2022-09-01,80.32,80.33,77.01
2022-09-02,77.44,77.45,78.41
2022-09-03,,,
2022-09-04,,,
2022-09-05,74.04,74.05,73.75
2022-09-06,69.57,69.57,71.05
2022-09-07,68.71,68.71,
2022-09-08,66.93,66.93,
2022-09-09,65.72,65.72,65.21
2022-09-10,,,
2022-09-11,,,
2022-09-12,71.45,71.44,65.96
2022-09-13,69.35,69.36,70.48
2022-09-14,72.15,72.14,68.29
2022-09-15,71.46,71.45,70.84
2022-09-16,72.87,72.87,71
2022-09-17,,,
2022-09-18,,,
2022-09-19,70.71,70.71,71.11
2022-09-20,70.74,70.74,70.38
2022-09-21,69.39,69.4,70.39
2022-09-22,70.05,70.05,69.88
2022-09-23,65.4,65.41,67.56
2022-09-24,,,
2022-09-25,,,
2022-09-26,69.97,69.97,66.02
2022-09-27,67.61,67.96,67.7
2022-09-28,64.8,65.15,64.71
2022-09-29,65.4,65.73,64.7
2022-09-30,66.41,66.73,66.87
2022-10-01,,,
2022-10-02,,,
2022-10-03,65.58,65.94,64.45
2022-10-04,66.65,66.92,66.17
2022-10-05,66.82,67.07,
2022-10-06,68.72,68.96,65.76
2022-10-07,69.6,69.85,67.52
2022-10-08,,,
2022-10-09,,,
2022-10-10,66.54,66.77,67.01
2022-10-11,66.12,66.34,66.34
2022-10-12,66.49,66.71,65.76
2022-10-13,68.61,68.84,66.65
2022-10-14,67.79,68.02,67.7
2022-10-15,,,
2022-10-16,,,
2022-10-17,67.29,67.51,66.25
2022-10-18,67.55,67.77,67.11
2022-10-19,67.07,67.29,
2022-10-20,66.65,66.87,67.01
2022-10-21,68.51,68.72,67.9
2022-10-22,,,
2022-10-23,,,
2022-10-24,72.11,72.32,68.02
2022-10-25,76.87,77.11,74.17
2022-10-26,75.54,75.79,76.51
2022-10-27,79.92,80.21,77.1
2022-10-28,80.91,81.21,80.76
2022-10-29,,,
2022-10-30,,,
2022-10-31,79.68,79.97,78.69
2022-11-01,76.45,76.72,78.76
2022-11-02,76.46,76.7,
2022-11-03,76.04,76.28,76.63
2022-11-04,76.13,76.36,78.14
2022-11-05,,,
2022-11-06,,,
2022-11-07,77.26,77.49,76.75
2022-11-08,75.92,76.06,76.02
2022-11-09,72.61,72.76,75.35
2022-11-10,72.87,73.05,71.62
2022-11-11,75.65,75.84,73.33
2022-11-12,,,
2022-11-13,,,
2022-11-14,75.05,75.23,74.85
2022-11-15,76.47,76.65,74.93
2022-11-16,73.25,73.41,
2022-11-17,72.24,72.4,73.31
2022-11-18,72.31,72.47,72.22
2022-11-19,,,
2022-11-20,,,
2022-11-21,74.45,74.61,73.36
2022-11-22,73.75,73.89,73.54
2022-11-23,75.7,75.87,74.08
2022-11-24,78.1,78.27,76.64
2022-11-25,78.7,78.86,79.36
2022-11-26,,,
2022-11-27,,,
2022-11-28,78.68,78.81,77.61
2022-11-29,81.25,81.25,78.88
2022-11-30,84.55,84.69,
2022-12-01,85.08,85.22,86.11
2022-12-02,87.58,87.67,85.21
2022-12-03,,,
2022-12-04,,,
2022-12-05,87.22,87.31,85.69
2022-12-06,87.64,87.69,86.48
2022-12-07,88.02,88.07,87
2022-12-08,88.62,88.67,87.91
2022-12-09,87.76,87.84,88.26
2022-12-10,,,
2022-12-11,,,
2022-12-12,90.1,90.17,88.35
2022-12-13,88.59,88.64,89.01
2022-12-14,86.56,86.61,
2022-12-15,85.5,85.5,86.16
2022-12-16,83.8,83.82,83.41
2022-12-17,,,
2022-12-18,,,
2022-12-19,84.11,84.11,84.1
2022-12-20,86.95,87.67,
2022-12-21,84.63,85.35,
2022-12-22,85.99,86.72,
2022-12-23,86.09,86.81,
2022-12-24,,,
2022-12-25,,,
2022-12-26,86.09,,
2022-12-27,85.02,85.77,
2022-12-28,82.8,83.54,
2022-12-29,81.29,82,
2022-12-30,80.76,81.49,
2022-12-31,,,
2023-01-01,,,
2023-01-02,83.3,83.85,
2023-01-03,80.57,81.13,
2023-01-04,74.98,75.48,
2023-01-05,76.03,76.59,
2023-01-06,74.58,75.14,
2023-01-07,,,
2023-01-08,,,
2023-01-09,78.59,79.14,75.27
2023-01-10,77.65,78.15,78.61
2023-01-11,76.1,76.56,
2023-01-12,77.32,77.81,76.8
2023-01-13,76.97,77.44,76.42
2023-01-14,,,
2023-01-15,,,
2023-01-16,74.7,75.17,75.05
2023-01-17,76.74,77.16,75.04
2023-01-18,80.44,80.86,76.25
2023-01-19,81.09,81.47,82.06
2023-01-20,82.24,82.62,81.01
2023-01-21,,,
2023-01-22,,,
2023-01-23,82.33,82.7,81.52
2023-01-24,78.85,79.23,80.88
2023-01-25,81.41,81.77,
2023-01-26,86.41,86.79,83.51
2023-01-27,86.12,86.51,86.71
2023-01-28,,,
2023-01-29,,,
2023-01-30,86.53,86.91,85.2
2023-01-31,89.85,90.25,86.68
2023-02-01,92.19,92.6,91.91
2023-02-02,89.81,90.19,93.5
2023-02-03,90.07,90.44,91.15
2023-02-04,,,
2023-02-05,,,
2023-02-06,87.73,88.07,91.78
2023-02-07,87.18,87.54,87.52
2023-02-08,87.18,87.52,
2023-02-09,87.9,88.22,87.36
2023-02-10,89.93,90.23,89.7
2023-02-11,,,
2023-02-12,,,
2023-02-13,89.13,89.43,88.86
2023-02-14,88.99,89.28,89.96
2023-02-15,91.22,91.5,87.75
2023-02-16,94.33,94.61,92.85
2023-02-17,93.05,93.34,93.69
2023-02-18,,,
2023-02-19,,,
2023-02-20,95.09,95.36,93.73
2023-02-21,97.04,97.28,95.35
2023-02-22,93.49,93.77,
2023-02-23,94.26,94.53,93.26
2023-02-24,94.07,94.31,95.83
2023-02-25,,,
2023-02-26,,,
2023-02-27,96.85,97.05,95.12
2023-02-28,96.38,96.58,96.33
2023-03-01,93.52,93.72,95.89
2023-03-02,90.03,90.23,93.25
2023-03-03,88.9,89.07,88.81
2023-03-04,,,
2023-03-05,,,
2023-03-06,89.75,89.9,91.01
2023-03-07,92.44,92.59,91.56
2023-03-08,94.55,94.7,
2023-03-09,95.18,95.31,95.43
2023-03-10,96.59,96.72,95.16
2023-03-11,,,
2023-03-12,,,
2023-03-13,94.17,94.26,94.36
2023-03-14,89.72,89.8,92.34
2023-03-15,86.52,86.6,90.31
2023-03-16,84.37,84.43,83.25
2023-03-17,84.52,84.58,86.5
2023-03-18,,,
2023-03-19,,,
2023-03-20,85.06,85.11,82.46
2023-03-21,86.85,86.88,87.14
2023-03-22,86.76,86.77,
2023-03-23,89.67,89.69,88.27
2023-03-24,85.09,85.1,88.09
2023-03-25,,,
2023-03-26,,,
2023-03-27,84.77,84.77,85.18
2023-03-28,86.61,87.47,86.54
2023-03-29,87.54,88.4,87.16
2023-03-30,88.24,89.1,87.42
2023-03-31,89.24,90.09,88.61
2023-04-01,,,
2023-04-02,,,
2023-04-03,93.04,93.88,89.82
2023-04-04,92.29,93.07,94.12
2023-04-05,93.96,94.72,
2023-04-06,94.01,94.74,94.3
2023-04-07,94.01,,
2023-04-08,,,
2023-04-09,,,
2023-04-10,94.01,94.74,
2023-04-11,94.72,95.49,95.52
2023-04-12,93.3,93.99,93.9
2023-04-13,91.86,92.55,90.51
2023-04-14,91.28,91.92,92.3
2023-04-15,,,
2023-04-16,,,
2023-04-17,90.56,91.11,90.55
2023-04-18,92.82,93.39,90.55
2023-04-19,91.96,92.53,
2023-04-20,89.5,90.05,90.68
2023-04-21,87.26,87.83,88.6
2023-04-22,,,
2023-04-23,,,
2023-04-24,85.94,86.53,85.7
2023-04-25,84.59,85.16,84.73
2023-04-26,83.3,83.87,83.31
2023-04-27,83.8,84.3,85
2023-04-28,85.1,85.63,84
2023-04-29,,,
2023-04-30,,,
2023-05-01,85.1,84.25,
2023-05-02,86.18,86.63,83.24
2023-05-03,82.86,83.28,
2023-05-04,82.57,83,82.23
2023-05-05,82.86,83.28,84.38
2023-05-06,,,
2023-05-07,,,
2023-05-08,83.28,83.71,82.99
2023-05-09,84.65,85.06,83.84
2023-05-10,87.31,87.7,85.85
2023-05-11,86.22,86.59,86.75
2023-05-12,86.31,86.65,86.67
2023-05-13,,,
2023-05-14,,,
2023-05-15,84.86,85.2,85.7
2023-05-16,86.47,86.81,85.05
2023-05-17,86.07,86.41,
2023-05-18,87.73,88.06,
2023-05-19,87.76,88.09,
2023-05-20,,,
2023-05-21,,,
2023-05-22,85.65,85.95,85.2
2023-05-23,83.41,83.68,84.32
2023-05-24,83.05,83.35,83
2023-05-25,80.94,81.23,81.12
2023-05-26,80.29,80.56,81.11
2023-05-27,,,
2023-05-28,,,
2023-05-29,80.9,81.13,
2023-05-30,78.61,78.82,79.79
2023-05-31,79.2,79.38,
2023-06-01,76.98,77.11,78.62
2023-06-02,77.26,77.38,78.2
2023-06-03,,,
2023-06-04,,,
2023-06-05,80.76,80.88,78.55
2023-06-06,79.94,80.05,80.07
2023-06-07,81.81,81.92,78.25
2023-06-08,82.19,82.32,81.54
2023-06-09,84.93,85.06,83.11
2023-06-10,,,
2023-06-11,,,
2023-06-12,85.96,86.09,83.45
2023-06-13,88,88.12,86.44
2023-06-14,91.42,91.52,
2023-06-15,91.33,91.41,91.67
2023-06-16,90.4,90.51,89.3
2023-06-17,,,
2023-06-18,,,
2023-06-19,90.16,90.25,90.16
2023-06-20,92.82,92.9,91.55
2023-06-21,88.55,88.59,90.35
2023-06-22,88.16,88.2,87.11
2023-06-23,85.89,85.93,88.9
2023-06-24,,,
2023-06-25,,,
2023-06-26,84.3,84.3,86.01
2023-06-27,86.87,87.85,85.35
2023-06-28,85.78,86.72,
2023-06-29,85.94,86.9,86.6
2023-06-30,87.17,88.09,85.31
2023-07-01,,,
2023-07-02,,,
2023-07-03,85.47,86.33,87.11
2023-07-04,85.45,86.32,85
2023-07-05,84.08,84.91,84.84
2023-07-06,84.25,85.05,84.18
2023-07-07,84.44,85.23,84.82
2023-07-08,,,
2023-07-09,,,
2023-07-10,84.6,85.38,85
2023-07-11,85.07,85.81,83.62
2023-07-12,84.16,84.88,
2023-07-13,84.19,84.91,84.25
2023-07-14,84.39,85.11,85.51
2023-07-15,,,
2023-07-16,,,
2023-07-17,84.87,85.56,84.72
2023-07-18,85.73,86.42,84.9
2023-07-19,87.56,88.25,86.03
2023-07-20,88.87,89.56,87.76
2023-07-21,89.74,90.43,89.36
2023-07-22,,,
2023-07-23,,,
2023-07-24,89.45,90.09,90.3
2023-07-25,90.25,90.89,90.25
2023-07-26,89.19,89.83,
2023-07-27,89.45,90.03,88.02
2023-07-28,87.12,87.68,87.33
2023-07-29,,,
2023-07-30,,,
2023-07-31,85.16,85.69,86.65
2023-08-01,83.65,84.16,84.69
2023-08-02,82.06,82.53,81.88
2023-08-03,83.4,83.86,83.52
2023-08-04,82.28,82.73,83.33
2023-08-05,,,
2023-08-06,,,
2023-08-07,81.34,81.76,82.28
2023-08-08,83.02,83.44,81.46
2023-08-09,82.64,83.03,
2023-08-10,83.61,83.98,82.24
2023-08-11,85.43,85.82,84.2
2023-08-12,,,
2023-08-13,,,
2023-08-14,86.43,86.82,85.34
2023-08-15,85.82,86.19,86.71
2023-08-16,87.15,87.52,87.01
2023-08-17,87.52,87.88,86.84
2023-08-18,86.72,87.07,86.68
2023-08-19,,,
2023-08-20,,,
2023-08-21,86.59,86.93,86
2023-08-22,88.58,88.92,87.86
2023-08-23,86.97,87.31,
2023-08-24,84.63,84.94,85.51
2023-08-25,84.21,84.5,85.5
2023-08-26,,,
2023-08-27,,,
2023-08-28,84.53,84.79,84.7
2023-08-29,83.68,83.88,84.64
2023-08-30,85.11,85.35,84.57
2023-08-31,84.67,84.86,85.52
2023-09-01,84.19,84.37,84
2023-09-02,,,
2023-09-03,,,
2023-09-04,83.13,83.26,83.42
2023-09-05,82.82,82.95,83.41
2023-09-06,82.65,82.79,
2023-09-07,81.95,82.05,
2023-09-08,80.57,80.65,82.09
2023-09-09,,,
2023-09-10,,,
2023-09-11,80.69,80.8,80.98
2023-09-12,80.13,80.23,80.6
2023-09-13,82.04,82.15,80.5
2023-09-14,82.14,82.23,81.69
2023-09-15,81.34,81.44,82.33
2023-09-16,,,
2023-09-17,,,
2023-09-18,79.93,79.99,80.26
2023-09-19,80.32,80.36,79.5
2023-09-20,81.88,81.92,
2023-09-21,83.19,83.23,81.78
2023-09-22,84.53,84.56,84.03
2023-09-23,,,
2023-09-24,,,
2023-09-25,84.37,84.37,83.92
2023-09-26,82.03,82.92,82.44
2023-09-27,81.44,82.29,81.37
2023-09-28,81.83,82.71,81.9
2023-09-29,80.84,81.67,81.65
2023-09-30,,,
2023-10-01,,,
2023-10-02,80.06,80.8,80.95
2023-10-03,78.95,79.65,79.17
2023-10-04,80.96,81.67,78.78
2023-10-05,79.81,80.51,80.5
2023-10-06,79.78,80.46,79.95
2023-10-07,,,
2023-10-08,,,
2023-10-09,81.1,81.75,80.43
2023-10-10,84.13,84.82,81.82
2023-10-11,83.43,84.12,82.68
2023-10-12,84.53,85.23,83.35
2023-10-13,85.26,85.95,84.61
2023-10-14,,,
2023-10-15,,,
2023-10-16,82.68,83.35,83.4
2023-10-17,81.92,82.55,81.69
2023-10-18,81.25,81.86,
2023-10-19,81.18,81.76,79.99
2023-10-20,80.85,81.41,81.19
2023-10-21,,,
2023-10-22,,,
2023-10-23,79.96,80.5,79.92
2023-10-24,80.05,80.58,80.4
2023-10-25,79.4,79.92,79.85
2023-10-26,79.14,79.65,79.48
2023-10-27,78.84,79.35,79.41
2023-10-28,,,
2023-10-29,,,
2023-10-30,78.25,78.72,79.78
2023-10-31,78.59,79.05,77.65
2023-11-01,78.1,78.54,
2023-11-02,78.2,78.61,77.88
2023-11-03,77.24,77.64,78.35
2023-11-04,,,
2023-11-05,,,
2023-11-06,75.46,75.84,76.02
2023-11-07,74.88,75.25,75.58
2023-11-08,75.33,75.7,74.56
2023-11-09,77.03,77.38,75.75
2023-11-10,78.33,78.7,76.46
2023-11-11,,,
2023-11-12,,,
2023-11-13,77.14,77.48,77.01
2023-11-14,78.29,78.63,76.62
2023-11-15,79.42,79.74,
2023-11-16,76.73,77.01,79
2023-11-17,76.28,76.55,76.55
2023-11-18,,,
2023-11-19,,,
2023-11-20,76.35,76.61,76.35
2023-11-21,75.12,75.37,75.69
2023-11-22,74.96,75.19,74.84
2023-11-23,76.35,76.59,74.5
2023-11-24,76.37,76.6,75.9
2023-11-25,,,
2023-11-26,,,
2023-11-27,73.45,73.63,74.57
2023-11-28,72.78,72.96,71.71
2023-11-29,70.87,71.02,
2023-11-30,70.69,70.81,70.79
2023-12-01,72.38,72.49,71.45
2023-12-02,,,
2023-12-03,,,
2023-12-04,70.26,70.37,71.34
2023-12-05,68.54,68.64,69.94
2023-12-06,68.73,68.82,68.71
2023-12-07,69.58,69.65,68.76
2023-12-08,68.56,68.63,69.84
2023-12-09,,,
2023-12-10,,,
2023-12-11,67.22,67.28,67.82
2023-12-12,68.15,68.21,66.72
2023-12-13,68.86,68.9,
2023-12-14,66.76,66.79,68.45
2023-12-15,66.33,66.35,66.6
2023-12-16,,,
2023-12-17,,,
2023-12-18,69.08,69.08,66.49
2023-12-19,68.87,69.65,
2023-12-20,72.57,73.37,
2023-12-21,74.82,75.65,
2023-12-22,76.13,76.64,
2023-12-23,,,
2023-12-24,,,
2023-12-25,76.13,,
2023-12-26,76.13,,
2023-12-27,76.91,77.72,
2023-12-28,77.13,77.94,
2023-12-29,77.25,78.06,
2023-12-30,,,
2023-12-31,,,
2024-01-01,77.25,,
2024-01-02,73.17,73.83,
2024-01-03,74.57,75.23,
2024-01-04,73.05,73.66,
2024-01-05,73.56,74.19,
2024-01-06,,,
2024-01-07,,,
2024-01-08,69.74,70.33,
2024-01-09,69.3,69.86,
2024-01-10,67.39,67.91,
2024-01-11,65.42,65.92,
2024-01-12,63.44,63.89,
2024-01-13,,,
2024-01-14,,,
2024-01-15,64.85,65.31,63.5
2024-01-16,63.24,63.66,63.2
2024-01-17,60.85,61.26,62.96
2024-01-18,60.7,61.11,61.28
2024-01-19,61.3,61.73,61.93
2024-01-20,,,
2024-01-21,,,
2024-01-22,59.79,60.18,59.74
2024-01-23,60.78,61.15,60.55
2024-01-24,63.48,63.89,
2024-01-25,60.97,61.34,61.95
2024-01-26,61.36,61.73,61.95
2024-01-27,,,
2024-01-28,,,
2024-01-29,59.6,59.94,60.81
2024-01-30,61.33,61.68,59.82
2024-01-31,61.96,62.31,62.27
2024-02-01,60.07,60.41,61.09
2024-02-02,61.27,61.56,60.92
2024-02-03,,,
2024-02-04,,,
2024-02-05,60.55,60.84,60.68
2024-02-06,61.44,61.72,60.25
2024-02-07,60.3,60.57,
2024-02-08,58.71,58.97,59.85
2024-02-09,56.79,57.03,57.24
2024-02-10,,,
2024-02-11,,,
2024-02-12,54.96,55.17,55.84
2024-02-13,54.53,54.74,54.24
2024-02-14,54.74,54.95,54.07
2024-02-15,55.98,56.18,54.87
2024-02-16,55.26,55.45,55.12
2024-02-17,,,
2024-02-18,,,
2024-02-19,51.76,51.91,53
2024-02-20,52.51,52.66,51.8
2024-02-21,52.76,52.93,
2024-02-22,51.03,51.17,51.55
2024-02-23,50.5,50.63,49.5
2024-02-24,,,
2024-02-25,,,
2024-02-26,52.21,52.33,50.65
2024-02-27,53.9,54.01,51.12
2024-02-28,55.95,56.07,54.94
2024-02-29,54.16,54.27,54.9
2024-03-01,54.54,54.64,53.6
2024-03-02,,,
2024-03-03,,,
2024-03-04,55.2,55.28,51.76
2024-03-05,58.63,58.71,59.14
2024-03-06,57.36,57.42,
2024-03-07,57.26,57.32,56.94
2024-03-08,56.53,56.58,57.1
2024-03-09,,,
2024-03-10,,,
2024-03-11,54.42,54.45,54.43
2024-03-12,54.75,54.78,54.21
2024-03-13,54.29,54.31,54.92
2024-03-14,56.67,56.67,54.25
2024-03-15,57.56,57.57,57.75
2024-03-16,,,
2024-03-17,,,
2024-03-18,59.56,59.56,59.42
2024-03-19,59,59.66,59
2024-03-20,58.8,59.45,
2024-03-21,57.28,57.94,58
2024-03-22,59.66,60.35,57.93
2024-03-23,,,
2024-03-24,,,
2024-03-25,63.08,63.74,62.09
2024-03-26,60.4,61.06,63.25
2024-03-27,60.57,61.21,60.56
2024-03-28,59.98,60.58,59.86
2024-03-29,59.98,,
2024-03-30,,,
2024-03-31,,,
2024-04-01,59.98,,
2024-04-02,57.03,57.53,57.07
2024-04-03,55.76,56.24,
2024-04-04,56.85,57.33,56.37
2024-04-05,58.84,59.37,57.17
2024-04-06,,,
2024-04-07,,,
2024-04-08,61.73,62.28,58.41
2024-04-09,62.28,62.82,61.3
2024-04-10,61.12,61.61,63
2024-04-11,66.14,66.72,63.42
2024-04-12,69.58,70.19,68.01
2024-04-13,,,
2024-04-14,,,
2024-04-15,68.63,69.17,68.17
2024-04-16,71.59,72.17,70.61
2024-04-17,68.08,68.62,
2024-04-18,69.57,70.1,67.15
2024-04-19,66.94,67.43,67.77
2024-04-20,,,
2024-04-21,,,
2024-04-22,64.54,65,65.1
2024-04-23,63.91,64.37,64.28
2024-04-24,64.71,65.18,65.35
2024-04-25,66.56,67.03,65.08
2024-04-26,65.14,65.59,65.66
2024-04-27,,,
2024-04-28,,,
2024-04-29,63.79,64.2,63.52
2024-04-30,66.75,67.18,65.26
2024-05-01,66.75,66.45,
2024-05-02,70.64,71.08,68.1
2024-05-03,70.16,70.58,71.18
2024-05-04,,,
2024-05-05,,,
2024-05-06,71.32,71.76,70.3
2024-05-07,69.18,69.57,69.16
2024-05-08,69.89,70.28,68.99
2024-05-09,71.41,71.82,
2024-05-10,70.09,70.51,
2024-05-11,,,
2024-05-12,,,
2024-05-13,68.08,68.43,68.48
2024-05-14,68.47,68.83,67.67
2024-05-15,67.73,68.08,
2024-05-16,68.37,68.7,68.26
2024-05-17,68.96,69.29,69.46
2024-05-18,,,
2024-05-19,,,
2024-05-20,72.4,72.7,71.24
2024-05-21,74.4,74.66,71.8
2024-05-22,74.34,74.62,74.31
2024-05-23,73.93,74.23,74.9
2024-05-24,73.76,74.04,72.8
2024-05-25,,,
2024-05-26,,,
2024-05-27,74.41,74.59,
2024-05-28,72.8,73.01,72.9
2024-05-29,72.13,72.31,
2024-05-30,73.74,73.95,72
2024-05-31,72.38,72.6,74.49
2024-06-01,,,
2024-06-02,,,
2024-06-03,72.86,73.05,75.35
2024-06-04,70.68,70.84,71.5
2024-06-05,70.2,70.34,70.3
2024-06-06,70.49,70.62,71
2024-06-07,69.79,69.91,69.9
2024-06-08,,,
2024-06-09,,,
2024-06-10,69.25,69.34,67.82
2024-06-11,69.09,69.18,70.31
2024-06-12,69.21,69.29,
2024-06-13,69.19,69.27,69.77
2024-06-14,66.82,66.87,68.41
2024-06-15,,,
2024-06-16,,,
2024-06-17,66.54,66.59,66.66
2024-06-18,67.04,67.08,66.97
2024-06-19,68.83,68.85,67.75
2024-06-20,67.73,67.76,68.61
2024-06-21,66.71,66.72,67.36
2024-06-22,,,
2024-06-23,,,
2024-06-24,65.97,65.97,66.06
2024-06-25,66.55,67.29,65.94
2024-06-26,65.58,66.3,
2024-06-27,65.33,66.07,66.17
2024-06-28,66.13,66.87,65.01
2024-06-29,,,
2024-06-30,,,
2024-07-01,66.72,67.43,67.83
2024-07-02,69.33,70.06,66.71
2024-07-03,69.42,70.14,68.84
2024-07-04,68.73,69.42,68.71
2024-07-05,69.03,69.72,68.68
2024-07-06,,,
2024-07-07,,,
2024-07-08,67.72,68.36,70
2024-07-09,67.3,67.93,66.87
2024-07-10,66.72,67.33,
2024-07-11,67.15,67.76,66.72
2024-07-12,67.96,68.56,67.06
2024-07-13,,,
2024-07-14,,,
2024-07-15,66.45,67.02,66.63
2024-07-16,66.83,67.38,66.16
2024-07-17,65.38,65.95,66.66
2024-07-18,65.29,65.82,64.96
2024-07-19,65.17,65.71,64.73
2024-07-20,,,
2024-07-21,,,
2024-07-22,63.63,64.15,64.37
2024-07-23,64.62,65.14,63.67
2024-07-24,67.28,67.82,
2024-07-25,65.71,66.22,66.71
2024-07-26,66.76,67.27,66.33
2024-07-27,,,
2024-07-28,,,
2024-07-29,67.58,68.08,67.17
2024-07-30,67.54,68.05,66.55
2024-07-31,68.14,68.61,67.85
2024-08-01,70.1,70.57,68.07
2024-08-02,69.53,69.98,69.76
2024-08-03,,,
2024-08-04,,,
2024-08-05,67.73,68.18,67.02
2024-08-06,68.95,69.38,68.65
2024-08-07,69.55,69.98,
2024-08-08,70.04,70.47,68.9
2024-08-09,69.13,69.55,70.46
2024-08-10,,,
2024-08-11,,,
2024-08-12,71.63,72.02,71.15
2024-08-13,70.28,70.66,70.82
2024-08-14,70.88,71.24,70.59
2024-08-15,71.11,71.46,69.85
2024-08-16,71.54,71.87,71
2024-08-17,,,
2024-08-18,,,
2024-08-19,72.17,72.49,71.5
2024-08-20,72.12,72.43,72.4
2024-08-21,71.19,71.51,
2024-08-22,70.65,70.94,71.02
2024-08-23,70.24,70.51,70.73
2024-08-24,,,
2024-08-25,,,
2024-08-26,69.61,69.89,69.28
2024-08-27,70.58,70.87,70.17
2024-08-28,69.88,70.17,70.39
2024-08-29,70.2,70.47,69.5
2024-08-30,69.45,69.7,70.07
2024-08-31,,,
2024-09-01,,,
2024-09-02,69.6,69.81,69.3
2024-09-03,67.37,67.56,68.56
2024-09-04,66.24,66.41,
2024-09-05,65.46,65.64,65.99
2024-09-06,65.77,65.93,67
2024-09-07,,,
2024-09-08,,,
2024-09-09,65.81,65.95,65.75
2024-09-10,64.23,64.37,65.83
2024-09-11,65.71,65.85,64.75
2024-09-12,64.77,64.89,65.1
2024-09-13,64.32,64.43,64.89
2024-09-14,,,
2024-09-15,,,
2024-09-16,62.58,62.67,64.94
2024-09-17,63.71,63.79,62.71
2024-09-18,63.08,63.16,
2024-09-19,62.21,62.28,63.56
2024-09-20,62.79,62.85,63.18
2024-09-21,,,
2024-09-22,,,
2024-09-23,63.52,63.56,64
2024-09-24,63.29,63.34,63.91
2024-09-25,64.66,64.71,63.55
2024-09-26,65.94,65.97,63.88
2024-09-27,65.77,65.78,65.45
2024-09-28,,,
2024-09-29,,,
2024-09-30,65.03,65.03,65.69
2024-10-01,63.11,63.61,63.19
2024-10-02,62.11,62.6,62.89
2024-10-03,62.28,62.76,62.02
2024-10-04,61.58,62.05,61.03
2024-10-05,,,
2024-10-06,,,
2024-10-07,61.32,61.76,60.15
2024-10-08,59.87,60.29,59.85
2024-10-09,61.57,62.01,61.18
2024-10-10,64.54,65,63.3
2024-10-11,64.17,64.62,63.71
2024-10-12,,,
2024-10-13,,,
2024-10-14,65.52,65.97,65
2024-10-15,64.66,65.09,64.08
2024-10-16,62.62,63.03,
2024-10-17,62.58,62.98,63.1
2024-10-18,61.9,62.28,61.9
2024-10-19,,,
2024-10-20,,,
2024-10-21,61.4,61.76,62.3
2024-10-22,61.89,62.25,61.22
2024-10-23,64.51,64.89,63.75
2024-10-24,66.25,66.63,64.6
2024-10-25,66.59,66.97,66.32
2024-10-26,,,
2024-10-27,,,
2024-10-28,66.05,66.4,64.38
2024-10-29,66.93,67.28,66.42
2024-10-30,65.14,65.47,
2024-10-31,64.26,64.58,64.78
2024-11-01,63.57,63.87,64.46
2024-11-02,,,
2024-11-03,,,
2024-11-04,64.93,65.22,64.68
2024-11-05,64.01,64.3,65.06
2024-11-06,63.49,63.76,62.94
2024-11-07,65.76,66.04,65.35
2024-11-08,67.74,68.02,66.2
2024-11-09,,,
2024-11-10,,,
2024-11-11,67.32,67.57,67.6
2024-11-12,67.28,67.53,65.92
2024-11-13,66.07,66.31,
2024-11-14,68.03,68.27,67.15
2024-11-15,67.79,68.01,66.78
2024-11-16,,,
2024-11-17,,,
2024-11-18,69.3,69.51,67.7
2024-11-19,67.93,68.13,69.05
2024-11-20,68.19,68.38,68.02
2024-11-21,69.79,69.99,68.79
2024-11-22,69.08,69.27,69.71
2024-11-23,,,
2024-11-24,,,
2024-11-25,69.69,69.86,69.32
2024-11-26,69.07,69.23,69.37
2024-11-27,68.33,68.47,
2024-11-28,67.5,67.63,67.91
2024-11-29,68.28,68.4,67.3
2024-11-30,,,
2024-12-01,,,
2024-12-02,68.73,68.83,69.4
2024-12-03,68.4,68.49,68.12
2024-12-04,67.77,67.86,67.42
2024-12-05,67.26,67.34,67.62
2024-12-06,68.24,68.31,67.25
2024-12-07,,,
2024-12-08,,,
2024-12-09,66.32,66.37,67.7
2024-12-10,68.13,68.18,67
2024-12-11,68.59,68.63,
2024-12-12,66.07,66.1,67.95
2024-12-13,64.42,64.43,66.07
2024-12-14,,,
2024-12-15,,,
2024-12-16,63.32,63.32,63.64
2024-12-17,62.33,62.96,
2024-12-18,62.98,63.6,
2024-12-19,65.71,66.36,
2024-12-20,66.21,66.85,
2024-12-21,,,
2024-12-22,,,
2024-12-23,67.65,68.29,
2024-12-24,67.65,68.08,
2024-12-25,67.65,,
2024-12-26,67.65,68.08,
2024-12-27,69.51,70.15,
2024-12-28,,,
2024-12-29,,,
2024-12-30,69.96,70.58,
2024-12-31,69.96,71.57,
2025-01-01,69.96,,
2025-01-02,73.14,73.74,
2025-01-03,73.86,74.45,
2025-01-04,,,
2025-01-05,,,
2025-01-06,72.33,72.87,
2025-01-07,72.03,72.56,71.02
2025-01-08,70.18,70.7,71.5
2025-01-09,71.45,71.98,70.01
2025-01-10,72.81,73.34,70.63
2025-01-11,,,
2025-01-12,,,
2025-01-13,74.81,75.34,74.4
2025-01-14,74.83,75.36,74.45
2025-01-15,75.83,76.34,
2025-01-16,76.19,76.69,75.7
2025-01-17,77.11,77.6,77.3
2025-01-18,,,
2025-01-19,,,
2025-01-20,77.86,78.32,76.4
2025-01-21,78.13,78.6,77.3
2025-01-22,76.83,77.29,76.71
2025-01-23,78.59,79.06,79.06
2025-01-24,79.49,79.95,78.43
2025-01-25,,,
2025-01-26,,,
2025-01-27,77.22,77.65,77.7
2025-01-28,78.12,78.55,77.06
2025-01-29,80.76,81.18,
2025-01-30,80.5,80.91,81.57
2025-01-31,81.79,82.19,81.11
2025-02-01,,,
2025-02-02,,,
2025-02-03,78.92,79.3,80.39
2025-02-04,78.86,79.23,79.06
2025-02-05,79.14,79.49,77.87
2025-02-06,79.94,80.3,79.75
2025-02-07,80.29,80.65,80.71
2025-02-08,,,
2025-02-09,,,
2025-02-10,80.96,81.29,81.27
2025-02-11,80.6,80.92,80.08
2025-02-12,78.33,78.64,
2025-02-13,76.15,76.44,76.77
2025-02-14,77.84,78.12,75.84
2025-02-15,,,
2025-02-16,,,
2025-02-17,75.34,75.61,77.02
2025-02-18,73.92,74.16,74.53
2025-02-19,72.23,72.47,72.9
2025-02-20,70.9,71.13,71.21
2025-02-21,72.15,72.37,73.01
2025-02-22,,,
2025-02-23,,,
2025-02-24,71.94,72.14,70.8
2025-02-25,70.08,70.26,71.15
2025-02-26,69.4,69.56,
2025-02-27,71.16,71.32,69.96
2025-02-28,69.4,69.56,70.65
2025-03-01,,,
2025-03-02,,,
2025-03-03,69.97,70.12,70.31
2025-03-04,66.99,67.13,68.1
2025-03-05,67.26,67.4,67.99
2025-03-06,65.79,65.93,66.58
2025-03-07,67.11,67.21,67.77
2025-03-08,,,
2025-03-09,,,
2025-03-10,67.48,67.57,68.18
2025-03-11,66.75,66.85,67.02
2025-03-12,68.12,68.21,
2025-03-13,69.09,69.17,68.2
2025-03-14,69.47,69.56,68.65
2025-03-15,,,
2025-03-16,,,
2025-03-17,68.61,68.69,68.53
2025-03-18,69.8,69.88,68.66
2025-03-19,71.89,71.96,71.35
2025-03-20,71.47,71.54,71.54
2025-03-21,69.94,70.01,71.56
2025-03-22,,,
2025-03-23,,,
2025-03-24,70.05,70.08,69.85
2025-03-25,68.99,69.02,69.61
2025-03-26,69.37,69.4,
2025-03-27,67.16,67.18,68.41
2025-03-28,67.44,67.45,67.36
2025-03-29,,,
2025-03-30,,,
2025-03-31,66.66,66.66,66.8
2025-04-01,68.52,68.98,66.71
2025-04-02,67.23,67.69,68.62
2025-04-03,64.82,65.25,65.75
2025-04-04,62.67,63.08,63.8
2025-04-05,,,
2025-04-06,,,
2025-04-07,61.73,62.12,59.76
2025-04-08,60.94,61.3,60.35
2025-04-09,59.89,60.23,
2025-04-10,61.05,61.38,62.08
2025-04-11,63.71,64.08,61.01
2025-04-12,,,
2025-04-13,,,
2025-04-14,65.36,65.74,64.6
2025-04-15,65.07,65.42,66.21
2025-04-16,65.82,66.18,65.98
2025-04-17,64.78,65.12,65.06
2025-04-18,64.78,,
2025-04-19,,,
2025-04-20,,,
2025-04-21,64.78,65.12,
2025-04-22,63.35,63.66,63.3
2025-04-23,65.84,66.15,
2025-04-24,65.27,65.58,63.93
2025-04-25,65.38,65.69,65.89
2025-04-26,,,
2025-04-27,,,
2025-04-28,64.28,64.58,64.2
2025-04-29,63.82,64.11,63.55
2025-04-30,65.54,65.82,65.05
2025-05-01,65.54,66.28,
2025-05-02,67.73,68,
2025-05-03,,,
2025-05-04,,,
2025-05-05,66.45,66.73,66.64
2025-05-06,68.22,68.49,67.88
2025-05-07,70.01,70.27,
2025-05-08,69.67,69.93,70.3
2025-05-09,69.35,69.6,70.2
2025-05-10,,,
2025-05-11,,,
2025-05-12,72.31,72.57,71.01
2025-05-13,71.81,72.06,71.69
2025-05-14,71.25,71.49,71.85
2025-05-15,72.34,72.58,70.11
2025-05-16,69.94,70.16,72.94
2025-05-17,,,
2025-05-18,,,
2025-05-19,69.4,69.61,69.44
2025-05-20,72.14,72.34,70.69
2025-05-21,71.71,71.9,
2025-05-22,71.13,71.31,71.84
2025-05-23,70.57,70.76,71.11
2025-05-24,,,
2025-05-25,,,
2025-05-26,72.02,72.23,
2025-05-27,70.77,70.95,71.51
2025-05-28,71.09,71.26,70.54
2025-05-29,69.99,70.15,
2025-05-30,69.48,69.61,
2025-05-31,,,
2025-06-01,,,
2025-06-02,69.97,70.1,70.58
2025-06-03,71.66,71.78,70.61
2025-06-04,71.67,71.8,
2025-06-05,71.79,71.91,72.54
2025-06-06,72.56,72.67,72.3
2025-06-07,,,
2025-06-08,,,
2025-06-09,73.3,73.41,
2025-06-10,71.75,71.86,72.16
2025-06-11,73.43,73.53,73.5
2025-06-12,74.46,74.56,72.71
2025-06-13,75,75.09,75.36
2025-06-14,,,
2025-06-15,,,
2025-06-16,74.41,74.49,74.51
2025-06-17,73.72,73.79,74.05
2025-06-18,73.7,73.76,
2025-06-19,71.88,71.91,73.48
2025-06-20,72.07,72.14,71.97
2025-06-21,,,
2025-06-22,,,
2025-06-23,72.38,72.43,72
2025-06-24,72.69,72.71,72.91
2025-06-25,70.28,70.31,71.72
2025-06-26,69.56,69.59,69.46
2025-06-27,70.13,70.15,69.4
2025-06-28,,,
2025-06-29,,,
2025-06-30,68.19,68.19,68.95
2025-07-01,69.82,70.21,69.01
2025-07-02,71.11,71.53,
2025-07-03,71.27,71.68,70.52
2025-07-04,70.88,71.29,70.85
2025-07-05,,,
2025-07-06,,,
2025-07-07,70.44,70.82,70.34
2025-07-08,69.68,70.05,69.96
2025-07-09,69.64,70.02,69.88
2025-07-10,69.98,70.36,70.44
2025-07-11,69.81,70.17,69.3
2025-07-12,,,
2025-07-13,,,
2025-07-14,69.68,70.04,70.42
2025-07-15,70.78,71.13,69.76
2025-07-16,70.57,70.93,
2025-07-17,69.82,70.17,70.05
2025-07-18,69.18,69.51,69.68
2025-07-19,,,
2025-07-20,,,
2025-07-21,69.14,69.47,69.53
2025-07-22,68.43,68.75,68.73
2025-07-23,68.69,69,69.1
2025-07-24,70.2,70.5,68.89
2025-07-25,70.65,70.96,70.22
2025-07-26,,,
2025-07-27,,,
2025-07-28,69.96,70.27,70.63
2025-07-29,72.39,72.68,70.53
2025-07-30,72.17,72.46,
2025-07-31,71.96,72.25,72
2025-08-01,70.41,70.66,71.14
2025-08-02,,,
2025-08-03,,,
2025-08-04,70.2,70.46,69.52
2025-08-05,70.93,71.2,70.07
2025-08-06,70.36,70.6,70.74
2025-08-07,71.13,71.38,70.1
2025-08-08,72.56,72.81,72.14
2025-08-09,,,
2025-08-10,,,
2025-08-11,71.72,71.98,72.18
2025-08-12,70.9,71.12,71.3
2025-08-13,71.11,71.35,
2025-08-14,70.37,70.57,70.54
2025-08-15,70.1,70.3,70.13
2025-08-16,,,
2025-08-17,,,
2025-08-18,71.24,71.44,70.21
2025-08-19,70.61,70.79,71.37
2025-08-20,70.73,70.91,70.47
2025-08-21,72.05,72.23,71.19
2025-08-22,71.95,72.13,72.05
2025-08-23,,,
2025-08-24,,,
2025-08-25,71.66,71.81,71.36
2025-08-26,72.19,72.36,71.31
2025-08-27,71.69,71.85,
2025-08-28,71.21,71.33,71.18
2025-08-29,72.44,72.6,71.3
2025-08-30,,,
2025-08-31,,,
2025-09-01,73.44,73.56,73.14
2025-09-02,73.08,73.21,73.5
2025-09-03,74.4,74.54,73.27
2025-09-04,74.9,75.03,74.38
2025-09-05,75.5,75.64,75.44
2025-09-06,,,
2025-09-07,,,
2025-09-08,76.65,76.77,75.21
2025-09-09,76.37,76.5,76.4
2025-09-10,76.59,76.7,
2025-09-11,75.06,75.15,76.07
2025-09-12,75.31,75.37,75.02
2025-09-13,,,
2025-09-14,,,
2025-09-15,76.29,76.36,75.02
2025-09-16,77.05,77.11,76.17
2025-09-17,76.52,76.59,77.53
2025-09-18,77.37,77.44,77.22
2025-09-19,77.12,77.16,76.57
2025-09-20,,,
2025-09-21,,,
2025-09-22,75.76,75.82,76.8
2025-09-23,76.38,76.4,75.6
2025-09-24,75.61,75.62,
2025-09-25,75.35,75.37,75.56
2025-09-26,75.58,75.6,75.17
2025-09-27,,,
2025-09-28,,,
2025-09-29,76.4,76.4,75.2
2025-09-30,75.36,75.72,75.95
2025-10-01,75.96,76.33,74.3
2025-10-02,77.08,77.43,76.05
2025-10-03,78.78,79.16,
2025-10-04,,,
2025-10-05,,,
2025-10-06,78.42,78.75,79.19
2025-10-07,77.94,78.31,78.3
2025-10-08,78.66,79.01,77.39
2025-10-09,78.86,79.23,77.95
2025-10-10,79.35,79.68,79.22
2025-10-11,,,
2025-10-12,,,
2025-10-13,77.81,78.12,78.66
2025-10-14,76.62,76.92,76.91
2025-10-15,77.57,77.88,76.58
2025-10-16,79.21,79.51,77.82
2025-10-17,79.14,79.46,77.99
2025-10-18,,,
2025-10-19,,,
2025-10-20,79.53,79.82,78.75
2025-10-21,79.3,79.58,78.94
2025-10-22,78.19,78.46,
2025-10-23,78.17,78.44,78.54
2025-10-24,78.07,78.32,78.47
2025-10-25,,,
2025-10-26,,,
2025-10-27,77.52,77.77,77.56
2025-10-28,78.08,78.32,77.85
2025-10-29,78.58,78.81,78.55
2025-10-30,78.44,78.67,78.71
2025-10-31,78.31,78.54,78.66
2025-11-01,,,
2025-11-02,,,
2025-11-03,80.97,81.2,79.3
2025-11-04,82.08,82.31,81.26
2025-11-05,81.27,81.49,
2025-11-06,79.97,80.17,80.07
2025-11-07,79.25,79.47,79.76
2025-11-08,,,
2025-11-09,,,
2025-11-10,79.77,79.96,79.97
2025-11-11,80.48,80.65,79.91
2025-11-12,81.73,81.91,81.51
2025-11-13,81.18,81.34,81.31
2025-11-14,80.77,80.93,80.85
2025-11-15,,,
2025-11-16,,,
2025-11-17,79.79,79.92,80.25
2025-11-18,81.1,81.22,80.41
2025-11-19,80.52,80.66,
2025-11-20,81.22,81.36,81.16
2025-11-21,80.3,80.41,80.47
2025-11-22,,,
2025-11-23,,,
2025-11-24,80.5,80.61,80
2025-11-25,81.76,81.87,81.19
2025-11-26,81.57,81.68,81.51
2025-11-27,82.13,82.21,81.07
2025-11-28,83.17,83.26,82.6
2025-11-29,,,
2025-11-30,,,
2025-12-01,82.56,82.64,83.01
2025-12-02,81.77,81.82,82.19
2025-12-03,81.73,81.79,
2025-12-04,82.38,82.43,81.39
2025-12-05,81.92,81.98,82.25
2025-12-06,,,
2025-12-07,,,
2025-12-08,81.95,81.98,82.17
2025-12-09,82.82,82.85,82.22
2025-12-10,82.38,82.42,82.18
2025-12-11,83.86,83.9,83.77
2025-12-12,83.76,83.79,83.65
2025-12-13,,,
2025-12-14,,,
2025-12-15,85,85,84.6
2025-12-16,85.1,85.67,
2025-12-17,84.54,85.12,
2025-12-18,84.25,84.81,
2025-12-19,84.36,85.38,
2025-12-20,,,
2025-12-21,,,
2025-12-22,,85.8,
2025-12-23,,86.85,
2025-12-24,,86.34,
2025-12-25,,,
2025-12-26,,86.34,
2025-12-27,,,
2025-12-28,,,
2025-12-29,,85.79,
2025-12-30,,85.62,
2025-12-31,,85.73,
2026-01-01,,,
2026-01-02,,86.65,
2026-01-03,,,
2026-01-04,,,
2026-01-05,,85.6,
2026-01-06,,86.32,
2026-01-07,,,86.27
