installation_id,lat,lon
AT_187,47.1717622,9.8003634
AT_129,48.083659646,16.318644352
AT_132,48.0855922,16.2833526
AT_201648,47.7066007,16.0194688
AT_137,48.5694535,16.5720327
AT_128,48.0076713,16.2343693
AT_127,47.8131847,16.2441166
AT_133,48.2043985,15.6229118
AT_27,48.2846585,16.5358577
AT_28,48.305328,16.568795
AT_8,48.2043985,15.6229118
AT_9,48.2043985,15.6229118
AT_31,47.9185855,13.8003048
AT_180,48.3846124,16.2076303
AT_143,48.2081012,15.1626948
AT_138,47.7162157,16.1862518
AT_144,47.2715315,15.3260206
AT_206144,48.356717599999996,16.689004684010797
AT_206145,46.486485,7.587946
AT_206146,48.142235,14.4644653
BE_277,51.0312293,4.098112
BE_222,40.8349546,44.4265833
BE_222421,50.56261935,5.388190648822447
BE_204481,51.2185443,4.3302898
BE_205741,51.2211097,4.3997081
BE_214340,51.2211097,4.3997081
BE_205742,51.2211097,4.3997081
BE_205743,51.2211097,4.3997081
BE_213,51.0284779,5.7311405
BE_253,50.90942,4.11163
BE_48,50.4470193,4.6354624
BE_284,50.3977245,4.4442531
BE_288,50.3977245,4.4442531
BE_205505,50.9094821,3.3699842
BE_171,51.0538286,3.7250121
BE_178,50.5625055,4.2507809
BE_206990,46.654699842,14.457805509
BE_47,51.2185443,4.3302898
BE_224,50.879202,4.7011675
BE_225,50.6431909,5.6301266
BE_227,50.7436672,3.2142729
BE_310,50.7436672,3.2142729
BE_758,49.8546564,5.2529266
BE_761,40.8349546,44.4265833
BE_205722,50.5924891,3.4834445
BE_203882,46.654699842,14.457805509
BE_203884,51.2516344,4.4980446
BE_737,51.2211097,4.3997081
BE_252,50.9035063,4.1174675
BE_250,50.999964750000004,3.3414263284671195
BE_251,50.9094821,3.3699842
BE_267,-34.5918656,-58.4321292
BE_308,51.2211097,4.3997081
BE_286,50.4116233,4.444528
BE_285,50.3977245,4.4442531
BE_287,50.4116233,4.444528
BG_41,43.5258211,26.5230603
BG_13,43.409022,24.6180123
BG_23,-2.863955,-78.988988
BG_79,42.6977028,23.3217359
BG_81,42.687136123,23.249566245
BG_8,42.6817633,26.3153528
BG_9,42.6977028,23.3217359
BG_75,34.734198,10.765592
BG_202233,42.1241382,26.0026278
BG_99,48.018329,14.444007
CY_210000000000008,34.9236095,33.6236184
CY_210000000000013,41.953671,12.091043
CZ_168,49.361421330211975,16.40045167290364
CZ_405,50.683283007,13.881800919
CZ_411,50.6728303,13.9424879
CZ_327,50.030505,15.733935
CZ_369,49.896755,18.1870424
CZ_388,49.4570501,16.3337065
CZ_400,49.4721467,17.1117979
CZ_247,49.8423549,16.2833514
CZ_240,49.6337712,17.989647
CZ_244,50.59044965,13.810334430009974
CZ_236,48.856422775,17.123723265
CZ_251,49.510657,14.1647359
CZ_254,49.9788365,15.8410811
CZ_343,49.9612234,16.7657581
CZ_249,49.1532744,14.2306293
CZ_344,49.4716056,17.971593
CZ_35,49.7477415,13.3775249
CZ_60,30.806085,-83.190044
CZ_154,50.01589285,14.475659232602842
CZ_222,49.827670238,18.247666833
CZ_281,39.3625696,22.9459075
CZ_26,48.9540796,17.379034
CZ_64,49.7477415,13.3775249
CZ_63,49.7477415,13.3775249
CZ_210084,50.7994117,14.4165592
CZ_301,50.316120333161514,12.947709696134021
CZ_75,30.606956,-81.671414
CZ_271,49.1688974,16.7272687
CZ_268,49.6390886,13.1647362
CZ_380,49.5477743,17.6248997
CZ_270,48.8384892,14.8682662
CZ_250,49.228911441,14.41114646
CZ_256,50.0662793,15.9858513
CZ_243,50.4023359,14.9569957
CZ_269,49.500207,12.9891857
CZ_248,48.8369264,16.4934479
CZ_31,49.3910021,13.0392655
CZ_241,50.061730146,14.283881192
CZ_302,49.7530168,13.0049136
CZ_258,50.680729078,14.534498957
CZ_257,50.680729078,14.534498957
CZ_308,50.0738846,14.3409061
CZ_427,49.04171865,16.945297545366248
CZ_177,49.47043208,17.110232514
CZ_219,49.8349139,18.2820084
CZ_211,49.8349139,18.2820084
CZ_214,49.8349139,18.2820084
CZ_209,49.8349139,18.2820084
CZ_217,49.8349139,18.2820084
CZ_221,49.8349139,18.2820084
CZ_213,49.8349139,18.2820084
CZ_212,49.8349139,18.2820084
CZ_218,49.8349139,18.2820084
CZ_76,49.8027806,13.3952147
CZ_65,49.7477415,13.3775249
CZ_210,49.791122721,18.243602609
CZ_215,49.8349139,18.2820084
CZ_216,49.8349139,18.2820084
CZ_220,49.8349139,18.2820084
CZ_235,49.58319298750247,17.989333295689146
CZ_101,50.8068013,14.23646
CZ_99,50.8068013,14.23646
CZ_100,50.8068013,14.23646
CZ_144,50.316120333161514,12.947709696134021
DE_221568,53.898623815,11.491239351
DE_786,49.7466,8.5112
DE_1324,50.687942162,10.932780643
DE_205607,49.9740542,9.1493636
DE_218940,50.771267079,6.051543799
DE_845,49.3260163,7.052847
DE_851,49.2522866,6.859519
DE_1317,51.526917437,6.748173397
DE_840,49.2522866,6.859519
DE_1312,51.543641858,7.160897207
DE_889,49.2522866,6.859519
DE_1399,51.6149389,7.6362876
DE_852,49.347299,7.2548948
DE_1546,48.2145951,12.5597508
DE_206193,51.4002384,8.0605908
DE_206062,-29.205207,26.220955
DE_205793,47.924349,9.2559822
DE_20,51.289509100000004,12.00941504388248
DE_1877,49.2522866,6.859519
DE_51,52.412575669,12.533056261
DE_53,51.361349995,6.728556844
DE_2496,49.2522866,6.859519
DE_57,51.016265,13.6530329
DE_59,49.2522866,6.859519
DE_202690,49.245026864,6.94945569
DE_202688,49.343095574,7.185058169
DE_215660,51.016265,13.6530329
DE_202696,51.016265,13.6530329
DE_202616,49.2522866,6.859519
DE_202686,49.2522866,6.859519
DE_202674,52.412575669,12.533056261
DE_284,51.393581897,7.47973007
DE_278,50.3873905,7.3388191
DE_201936,50.4667,7.73333
DE_202791,48.9487272,8.8492931
DE_302,48.1805562,10.7578121
DE_303,48.1805562,10.7578121
DE_460,49.1045981,8.74558
DE_461,51.54798324,9.884230671
DE_412,51.016265,13.6530329
DE_433,52.1097603,8.9588356
DE_203873,50.6696,8.694
DE_81,52.471472631,13.790130529
DE_95,49.3491417,8.6909951
DE_94,49.8062593,9.6023753
DE_99,48.3755469,9.7341832
DE_90,51.725115849,8.695238188
DE_89,51.6395322,8.512578
DE_109,49.2071077,12.03996
DE_111,52.36075148,9.833855204
DE_88,51.8359553,8.0255988
DE_137,51.1245718,8.0568953
DE_133,47.6556421,7.565174
DE_146,50.2339271,6.6908208
DE_149,51.414451007,7.832866328
DE_147,51.2818569,7.0328063
DE_150,51.393581897,7.47973007
DE_205563,47.6556421,7.565174
DE_143,51.393581897,7.47973007
DE_151,52.0669535,9.585096
DE_148,51.3955721,8.5677743
DE_239,50.4695139,11.2588086
DE_254,51.37138245,12.748182292058097
DE_258,49.4704113,8.4381568
DE_268,50.5105578,11.1407613
DE_197,51.55868176,12.972241533
DE_227,51.8704732,10.0297839
DE_490,50.4188166,11.70143222013976
DE_229106,47.182108,9.423621
DE_202116,51.173248791,6.822919188
DE_227051,51.173248791,6.822919188
DE_202847,50.8247166,6.9810852
DE_210104,51.67499777,7.130309077
DE_205384,51.8322137,6.2428283
DE_226000,51.173248791,6.822919188
DE_202574,48.1588645,12.8329419
DE_679,52.6141259,7.8594979
DE_530,49.0621554,9.7227502
DE_551,50.9735851,13.8753917
DE_4160,52.6218894,10.246361
DE_585,50.797762016,6.482502191
DE_513,51.4002384,8.0605908
DE_618,51.289509100000004,12.00941504388248
DE_514,51.4002384,8.0605908
DE_570,50.019188663,8.224975754
DE_515,51.0426793,13.0116803
DE_206057,51.3233566,12.0242496
DE_216760,48.0556122,11.5217455
DE_207699,53.550341,10.000654
DE_202346,51.0934389,6.8416158
DE_202349,51.321848,12.010216
DE_227352,51.3020569,13.3850546
DE_202351,48.1588645,12.8329419
DE_224428,47.5605924,7.7861959
DE_3397,50.938361,6.959974
DE_3398,50.938361,6.959974
DE_2694,50.938361,6.959974
DE_96,47.6138408,12.188782
DE_135,50.7911293,6.2802702
DE_86,51.774293091,7.896680466
DE_92,49.970154129,8.304916942
DE_91,50.566093542,8.492086106
DE_1709,41.957292317,13.477036692
DE_1717,41.957292317,13.477036692
DE_958,51.3157833,9.4978479
DE_719,50.130674078,8.920344911
DE_775,50.9301118,12.0113701
DE_1752,52.0280674,8.9012894
DE_673,51.162229166,6.478577276
DE_990,52.7529379,13.2457591
DE_1623,49.2788378,7.1156707
DE_1016,52.3580209,14.064985
DE_1514,47.961187484,12.593936364
DE_1223,51.200769083,6.693593044
DE_1206,52.455605,4.657959
DE_1513,52.155341481,11.030012544
DE_1208,51.4121605,13.4473168
DE_1057,51.2835927,7.192233014
DE_2497,51.579484,9.7524477
DE_853,50.779323884,6.228148154
DE_1107,50.938361,6.959974
DE_1283,50.1106444,8.6820917
DE_1073,50.1106444,8.6820917
DE_1106,50.1106444,8.6820917
DE_1232,53.447046018,9.988267886
DE_1321,38.963144325,16.300035999
DE_1322,47.6500279,9.4800858
DE_1260,48.9341783,9.7432432
DE_457,51.160705279,13.478527788
DE_454,50.4700819,7.7956173
DE_455,51.3551242,12.7089736
DE_1438,51.6747074,8.347194
DE_1519,53.762660688,9.653220362
DE_1517,53.093853666,8.784571188
DE_1689,54.0491828,10.1769805
DE_376,51.080992,6.3160684
DE_394,50.4341326,8.6719889
DE_347,52.450228234,9.695527996
DE_452,52.1719963,12.3720603
DE_448,51.3436532,8.2859257
DE_295,48.143242,10.2540507
DE_310,49.9114995,11.4644655
DE_1453,51.460713304,14.61561892
DE_1454,51.460713304,14.61561892
DE_1231,52.2514309,13.2396499
DE_856,47.7996665,11.0655229
DE_1196,53.447046018,9.988267886
DE_1141,47.7617515,8.8348709
DE_1778,47.7617515,8.8348709
DE_205627,52.64288,10.9052337
DE_1144,52.692534433,7.283893419
DE_855,49.3260163,7.052847
DE_1184,52.451633096,13.430569213
DE_202573,51.2818569,7.0328063
DE_1420,51.383611266,7.680084853
DE_1427,51.383611266,7.680084853
DE_1768,51.383611266,7.680084853
DE_1328,49.6167,7.33333
DE_4110,51.5714513,14.3804302
DE_1460,50.5879789,11.0428809
DE_1456,51.8584667,14.4110395
DE_1459,51.5714513,14.3804302
DE_1227,52.5782258,13.5739094
DE_1131,51.082318556,12.115746242
DE_1137,51.082318556,12.115746242
DE_1133,51.082318556,12.115746242
DE_975,49.970154129,8.304916942
DE_1507,51.7895571,6.1376008
DE_1435,52.325345578,10.261346934
DE_1539,51.6747074,8.347194
DE_1105,50.938361,6.959974
DE_1045,49.907351165,10.905275487
DE_1329,49.2522866,6.859519
DE_898,51.2209866,6.9056079
DE_902,51.4400566,10.5727462
DE_1486,51.361349995,6.728556844
DE_203771,51.361349995,6.728556844
DE_1007,49.4518819,7.5543118
DE_210680,49.4518819,7.5543118
DE_1036,49.4518819,7.5543118
DE_1021,52.3715809,12.9329125
DE_1325,50.345507143,7.562369315
DE_997,48.996714201,8.343785171
DE_1672,48.996714201,8.343785171
DE_1879,49.03286545,8.449050769
DE_1219,48.2663113,13.0279972
DE_919,50.9598627,7.9896202
DE_917,50.9598627,7.9896202
DE_928,50.909894,6.814001
DE_886,50.781519662,6.459793687
DE_980,51.0654268,6.0984461
DE_984,50.704045146,7.080587783
DE_962,52.0280674,8.9012894
DE_872,52.0280674,8.9012894
DE_1014,51.3157833,9.4978479
DE_960,51.3157833,9.4978479
DE_959,51.3157833,9.4978479
DE_706,51.3157833,9.4978479
DE_1013,51.3157833,9.4978479
DE_941,47.5528548,7.6737981
DE_627,48.743015886,9.109988312
DE_647,49.563159071,11.004332501
DE_783,51.5017981,6.547923
DE_782,51.4413742,6.5467641
DE_209683,51.0934389,6.8416158
DE_202468,51.0934389,6.8416158
DE_833,51.359981503,6.635694742
DE_208944,51.0934389,6.8416158
DE_809,51.359981503,6.635694742
DE_824,51.0324743,6.9881194
DE_828,51.0324743,6.9881194
DE_800,51.0909476,6.8812387
DE_804,48.0615171,12.220026
DE_1452,49.151160938,9.229416736
DE_4142,48.769220794,9.167724033
DE_1455,48.9402085,9.256396
DE_1464,49.0126104,9.1519563
DE_1458,48.781619692,9.250920528
DE_1463,48.816134956,9.208565382
DE_1457,48.996714201,8.343785171
DE_210625,48.781619692,9.250920528
DE_1450,48.7244372,9.3807848
DE_838,49.3019864,6.7791216
DE_839,49.3019864,6.7791216
DE_205673,50.963605,6.1199802
DE_1697,50.1588179,6.3383144
DE_217380,51.67499777,7.130309077
DE_1749,51.67499777,7.130309077
DE_1702,50.8247166,6.9810852
DE_1662,50.043547273,8.237030693
DE_1591,51.8322137,6.2428283
DE_1640,52.6218894,10.246361
DE_203254,51.513288603,7.163829366
DE_215781,51.67499777,7.130309077
DE_203360,51.513288603,7.163829366
DE_906,51.457029296,7.010950296
DE_207227,51.67499777,7.130309077
DE_1686,47.5605924,7.7861959
DE_801,50.109101903,8.952185095
DE_202634,50.8247166,6.9810852
DE_1747,51.67499777,7.130309077
DE_1289,51.439623475,7.371063632
DE_1748,51.67499777,7.130309077
DE_1782,50.2811665,12.236949
DE_1800,51.6414581,6.7660319
DK_56,55.4565009,12.1818964
DK_206,55.53692225,12.169172601275331
DK_160,55.9285735,12.3063909
DK_161,55.9285735,12.3063909
DK_159,55.9285735,12.3063909
DK_162,55.9285735,12.3063909
DK_397,54.8062652,11.4301263
DK_3,56.4469128,9.4059354
DK_4,56.4469128,9.4059354
DK_5,56.4469128,9.4059354
DK_309,41.3151685,19.446591238
DK_297,55.2521101,11.2942011
DK_32,55.4894999,9.47905
DK_31,55.4894999,9.47905
DK_33,55.4894999,9.47905
DK_35,55.565268,9.7562169
DK_34,55.4894999,9.47905
DK_36,43.661833,17.756834
DK_37,43.661833,17.756834
DK_222,54.7646137,11.8709918
DK_223,54.7646137,11.8709918
DK_237,55.4993014,9.7392181
DK_29,55.457787,9.878534
DK_406,55.9285735,12.3063909
DK_232,57.4412134,10.5336225
DK_77,55.565268,9.7562169
DK_231,57.4412134,10.5336225
DK_75,55.9469339,8.4909186
DK_259,30.13775375,-94.27337870950495
DK_1,55.8832986,12.5000112
DK_210839,56.3111225,9.1706768
DK_39,54.9089186,9.7897999
DK_202197,55.642804299999995,12.55498223605706
DK_205550,57.457183,9.9855998
DK_202591,57.0405404,10.005958204695094
DK_87,55.7570833,8.9277576
DK_88,55.7570833,8.9277576
EE_208969,59.423218711,24.824698573
EE_52,59.423218711,24.824698573
EE_33,57.8385759,27.0086505
EE_8,59.392680535,27.250671714
ES_205910,41.3825802,2.177073
ES_498,41.7824664,1.7837664
ES_188,40.3671501,-1.1542609
ES_652,42.408009483,-8.668851383
ES_518,41.5398348,2.4448926
ES_30212088,38.0515024,-1.2416437
ES_311,38.9293858,-1.74318125
ES_875,40.4544298,-1.2859865
ES_1501,36.679957569,-6.146717162
ES_14515134,37.2486227,-4.5825794
ES_546,38.8208523,-0.6099929
ES_480,41.482812342,2.182897314
ES_494,41.5216923,1.7526335
ES_1013,42.302381312,-7.8706245
ES_1008,42.894003,-8.517217
ES_1007,43.1222814,-7.6228675
ES_920,38.9293858,-1.74318125
ES_90041,41.6521342,-0.8809428
ES_641,42.7390228,-8.6602504
ES_166,40.4544298,-1.2859865
ES_936,42.233743,2.2854845
ES_879,41.6521342,-0.8809428
ES_218801,40.430232299,-3.623614882
ES_994,,
ES_90025,39.456500934,-3.605308223
ES_884,43.356409523,-5.863962341
ES_1004,39.464967,-6.377459
ES_210818,39.492989,-0.4621429
ES_212702,28.1221408,-16.5766728
ES_212685,36.7213028,-4.4216366
ES_90040,41.32374034,2.09933949
ES_212440,38.2689734,-0.532169733
ES_212686,27.9984538,-15.4166761
ES_212684,39.5695818,2.6500745
ES_212801,28.4993424,-13.8599051
ES_1047,45.555648643,8.976382384
ES_1046,41.820189,12.456411
ES_90030,42.063972,-1.6053391
ES_59,10.4623021,-84.657731677
ES_721,37.971811661,-1.211040056
ES_161,41.65155182,-0.876947036
ES_400,41.4769177,1.9283971
ES_963,41.3825802,2.177073
ES_47005368,41.2870983,-4.68669
ES_897,41.2870983,-4.68669
ES_212760,42.1382539,-0.4080901
ES_167,41.800979698,0.413583283
ES_976,38.8208523,-0.6099929
ES_941,45.068978,7.564358
ES_220933,41.3825802,2.177073
ES_207862,40.7145779,0.4927561
ES_1500,43.39692310876712,-3.776017754794521
ES_651,42.408009483,-8.668851383
ES_202627,39.9621514,-0.2593846
ES_202771,40.0746619,-0.2142146
ES_202499,40.3436719,-1.1081939
ES_203222,39.6251478,-0.5952749
ES_472,41.5551874,1.6747485
ES_452,60.186643,24.024256
ES_782,43.0489646,-2.0878104
ES_793,43.1241497,-1.9791586
ES_579,39.8876912,-0.0846321
ES_388,41.3505032,1.8492996
ES_157,41.646481,-0.887553
ES_477,41.4765136,1.9832978
ES_202885,41.9137506,0.1930705
ES_202151,43.3055981,-2.9729697
ES_207505,43.309341,-3.0074501
ES_208924,43.1675342,-2.0672224
ES_525,41.355724,2.0706225
ES_594,38.988085,-0.5200428
ES_134,37.3746324,-6.9690748
ES_838,37.3653148,-4.8502348
ES_490,41.53422714285714,1.7705524285714287
ES_138,37.0942895,-3.6345792
ES_149,38.0928826,-5.8176004
ES_220,43.4027677,-5.810479
ES_289,41.5966366,-4.1215713
ES_367,40.0440004,-3.9008053
ES_368,40.0454287,-3.8354787
ES_620,38.8803632,-0.5911695
ES_617,38.8803632,-0.5911695
ES_557,60.861612,25.08987
ES_568,40.0746619,-0.2142146
ES_616,38.9117405,-0.5405452833333333
ES_358,40.013303,-3.7968786
ES_738,38.1800547,-1.1259457
ES_493,41.53422714285714,1.7705524285714287
ES_12667697,40.9692882,-0.5304939
ES_147,37.2076275,-3.633024
ES_528,39.9621514,-0.2593846
ES_604,39.22580064,-0.28906858
ES_605,39.7337011,-0.8273481
FI_282,64.883439495,28.908735619
FI_649,65.16793607,25.360271593
FI_137,63.8391421,23.1336845
FI_139,63.838684283,23.048632797
FI_131,60.4034398,25.1041013
FI_129,60.4034398,25.1041013
FI_540,60.4034398,25.1041013
FI_210165,60.376199,25.2651428
FI_132,60.376199,25.2651428
FI_201655,63.0957722,21.6159187
FI_283,64.883439495,28.908735619
FI_33,61.6877956,27.2726569
FI_608,63.0957722,21.6159187
FI_323,63.0957722,21.6159187
FI_135,60.4034398,25.1041013
FI_133,60.4034398,25.1041013
FI_265,60.762301657,24.773057876
FI_264,60.7390089,24.7728148
FI_263,60.7390089,24.7728148
FI_262,60.7390089,24.7728148
FI_511,60.2013804,22.4727614
FI_140,63.838684283,23.048632797
FI_464,63.8391421,23.1336845
FI_284,64.883439495,28.908735619
FI_213880,63.0957722,21.6159187
FI_325,63.0957722,21.6159187
FI_322,63.0957722,21.6159187
FI_324,63.0957722,21.6159187
FI_321,63.133948569,21.587505347
FI_4,63.0957722,21.6159187
FI_138,63.8391421,23.1336845
FI_349,60.445974759,22.35083594
FI_597,62.8778892,24.8007998
FI_600,60.6530502,23.1406187
FI_134,60.376199,25.2651428
FI_478,60.4034398,25.1041013
FI_130,60.4034398,25.1041013
FI_136,60.4034398,25.1041013
FI_37,61.6877956,27.2726569
FI_466,61.2637921,24.0301278
FR_600,43.927603,4.9442687
FR_544,47.4178011,-1.8476112
FR_142,47.1726521,5.1622858
FR_708,48.730158,2.2766735
FR_643,48.9227298,2.2543631
FR_39,49.2350325,2.9834529
FR_53,39.731686,-104.98265
FR_400,46.0345572,4.0729178
FR_115,49.1813403,-0.3635615
FR_478,49.1682805,6.7181281
FR_205936,49.725793,14.587174
FR_205798,49.7576856,2.9087229
FR_714,48.6708729,2.3750351
FR_320,47.0921047,5.4925463
FR_227,49.2577886,4.031926
FR_205729,44.249295,2.5118527
FR_204076,47.84831,-0.9518383
FR_205636,48.9894458,4.3154379
FR_205637,49.0569342,4.577878
FR_205639,49.344191,4.371231
FR_205638,49.1514315,4.2514192
FR_755,48.8565557,2.5290045
FR_673,48.3849647,2.9557006
FR_1095,47.7654098,2.3738968
FR_211959,49.3292,6.18045
FR_488,49.1196964,6.1763552
FR_487,49.110691154,6.222269534
FR_1157,43.7752548,-0.2341865
FR_783,43.1857905,2.5111028
FR_99,43.4339567,-0.6543572
FR_210623,44.6928333,-0.0862892
FR_1155,44.964258,-93.122627
FR_753,48.9031,2.48291
FR_430,45.7578137,4.8320114
FR_914,50.4693066,2.7185236
FR_163,47.3215806,5.0414701
FR_1139,49.5188282,0.534411
FR_454,48.6340871,6.3130958
FR_301,49.3831,1.09163
FR_55,49.7782299,2.9138676
FR_232,48.7479347,4.1678699
FR_837,48.165441,7.5444161
FR_74,45.0121558,-0.5291847
FR_881,43.7624435,1.9887301
FR_638,32.1182188,-84.1974091
FR_802,43.4014434,3.6959771
FR_339,45.8707107,0.8153056
FR_107,44.9015003,-0.5163222
FR_132,49.2031097,-0.3353513
FR_229724,45.0121558,-0.5291847
FR_205885,48.7737116,2.4869009
FR_206367,49.038354,2.8062379
FR_206481,47.2845819,0.7861713
FR_206503,-12.7883902,45.2725533
FR_206502,43.459212362415144,12.238223724171117
FR_650,18.904222067,-69.8122717
FR_662,48.5150876,2.6347018
FR_185,48.1113387,-1.6800198
FR_627,43.4380714,4.945595
FR_556,48.0073849,0.1967849
FR_172,48.3905283,-4.4860088
FR_137,46.3036683,4.8322266
FR_210144,46.3036683,4.8322266
FR_210214,48.8978291,2.369787
FR_210215,48.6396178,2.5064593
FR_213380,48.8841522,2.2368863
FR_615,43.397499,5.033925
FR_1055,46.69356,1.6985695
FR_218080,48.87778,2.1802832
FR_218100,49.3191616,1.1673742
FR_207462,50.2856052,4.042929
FR_79,44.841225,-0.5800364
FR_207226,50.5452102,3.0252819
FR_215180,48.0432406,-1.7082369
FR_348,46.2051192,5.2250324
FR_827,47.8208892,7.5410482
FR_704,48.6241665,2.4289667
FR_1006,50.1147329,3.207531
FR_1163,43.1252298,0.384241
FR_298,49.8337053,1.7189223
FR_796,44.10482705,4.655752285759262
FR_206160,48.6846355,5.7866205
FR_206159,48.5606913,5.0513747
FR_205769,50.9946103,2.2192457
FR_466,48.9025946,6.0547691
FR_695,48.9717033,1.7766633
FR_937,50.7051363,2.12179
FR_486,48.6936221,6.9662495
FR_321,47.124317,5.5618896
FR_70,45.1446287,0.5293881
FR_895,50.5889604,1.6160375
FR_106,44.99331,0.02247
FR_51,49.7185124,2.538101
FR_1025,45.6764688,0.2186769
FR_1070,47.6222754,2.4926961
FR_610,43.8053654,4.6585115
FR_501,48.3640674,6.8652182
FR_206360,50.9946103,2.2192457
FR_455,48.6231282,6.3493799
GB_206083,51.55151,-1.84723
GB_1062,54.8948478,-2.9362311
GB_946,57.166667,-2.666667
GB_974,53.23625,-3.10525
GB_976,53.52968,-2.76176
GB_209925,53.53117,-2.76899
GB_915,53.5927543,-2.2972827
GB_210086,53.5996,-2.29852
GB_743,51.4812,-3.14111
GB_206839,51.5074456,-0.1277653
GB_206838,51.33267,-0.76463
GB_1265,51.5074456,-0.1277653
GB_944,52.51039,-2.12778
GB_187,53.23267,-3.05286
GB_211638,51.5254056,-0.63385545
GB_207557,51.52169,-0.62312
GB_209011,51.5074456,-0.1277653
GB_209768,53.4794892,-2.2451148
GB_206848,51.5219199,-0.6292504
GB_210262,51.522232457,-0.6232704
GB_206962,51.5219199,-0.6292504
GB_210580,53.07734,-2.17631
GB_209013,55.89431,-3.08654
GB_209015,52.9033037,-2.1477653
GB_209014,55.9447392,-2.892623
GB_212400,53.849535833,-3.026991
GB_210085,53.25368,-3.46935
GB_210345,51.522232457,-0.6232704
GB_210465,53.26504,-2.4775999
GB_210515,52.0706,-1.32831
GB_686,57.1482429,-2.0928095
GB_204992,53.58588,-0.65459
GB_206095,51.4812,-3.14111
GB_206096,51.47089,-3.15585
GB_206803,51.5074456,-0.1277653
GB_206801,51.5074456,-0.1277653
GB_206802,51.46763,-0.40118
GB_209939,52.58109,-2.10722
GB_1077,54.343532,-6.261787
GB_65,53.197694,-3.118273
GB_15,53.197694,-3.118273
GB_14,53.197694,-3.118273
GB_205884,53.736563,-0.2358004
GB_207767,51.903295,-0.21694
GB_207765,51.4811491,0.270093
GB_26,51.5074456,-0.1277653
GB_350,52.505432,-1.9646781758425385
GB_248,50.3773149,-4.1793822
GB_633,57.16440442,-2.10088192
GB_641,54.89703,-5.02134
GB_665,55.8455828,-4.4239646
GB_745,53.32578,-2.69447
GB_303,54.0050199,-0.439109
GB_1105,56.4170304,-3.4661614
GB_810,52.0540705,-0.0347633
GB_85,50.83032,-1.35511
GB_595,50.83032,-1.35511
GB_1103,53.36535,-0.8193899
GB_202,51.5074456,-0.1277653
GB_145,51.5074456,-0.1277653
GB_212704,53.4794892,-2.2451148
GB_840,56.20251,-3.15986
GB_892,53.668028,-1.896862
GB_213361,51.5074456,-0.1277653
GB_711,57.1382874,-2.1131039
GB_1059,53.88392,-3.00222
GB_1086,51.8021275,-4.9684249
GB_779,53.342227,-2.8835943
GB_879,54.6415716,-3.5459287
GB_991,53.4794892,-2.2451148
GB_206,53.3409714,-3.0500916
GB_932,52.1363806,-0.4675041
GB_347,51.5074456,-0.1277653
GB_166,51.5111014,-0.5940682
GB_355,53.4794892,-2.2451148
GB_391,50.7213892,-1.972792
GB_426,50.7859695,0.2705513
GB_474,50.74792045,-1.82092725
GB_478,51.434012,-0.511044
GB_508,55.15757,-1.5441
GB_510,51.4968265,-3.5584853
GB_515,52.8186609,-1.65725614
GB_1035,51.4538022,-2.5972985
GB_537,43.03333,-2.41667
GB_553,50.7376667,-4.000316
GB_570,55.0430756,-7.2479481
GB_273,55.25,-2.000559
GB_612,56.021417,-3.8306342
GB_940,53.0465084,-2.9937869
GB_760,52.4796992,-1.9026911
GB_457,50.8496934,-1.07102708
GB_786,54.7889718,-1.59324275
GB_1261,51.5074456,-0.1277653
GB_795,53.41397,-1.34288
GB_1052,50.89916,-1.43389
GB_1038,57.26267,-2.3652
GB_973,53.53117,-2.76899
GB_854,54.461103,-6.288606
XI_578,54.726971633,-5.764778767
GR_165,40.6403167,22.9352716
GR_2,38.047608,23.5348663
GR_201467,37.6281898,22.7159875
GR_218520,40.6403167,22.9352716
GR_218620,38.07521864615384,23.588465646153846
GR_90,38.5645411,23.285246
GR_161,40.79304,22.411477
GR_80,39.3810537,22.7458478
GR_99,40.6403167,22.9352716
GR_139,45.8174869,8.8301676
GR_137,37.5102911,22.3724241
GR_140,40.6403167,22.9352716
GR_92,38.0203695,24.0073367
GR_147,38.246242,21.7350847
GR_111,37.5102911,22.3724241
GR_114,38.8993832,22.433582
HR_203867,46.3892305,16.4368593
HR_205463,43.5471065,16.4277521
HR_203888,19.2231929,-70.5174086
HR_203859,19.2231929,-70.5174086
HU_94,48.1267635,22.312647
HU_77,47.4978789,19.0402383
HU_241,47.359976,19.0953357
HU_106,46.4171344,20.3196068
HU_168,47.4978789,19.0402383
HU_205931,47.4978789,19.0402383
HU_81,47.687609,17.6346815
HU_172,47.9280341,21.0467056
HU_116,47.5385142,21.3465888
HU_216822,47.7574079,18.1298249
IE_227238,53.3493795,-6.2605593
IE_3,52.861944,-8.196667
IE_16,51.7648298,-8.6569302
IE_210096,53.340305,-6.293676
IE_210704,53.2479888,-6.424349898216628
IE_64,,
IT_8,45.2638716,7.4694832
IT_822,44.831365262,10.3310633
IT_914,41.8933203,12.4829321
IT_232,45.5524745,10.7855782
IT_135,45.48340838,9.405226608
IT_870,45.0677551,7.6824892
IT_5,45.0138842,7.8223544
IT_138,45.7016472,9.680301783
IT_147,45.476076,9.689258
IT_241,45.69259,11.4290346
IT_309,45.002836531,9.809198729
IT_665,45.474991,11.369496
IT_224,45.1845007,11.1511359
IT_1208,40.793011,14.598039
IT_582,41.600175,14.2383017
IT_201846,43.532694259,11.155073277
IT_29,45.0677551,7.6824892
IT_843,45.8491741,12.2849283
IT_844,45.946555000000004,12.601780874786431
IT_1003,45.41199655,12.194210690028111
IT_449,41.7447015,13.1526343
IT_733,45.330659,8.210828
IT_75,44.396340732,8.280895492
IT_1238,40.957112,14.31023
IT_798,45.81490829,8.826479548
IT_1102,45.81490829,8.826479548
IT_1164,45.5834418,9.2735257
IT_922,45.8115623,9.0830353
IT_1252,44.479240138,12.208125209
IT_912,44.830157947,11.622583105
IT_861,46.794146,11.944453
IT_631,44.9584528,6.8786855
IT_990,41.67366903,12.608176485
IT_313,44.956363,9.684967
IT_969,44.9809569,10.0424746
IT_1000,41.9983273,14.9939366
IT_1122,40.7499887,14.5269491
IT_1134,45.8320236,13.2111453
IT_1145,40.94891485,14.37700755
IT_1217,40.632477983,14.894965133
IT_363,43.6293969,13.3966763
IT_575,39.0655592,9.0108295
IT_205302,45.47074355,12.238732161856316
IT_205357,43.393162197,10.441788574
IT_392,43.9275158,10.644575
IT_389,43.9275158,10.644575
IT_201899,44.392944249,7.819721492
IT_207403,44.539143,10.8118482
IT_201844,45.3997776,9.8735176
IT_203933,44.821994,9.8284819
IT_208744,44.821994,9.8284819
IT_203934,45.4548691,10.1303478
IT_202459,44.539143,10.8118482
IT_202458,44.539143,10.8118482
IT_222666,45.050205,8.2650382
IT_1181,44.790984188,8.248671218
IT_176,45.6345707,10.609815
IT_298,46.4295026,13.0561666
IT_239,45.5445732,11.2808956
IT_255,45.6848378,12.2859442
IT_240,45.7529864,11.5233854
IT_212501,41.711073,13.358175
IT_202464,44.5880091,10.7373209
IT_992,38.9280929,16.4930774
IT_531,38.9280929,16.4930774
IT_983,24.669637,-78.018505
IT_221,45.5715603,10.8246932
IT_260,45.7803913,12.2593456
IT_266,45.5543521,12.2993285
IT_872,41.70544,15.967657
IT_205573,45.5364624,9.928846
IT_205229,44.533413,11.0240826
IT_206086,45.3603142,11.7897833
IT_206165,43.7697955,11.2556404
IT_123,45.528878,9.04156
IT_216780,41.467299,12.9037518
IT_56,44.804445,8.094036
IT_547,37.0664363,14.2502445
IT_362,43.6293969,13.3966763
IT_203040,39.0354447,16.9792627
IT_1032,43.1136188,12.7886085
IT_1027,43.1136188,12.7886085
LT_30,54.5562536,23.3503665
LT_2,56.3253508,22.8797889
LT_3,56.008893319704015,23.98271915480053
LT_62,54.2121764,24.5673724
LT_96,55.7127529,21.1350469
LT_114,55.3413747,21.4605697
LT_50,55.9340823,23.3157775
LT_28,56.262605,22.859709950000003
LT_21,55.9340823,23.3157775
LT_53,56.0039616,22.9325605
LT_51,55.9340823,23.3157775
LT_52,56.0039616,22.9325605
LT_111,55.9846135,22.2490753
LU_14,49.5208469,5.889242
LU_205710,49.5942017,6.1065134
LU_205992,49.50692465,5.997195
LU_6,49.4959628,5.9850306
LU_205713,49.5446067,5.839409
LU_205996,50.0624375,6.0015233
LU_210122,49.584461346666664,6.121622820000001
LU_9,49.6154235,6.1115753
LU_8,49.633658,6.168512
LU_13,49.4959628,5.9850306
LU_12,49.5208469,5.889242
LV_30,44.870652,10.0753079
LV_110,56.506281,27.3306623
LV_101,57.53488168,25.412372543
LV_72,55.888115904,26.50647815
LV_79,55.888115904,26.50647815
LV_5,56.554012666,21.039849433
LV_23,56.962113836,23.608643733
LV_68,44.870652,10.0753079
NL_203992,52.6366828,6.2080351759349215
NL_37,51.616235726666666,5.52835364
NL_43,52.52799313333333,4.703001666666666
NL_390,51.984139915,4.530625335
NL_380,52.74648966666667,7.003261691666667
NL_434,52.008264005,4.302695320000001
NL_259,51.4164747,4.1812417
NL_347,51.99355965,4.15353238
NL_205794,52.1901672,5.94062552
NL_203211,51.38510273888889,6.147600955555555
NL_205728,52.08982133529412,4.365374611764706
NL_205724,52.08982133529412,4.365374611764706
NL_205727,52.08982133529412,4.365374611764706
NL_205726,52.08982133529412,4.365374611764706
NL_205646,52.06822536470588,4.3453894
NL_204966,51.925385883333334,4.181580833333333
NL_76,52.4738528,4.6379311
NL_324,53.181452841176466,5.539896288235294
NL_82,53.163508189285714,6.806330832142857
NL_81,53.1638192,6.7556852
NL_78,51.750238,5.860205
NL_203,53.222962633,6.574485722
NL_293,52.24014675,4.8423575
NL_260,52.780215016666666,5.054640304761905
NL_73,52.359431,6.466514
NL_229,52.0624023,4.530266
NL_230,52.034401128,4.282140836
NL_231,51.936116,4.166794
NL_226,52.036604,4.366344
NL_227,51.856257285714285,4.513248
NL_158,52.06272908213256,4.368649073342939
NL_228,52.01469265714286,5.182566471428571
NL_115,50.771920273333336,5.7119421133333335
NL_164,51.423723130769226,3.7351187307692304
NL_61,51.505548805882356,5.482292923529412
NL_237,51.45560033333333,5.683085133333334
NL_340,51.89142135,4.3381626
NL_206006,52.4061773,4.78253174
NL_209003,52.2996438,4.94315085
NL_209883,52.337574648,4.931814742
NL_209882,52.354001361,4.959500315
NL_209064,52.2996438,4.94315085
NL_209065,52.2996438,4.94315085
NL_214142,52.27489971,4.74357204
NL_214143,52.27489971,4.74357204
NL_214140,52.2784339,4.7525241
NL_214141,52.2784339,4.7525241
NL_214082,-1.959978,-48.20522
NO_217781,58.9699675,5.7318101
NO_216961,59.9274398,11.1620196
NO_227149,59.938932894,10.827448119
NO_49,59.2677028,11.466025
NO_204082,59.8609617,5.7563039
NO_204074,59.3199898,5.2893224
NO_19,66.3110969,14.1386991
NO_43,59.921804,11.0738113
NO_204081,69.7868259,30.7990697
NO_204083,47.350378714,9.881562482
NO_34,55.165348,14.718925
PL_872,50.8494747,15.5976047
PL_826,51.3585043,20.6285468
PL_587,51.5316918,20.0084195
PL_711,50.5729327,21.6791667
PL_515,51.4082625,19.696167
PL_516,52.0747377,21.0270885
PL_369,50.762102025,16.245625151
PL_489,53.4949524,14.613407
PL_63,51.6495023,17.8167085
PL_773,52.0747377,21.0270885
PL_620,49.9778089,18.9423721
PL_40,50.2895407,21.4229453
PL_258,52.0747377,21.0270885
PL_238,51.5316918,20.0084195
PL_157,51.5466412,23.553219
PL_166,51.9636101,19.2918111
PL_718,52.2319581,21.0067249
PL_169,53.9097477,14.2510703
PL_321,50.78092,17.0683947
PL_323,50.9844757,23.1635704
PL_132,53.0102721,18.6048094
PL_206072,51.374845,20.6488967
PL_424,50.0528608,21.6116324
PL_210351,51.2238922,20.8575141
PL_202077,51.1910223,20.4071836
PL_206039,50.2858001,18.8747933
PL_930,51.4022557,21.1541546
PL_209782,51.5942475,18.7378774
PL_632,50.5736481,19.3219413
PL_202534,53.708021,16.6943922
PL_214,53.3631938,17.034694
PL_218,54.2523708,20.8143702
PL_346,51.93008,22.3790669
PL_351,49.7845132,22.7698454
PL_573,50.8120466,19.113213
PL_591,51.5316918,20.0084195
PL_221282,52.1124413,20.8814417
PL_574,51.8436498,16.5744141
PL_368,50.762102025,16.245625151
PL_640,49.7470465,21.4743139
PT_207017,39.921943549999995,-8.636895489112948
PT_206288,39.2363637,-8.6867081
PT_248,38.001981757,-8.253733229
PT_291,39.4625876,-8.1493983
PT_213,,
PT_109,41.1743135,-8.648236433
PT_263,41.6488247,-8.4362569
PT_156,40.761634,-8.383087
PT_220,40.9854438,-8.5900171
PT_15,39.4495394,-8.8275737
PT_115,39.2204495,-9.1241553
PT_205147,39.8468917,-8.697609
PT_205102,40.858221,-8.514107
PT_147,41.5959943,-8.5230863
PT_192,41.6999572,-8.7145549
PT_65,42.0423757,2.107122
PT_45,41.7399003,-7.4715213
PT_7,-27.657759357,-67.045753686
PT_153,-30.79104809,-60.59050011
PT_158,40.4782058,-8.4523964
PT_165,40.6001108,-8.6666667
PT_178,40.6511724,-8.5973222
RO_289,44.6419986,27.6530653
RO_253,44.3957402,28.659744
RO_239,45.245322729,25.632760729
RO_68,47.1448489,27.622453
RO_207235,47.1426672,23.8759884
RO_37,45.177518,28.8016348
RO_78,46.5560493,26.9153557
RO_77,46.5296764,26.9406966
RO_80,46.237521,26.8405546
RO_89,45.7676676,21.2475909
RO_90,44.8535583,26.0146552
RO_110,45.9233599,22.8482887
RO_111,45.4338215,28.0549395
RO_154,45.687332928,21.903124559
RO_229,43.99092068364929,22.93440153151659
RO_284,45.143715479,26.819788621
RO_213221,43.7518306,24.8691717
RO_42,46.1753793,21.3196342
SE_98,60.6750132,17.1467019
SE_220744,59.2747287,15.2151181
SE_767,55.6052931,13.0001566
SE_654,59.069098473,15.114955427
SE_203188,59.5194177,15.9951592
SE_616,60.035981,18.6656213
SE_207942,61.3774428,15.8181755
SE_213260,58.7093225,13.8228754
SE_602,59.5930569,15.2264966
SE_175,59.9527863,18.1668484
SE_603,59.5247066,15.2979931
SE_860,-23.511794100000003,-46.90938989488561
SE_201843,56.159989,13.766763
SE_712,58.3896329,13.8456344
SE_420,58.4098135,15.6245252
SE_407,56.0842983,12.9167304
SE_773,56.076158,14.4681732
SE_413,57.5373883,13.3565985
SE_416,58.666667,17.083056
SE_418,60.8837542,15.1226783
SE_411,65.5831187,22.1459535
SE_419,61.2594925,17.1635332
SE_417,61.0113215,15.2137181
SE_306,42.1757135,-94.106
SE_657,57.0308057,16.0729231
SE_267,58.5909124,16.1903511
SE_656,59.1272047,15.1435463
SE_394,59.816667,15.75
SE_179,59.2747287,15.2151181
SE_829,59.3238493,13.4701864
SE_117,63.1680239,17.2654472
SE_38,59.3518935,13.1056834
SE_353,57.671268,15.854469
SE_251,57.466667,12.166667
SE_255,57.4827226,12.0803681
SE_727,59.2747287,15.2151181
SE_715,59.2747287,15.2151181
SE_273,59.2293827,17.9748815
SE_276,59.218698,18.1514914
SE_271,59.2511425,17.8048891
SE_274,59.1964289,17.6271663
SE_272,59.1964289,17.6271663
SE_760,-6.276618678,106.709232611
SE_768,55.6052931,13.0001566
SE_100,60.6750132,17.1467019
SE_99,60.6750132,17.1467019
SE_172,58.9853347,14.618827
SE_633,56.273598975,14.51454255
SE_630,56.2789975,14.5333253
SE_631,56.2412875,14.5319796
SE_632,56.277524876,14.528440676
SE_207651,56.2789975,14.5333253
SE_629,56.2789975,14.5333253
SE_674,59.532706767,18.082170067
SE_257,55.6052931,13.0001566
SE_268,58.5909124,16.1903511
SE_856,55.6052931,13.0001566
SE_796,55.6052931,13.0001566
SE_210698,59.514658,17.6426027
SE_210538,59.4351432,18.0780668
SE_206883,37.4230864,-6.7954943
SE_698,59.4823516,18.2943981
SE_262,55.6052931,13.0001566
SE_258,55.6052931,13.0001566
SE_256,55.6052931,13.0001566
SE_186,55.6052931,13.0001566
SE_253,59.4823516,18.2943981
SE_653,54.73875055,23.4926826
SE_89,59.4204736,17.8285472
SE_554,58.9056457,17.9470987
SE_733,59.2747287,15.2151181
SE_535,61.7292824,17.138604575
SE_396,42.1757135,-94.106
SE_248,45.8763597,-93.2969493
SE_570,59.2747287,15.2151181
SE_203007,55.3832213,13.1678048
SE_252,57.0308057,16.0729231
SE_217840,55.3776202,13.1262186
SE_534,0.1189492,117.4903417
SE_537,61.7292824,17.138604575
SE_655,55.6052931,13.0001566
SE_787,62.4922058,17.2995411
SE_170,61.7292824,17.138604575
SE_714,59.2747287,15.2151181
SE_793,55.6052931,13.0001566
SE_96,63.1680239,17.2654472
SE_859,55.3832213,13.1678048
SE_572,59.783035,14.526838
SE_206230,63.1680239,17.2654472
SE_854,55.6052931,13.0001566
SE_33,61.7281607,17.105575
SE_39,60.1274348,16.2117797
SE_347,60.11373675,12.7508075
SE_348,59.1329314,12.9248679
SE_249,39.682554,-3.772969
SE_23,0.1189492,117.4903417
SE_785,57.4827226,12.0803681
SE_22,61.7292824,17.138604575
SE_786,62.4922058,17.2995411
SE_784,57.4827226,12.0803681
SE_830,55.6052931,13.0001566
SE_83,37.367502244,126.813083944
SE_209062,61.0086787,14.5442519
SE_205685,59.40406,18.331331
SE_35,60.1355208,13.0067884
SE_269,59.1329314,12.9248679
SE_205175,61.0086787,14.5442519
SE_855,55.6052931,13.0001566
SE_202299,62.4922058,17.2995411
SI_84,46.605675,16.236696
SI_11,46.1558964,15.0540204
SI_96,46.1456196,15.0817358
SI_41,46.2432913,14.3549353
SK_150,48.7172272,21.2496774
SK_208904,48.7172272,21.2496774
SK_198,48.8713085,18.6348288
SK_206184,49.2610972,19.3570525
SK_98,49.0371787,19.7217331
SK_151,48.4221599,20.3232507
SK_137,48.4497057,18.0983179
AT_49,48.611572,16.886905
AT_177,47.94453564806259,12.941174481967213
AT_170,47.3186638,15.6887802
AT_81,48.0390046,14.4191276
AT_131,48.3311702,16.05179
AT_51,48.3311702,16.05179
AT_48,48.219013979,16.694063979
AT_205701,47.4405481,15.2901669
AT_40,48.1556913,13.561891
AT_220647,47.6258369,13.1451024
AT_164,48.0292938,14.7675296
AT_163,48.0292938,14.7675296
AT_162,48.0749002,14.8156769
AT_207647,48.3059078,14.286198
BE_203916,51.2211097,4.3997081
BE_203896,51.2211097,4.3997081
BE_157,51.086694,4.9168675
BE_260,51.3111156,4.2643189
BE_206955,51.0606816,4.3588917
BE_37,50.8892784,5.6513208
BE_30,50.580370205,4.063557502
BE_126,51.2211097,4.3997081
BE_204097,51.0762086,4.2817075
BE_204096,51.0762086,4.2817075
BE_203011,50.85169675,2.891473683275896
BE_25,50.558655188,3.460557308
BE_27,50.7347797,5.6936397
BE_26,50.4076446,4.0177899
BE_201513,51.0538286,3.7250121
BE_215021,51.0538286,3.7250121
BE_215020,51.0538286,3.7250121
BE_262,50.9840526,3.5274017
BE_240,50.6305665,6.0312717
BE_205484,50.9862157,5.1918579
BE_205502,51.2085526,3.226772
BE_210663,51.3111156,4.2643189
BE_205501,51.0538286,3.7250121
BE_317,50.59324,5.867828
BE_740,32.0920832,-110.8103298
NL_208,51.4944756,4.2871541
NL_103,51.8757624,4.2618477
BG_103,42.6191296,25.3933333
BG_3,43.9857242,22.8772194
BG_4,46.67426,15.045298
BG_7,47.426568,9.364716
BG_78,42.6977028,23.3217359
BG_218020,43.6158817,25.3509536
BG_54,42.9344682,23.0035024
BG_221254,-34.595516,-58.51214
BG_115,41.643746,25.3722156
BG_201534,43.8480413,25.9542057
BG_202843,43.8480413,25.9542057
BG_70,42.136528991666665,24.5360292
CZ_71,50.1454642,15.7904201
CZ_377,50.2092113,15.8327512
CZ_41,50.0855259,14.4106677
CZ_23,50.2399792,12.879455
CZ_378,50.2092113,15.8327512
CZ_379,49.948527527,15.787532895
CZ_204801,49.990287300000006,14.668269207029805
CZ_12,49.3567094,17.3644698
CZ_413,50.024448073,15.831570686
CZ_193,50.3572914,13.7969195
CZ_394,50.104979929,14.380984619
CZ_361,50.2614798,14.2988105
CZ_326,49.934892543,14.026051623
CZ_294,49.7449432,16.9281353
CZ_155,51.7535406,26.9200275
CZ_316,50.104411691,13.730836717
CZ_323,49.8411529,13.3573652
CZ_345,49.745965,13.374845
CZ_317,50.079474700000006,13.703249210723596
CZ_314,49.6325567,13.3132278
CZ_313,48.8998724,14.6419628
CZ_339,50.2292216,13.411359
CZ_157,49.8229045,16.920398
CZ_108,49.5116159,15.1792161
CZ_80,49.8027806,13.3952147
CZ_44,49.223599685,17.674645195
CZ_312,50.147900328,15.124503135
CZ_284,49.6680082,15.403934
CZ_324,49.225772354674405,16.753498838878144
CZ_325,49.9858606,14.3655733
CZ_342,49.8937949,15.6287163
CZ_95,49.8664138,14.2609488
DE_227044,50.4034295,11.8206555
DE_215681,48.021321316,11.586567382
DE_1297,49.416526649,8.685941199
DE_761,49.4143311,7.5722301
DE_773,53.507614686,10.19464254
DE_765,51.0909476,6.8812387
DE_208002,51.3308471,8.0851807
DE_4124,47.717198041,10.310628664
DE_4129,51.894622267,8.393277045
DE_1732,48.813284327,10.163298793
DE_1738,52.9430648,12.3966896
DE_1741,52.611968,6.8527435
DE_224780,49.2522866,6.859519
DE_4116,48.3064441,11.9076579
DE_1241,48.315692611,11.670123388
DE_1190,49.332797227,7.223768505
DE_209051,48.2730686,11.5702716
DE_1216,51.1618258,11.1174874
DE_215580,49.3164661,6.749846
DE_215560,49.2522866,6.859519
DE_202035,50.1106444,8.6820917
DE_203820,51.3233566,12.0242496
DE_202589,53.627935825,10.017137556
DE_202590,53.627935825,10.017137556
DE_850,53.627935825,10.017137556
DE_1841,50.7124239,13.4193688
DE_1840,51.6901774,12.2702492
DE_844,53.478136278,9.876312221
DE_1360,49.3385074,6.9298799
DE_871,53.7382631,12.7644198
DE_874,52.3791035,12.1753116
DE_892,48.4248151,10.8778564
DE_1132,52.181122089,10.46532761
DE_206185,53.2667955,7.3834995
DE_1153,51.057309036,6.945348171
DE_1575,54.0757442,9.9815377
DE_1473,48.5308586,8.078657
DE_1468,49.9915138,8.6667015
DE_1387,52.409922185,9.68097326
DE_4115,48.8386718,8.2843093
DE_1359,49.629697952,8.361998147
DE_1402,49.629697952,8.361998147
DE_1115,51.1425944,9.5833158
DE_693,51.4818111,7.2196635
DE_731,51.3642126,6.4195011
DE_720,51.685436042,7.809050827
DE_746,51.685436042,7.809050827
DE_689,51.965846072,7.600235367
DE_788,51.8666527,12.646761
DE_764,51.8666527,12.646761
DE_888,48.6901491,10.9159123
DE_223540,51.665229971,7.788632332
DE_225,48.9493156,11.3951669
DE_230,51.828835,9.4466591
DE_261,51.4602168,8.8552071
DE_252,52.1873798,9.0804584
DE_249,48.6300161,8.0735581
DE_250,51.3710839,14.0694111
DE_108,51.61431,8.3396662
DE_2494,52.181122089,10.46532761
DE_201602,52.181122089,10.46532761
DE_2495,52.181122089,10.46532761
DE_2397,52.181122089,10.46532761
DE_61,49.798848529,6.685666283
DE_826,51.267080477,7.2186928
DE_206180,53.447046018,9.988267886
DE_699,54.08946566,13.379930166
DE_697,54.08946566,13.379930166
DE_43,52.181122089,10.46532761
DE_10,54.1506435,9.08263
DE_11,49.032519569,8.352399335
DE_1003,48.3182064,11.7445128
DE_967,48.397356365,11.729864861
DE_1264,48.4514051,11.7727339
DE_963,48.4514051,11.7727339
DE_745,52.416561182,13.373200195
DE_1122,48.8574209,8.2088088
DE_692,48.7084162,9.0035455
DE_1245,51.2254018,6.7763137
DE_718,53.447046018,9.988267886
DE_494,50.9847904,8.5630273
DE_558,48.5308586,8.078657
DE_507,49.205793514,7.970345828
DE_571,51.200769083,6.693593044
DE_516,53.395777,8.1372149
DE_557,48.5728929,7.8109768
DE_217320,50.8630523,12.1809073
DE_488,52.674454,12.0035022
DE_529,48.813284327,10.163298793
DE_202454,51.8666527,12.646761
DE_203663,51.3233566,12.0242496
DE_206822,52.301268041,8.016024259
DE_588,51.164527876,6.872977223
DE_205504,50.6477963,12.1734848
DE_617,48.6730022,11.4673873
DE_581,47.8803788,10.622246
DE_204294,51.160705279,13.478527788
DE_203852,51.8814693,12.8126754
DE_184,51.61431,8.3396662
DE_428,52.1014143,8.0865168
DE_342,50.081242,12.2283415
DE_467,50.438904,7.6703879
DE_476,51.915348053,7.573066856
DE_401,42.50511,-83.055856
DE_203183,51.6883775,12.7409236
DE_203182,50.9096219,6.8081935
DE_244,51.016265,13.6530329
DE_42,52.181122089,10.46532761
DE_115,51.3546176,10.4762225
DE_120,49.5945916,8.050948
DE_101,50.043547273,8.237030693
DE_106,51.7555148,8.041135
DE_1306,49.032519569,8.352399335
DE_1305,49.032519569,8.352399335
DE_12,49.032519569,8.352399335
DE_1580,49.43230398,7.747405606
DE_682,51.49299199,6.671495973
DE_870,50.6477963,12.1734848
DE_1104,51.057309036,6.945348171
DE_1129,51.233054708,6.85311942
DE_1161,50.2349797,11.7163126
DE_1493,53.88391482,10.674099116
DE_1494,53.832978621,10.653475374
DE_1044,54.1506435,9.08263
DE_1587,47.924349,9.2559822
DE_1656,52.1530879,8.6394715
DE_1679,51.938935904,8.874916235
DE_204317,50.938361,6.959974
DE_2595,52.393067835,9.847270624
DE_202457,51.8666527,12.646761
DE_202455,51.8666527,12.646761
DE_204785,51.8666527,12.646761
DE_203666,51.3233566,12.0242496
DE_203667,51.3233566,12.0242496
DE_210520,51.3233566,12.0242496
DE_203665,51.3233566,12.0242496
DE_203657,50.1106444,8.6820917
DE_203658,50.1106444,8.6820917
DE_210596,51.54267012,6.814399805
DE_203762,46.876291,14.463626
DE_201898,51.67499777,7.130309077
DE_201900,51.67499777,7.130309077
DE_201897,51.67499777,7.130309077
DE_201896,51.67499777,7.130309077
DE_251,51.233054708,6.85311942
DE_243,50.776648815,6.122970892
DE_269,50.776648815,6.122970892
DE_387,,
DE_291,47.714697,7.6610865
DE_293,50.745832939,7.162908413
DE_307,48.4514051,11.7727339
DE_312,51.7382108,13.7642507
DE_340,50.0053222,12.3041123
DE_369,51.1295496,12.8065842
DE_475,51.9025964,7.6428337
DE_477,51.4205494,9.9142574
DE_482,51.1406481,7.2156901
DE_508,51.200769083,6.693593044
DK_230,55.6441712,12.4772091
DK_360,55.7570833,8.9277576
DK_17,56.169453,9.5495141
DK_68,56.169453,9.5495141
DK_16,56.169453,9.5495141
DK_149,55.7705233,9.6994255
DK_190,56.0348739,12.6130073
DK_191,56.0348739,12.6130073
DK_205514,55.4061196,11.3525415
DK_262,55.5154338,10.4004689
DK_10,55.9722463,9.610092
DK_126,54.9089186,9.7897999
DK_127,54.9089186,9.7897999
DK_153,54.9140178,9.5866302
DK_257,56.244505,10.172517
DK_254,55.733752800000005,12.429448594707353
DK_255,55.68391205,12.412926193799077
DK_252,56.244505,10.172517
DK_310,55.565268,9.7562169
DK_238,54.858159,9.975388
DK_327,55.644111,12.4217135
DK_340,55.644111,12.4217135
DK_341,55.644111,12.4217135
DK_329,55.1312253,10.5055475
DK_339,56.0211073,12.1951087
DK_212681,-31.080927339,-64.03590491
DK_204108,55.6433478,12.0819247
DK_284,55.3980215,8.7426321
DK_285,55.8058276,8.6181307
DK_202826,54.7646137,11.8709918
EE_206704,59.24875075,24.733974206405684
EE_43,59.501957803,26.523652429
ES_228160,40.4167047,-3.7035825
ES_461,41.45358815,1.701793156588542
ES_458,41.2629186,1.1702772
ES_178,41.8690263,-1.3182962
ES_381,40.5683808,-3.2627134
ES_492,41.7323852,1.5150275
ES_206293,36.212391575,-5.385443361
ES_595,38.436906,-0.6396687
ES_366,40.013303,-3.7968786
ES_339,40.0785096,-3.8569693
ES_71,36.748396975,-5.8052433
ES_598,38.87945554,-0.34986626
ES_511,41.4936194,2.0319476
ES_529,40.0746619,-0.2142146
ES_377,40.1248436,-3.8492688
ES_219,43.3952982,-5.635702393762417
ES_371,40.0454287,-3.8354787
ES_373,40.1248436,-3.8492688
ES_82,38.096787,-3.7765601
ES_84,38.096787,-3.7765601
ES_813,42.722587,-2.8722115
ES_202522,39.9621514,-0.2593846
ES_202495,40.0746619,-0.2142146
ES_206038,42.3395614,-1.6543719
ES_202795,40.0746619,-0.2142146
ES_206224,40.0746619,-0.2142146
ES_202631,41.32140525,1.6584439333333334
ES_204923,40.0746619,-0.2142146
ES_218382,40.0746619,-0.2142146
ES_203821,40.0746619,-0.2142146
ES_203625,40.0746619,-0.2142146
ES_885,43.3630767,-5.2604478
ES_705,40.03221,-3.6039604
ES_909,40.9078559,-4.1248104
ES_944,12.83333,124.11667
ES_205781,41.5203322,0.8684098
ES_846,36.850246049999996,-2.448834630513266
ES_946,41.8259065,1.8948758
ES_945,41.8328065,1.7526606
ES_1019,42.1785741,-1.7492454
ES_90015,37.225734567,-6.891538733
ES_28,38.039264664,-4.052491586
ES_22,37.13528,-4.7298858
ES_29,36.850246049999996,-2.448834630513266
ES_266,41.6715067,-3.6851172
ES_90033,37.38691642307692,-6.20667965
ES_985,39.665270326,-0.223930432
ES_1088,38.6852161,-4.1111749
ES_999,39.1501902,-5.9090558
ES_405,41.5632578,0.5240396
ES_211119,41.6147605,0.6267842
ES_962,41.620982507,0.664382657
ES_908,42.354244566,-3.655315165
ES_871,36.7213028,-4.4216366
ES_90011,37.16195465,-3.072436225
ES_55,36.212391575,-5.385443361
ES_729,37.665960617,-1.698532422
ES_90024,39.7888594,-4.1667072
ES_27,37.4091334,-4.4860128
ES_171,42.136642708,0.22699295
ES_893,42.4919916,-3.1356369
ES_261,42.4919916,-3.1356369
ES_208102,43.1247605,-8.068678541
ES_268,41.7633842,-2.4642041
ES_318,39.9503682,-2.0210007
ES_643,43.1247605,-8.068678541
ES_889,43.31762425,-3.88980255
ES_421,41.9793006,2.8199439
ES_900,41.7339524,-4.6458137
ES_1505,,
ES_218820,40.59970205,-3.515264394
ES_227583,40.4167047,-3.7035825
ES_220930,41.1172364,1.2546057
ES_217300,40.1912956,-3.667253767
ES_202465,40.3191501,-3.65108114
ES_202917,48.90387,-0.052606
ES_214580,40.459916491,-3.589216209
ES_210083,37.9923795,-1.1305431
ES_475,41.1172364,1.2546057
ES_230,10.211927,-85.688665
ES_329,38.6852161,-4.1111749
ES_476,41.1865974,1.2082805
ES_736,43.988294942,4.100645875
ES_654,43.338724613,-8.416818194
ES_202153,43.698007133,-7.4396718
ES_202177,39.39914,-3.125493
ES_390,41.3934193,2.0099482
ES_392,41.3812851,2.0446381
ES_13,28.4291372,-110.4148612
ES_832,38.3972763,-6.476699
ES_629,42.1445862,-8.485658
ES_248,42.5424207,-6.7758086
ES_14,36.7213028,-4.4216366
ES_12,37.8845813,-4.7760138
ES_559,40.0746619,-0.2142146
ES_815,43.1417601,-2.9622358
ES_619,38.9117405,-0.5405452833333333
ES_836,41.53,1.684787
ES_584,39.4189582,-0.7909637
ES_98,36.212391575,-5.385443361
ES_600,38.3436365,-0.4881708
ES_129,36.7263936,-4.5437553
ES_383,41.377187,2.132697
ES_83,37.3861783,-6.3346299
ES_121,38.1837551,-3.6855149
ES_75,36.94043005,-2.134256938
ES_107,36.7263936,-4.5437553
ES_150,38.0928826,-5.8176004
ES_111,36.7213028,-4.4216366
ES_597,38.8820575,-0.3442639
ES_130,38.096787,-3.7765601
ES_189,41.9046128,-1.4205413
FI_277,60.3846716,23.1286377
FI_207696,61.4333298,21.8833199
FI_417,42.524978,-83.532111
FI_275,60.3846716,23.1286377
FI_556,60.3846716,23.1286377
FI_276,60.3846716,23.1286377
FI_279,62.7906684,22.8398019
FI_281,62.7906684,22.8398019
FI_644,60.3943748,25.6619265
FI_548,60.3943748,25.6619265
FI_242,60.3943748,25.6619265
FI_617,62.9702783,23.0068628
FI_616,62.9702783,23.0068628
FI_240,60.3943748,25.6619265
FI_246,60.3943748,25.6619265
FI_241,60.3943748,25.6619265
FI_219,64.9333388,25.4166674
FI_220,64.9333388,25.4166674
FI_615,62.9702783,23.0068628
FI_546,60.3943748,25.6619265
FI_202973,65.021278404,25.550050431
FI_213824,65.0117869,25.4701983
FI_494,61.4866126,21.7972071
FI_49,61.4333298,21.8833199
FI_468,62.9166655,30.2499931
FI_274,60.3846716,23.1286377
FI_645,60.4517531,22.2670522
FI_218380,60.4517531,22.2670522
FI_237,61.4866126,21.7972071
FI_239,61.4866126,21.7972071
FI_238,61.4866126,21.7972071
FI_495,61.4866126,21.7972071
FI_392,60.8155736,23.629833
FI_634,65.0117869,25.4701983
FI_215,65.0117869,25.4701983
FI_212,65.0117869,25.4701983
FI_607,65.0117869,25.4701983
FI_545,65.0117869,25.4701983
FI_213,65.0117869,25.4701983
FI_214,65.0117869,25.4701983
FI_244,60.3943748,25.6619265
FI_247,60.3943748,25.6619265
FI_243,60.3943748,25.6619265
FI_245,60.3943748,25.6619265
FI_604,46.7832741,5.5054062
FI_605,60.3965428,23.0784257
FI_497,61.4866126,21.7972071
FI_535,61.4866126,21.7972071
FI_396,61.223973368,28.890470806
FI_399,62.3171127,27.8698472
FI_407,62.9166655,30.2499931
FI_409,42.524978,-83.532111
FI_442,42.340311,-112.229843
FI_206948,60.6339269,25.3188193
FI_225430,44.049573,-123.362671
FI_393,60.6554524,24.88566005
FI_438,60.8151183,24.6258213
FI_395,61.2027188,26.031371
FI_205649,60.1227857,24.4406694
FR_302,49.4526976,0.8304642
FR_804,41.532919,-86.44583
FR_335,45.8097115,1.331823
FR_904,50.7103311,2.342567
FR_203,45.301906,4.2753045
FR_402,46.0345572,4.0729178
FR_456,48.7601755,6.1293789
FR_207494,49.0233628,4.0472731
FR_1014,50.5031042,2.4521125
FR_894,50.4269337,3.1833569
FR_830,48.8974813,7.9065678
FR_1009,50.4868473,2.8134207
FR_771,48.59263,2.06433
FR_1156,47.6705186,-0.2453787
FR_313,47.2331393,5.7805158
FR_352,46.4316899,4.937635
FR_851,48.8920496,8.1067978
FR_835,48.5778611,7.6249659
FR_206099,44.9259011,-0.4881846
FR_93,43.9444643,-1.322353203579857
FR_205746,47.0371,5.40338
FR_205748,47.0371,5.40338
FR_205752,47.0371,5.40338
FR_548,47.2186371,-1.5541362
FR_11,49.3722223,3.0999999
FR_43,-26.458053,30.796032
FR_952,50.3738592,2.0183811
FR_1044,43.310015,-124.169721
FR_1047,-46.015656,169.897897
FR_1043,49.1373278,4.3660294
FR_146,46.7831001,4.8534326
FR_464,48.6937223,6.1834097
FR_31,48.8841522,2.2368863
FR_1045,48.8172236,7.7885978
FR_461,48.6599676,6.1724618
FR_29,49.4179497,2.8263171
FR_85,43.7006462,-0.2647028
FR_285,49.5188282,0.534411
FR_258,49.4898201,0.5680054
FR_206037,48.934231,2.499789
FR_205676,43.3887665,5.2329106
FR_205500,43.4339567,-0.6543572
FR_300,49.4679,1.0813
FR_1150,48.8733776,2.6396951
FR_1018,15.949627,-61.7068332
FR_1113,18.0814066,-63.0467131
FR_451,48.9025946,6.0547691
FR_215582,49.4074405,6.244669
FR_212960,49.0141954,1.38128
FR_270,49.4938975,0.1079732
FR_215586,44.3475554,4.7707325
FR_1040,41.9263991,8.7376029
FR_1116,14.6728531,-61.16335
FR_653,48.7876,2.39164
FR_209068,50.2810049,3.3196824
FR_522,49.1515848,6.1519224
FR_791,43.8908652,4.6810542
FR_207685,,
FR_1108,16.2679458,-61.5870766
FR_171,48.3575696,-3.8512079
FR_215561,44.6571316,4.7625644
FR_215590,48.468133949999995,3.735678558677572
FR_207243,14.6728531,-61.16335
FR_215588,44.1111111,0.8902778
FR_215592,45.3728199,4.7974366
FR_976,50.3579317,3.5234846
FR_532,46.9761793,-1.312169
FR_746,48.812491847,2.238510017
FR_213300,45.1053965,5.7485905
FR_210283,47.2380222,6.0243622
FR_206592,48.7484048,2.3472665
FR_207750,46.3870276,6.5436956
FR_1168,51.020070947,2.335942238
FR_1049,45.784832,3.114432
FR_217,46.5660526,3.3331703
FR_27,49.4179497,2.8263171
FR_642,48.8852958,2.4358326
FR_712,48.6302735,2.3027478
FR_480,49.1862822,6.8958562
FR_722,48.9703841,2.399024
FR_210142,43.4448312,5.4794861
FR_15,49.8783333,3.3127778
FR_224,48.6371125,4.9473513
FR_686,45.137336307,17.251119666
FR_742,48.7811049,2.2619632
FR_479,49.1189722,6.8752992
FR_512,48.1747684,6.4503643
FR_222687,50.9466619,2.1973702
FR_207751,47.5102368,6.7977564
FR_1124,45.3869665,4.2858597
FR_977,50.9946103,2.2192457
FR_317,47.5138641,6.8305344
FR_179,48.0432406,-1.7082369
FR_1112,16.2679458,-61.5870766
FR_215589,50.9870697,2.1273118
FR_1165,48.405767749999995,2.8487966835648213
FR_630,43.397499,5.033925
FR_201469,48.9254221,2.2940122
FR_215591,49.7868965,0.6358291
FR_215587,49.513753,-1.8083081
FR_206273,47.915436,7.5360223
FR_893,5.1579834,-52.6424204
FR_215562,47.7664387,2.4794838
FR_215563,45.2934579,-0.6158131
FR_215564,31.80649,-107.81669
FR_207244,48.9025946,6.0547691
FR_209642,49.2716839,1.2128992
FR_1041,42.5459392,9.4175597
FR_215585,46.4448144,0.6646452
FR_1017,15.949627,-61.7068332
FR_215565,33.22785,-97.181823
FR_215760,49.513753,-1.8083081
FR_560,47.2909306,-1.8762761
FR_1110,18.0814066,-63.0467131
FR_1114,65.59168429,22.165666663
FR_215583,47.2055725,0.1820822
FR_590,48.7876,2.39164
FR_489,49.2794058,6.1664173
FR_892,4.9051217,-52.2772372
FR_174,48.3975444,-4.2689684
FR_1109,17.9036287,-62.81152921501989
FR_215581,47.4723821,2.8718592
FR_694,48.9717033,1.7766633
FR_905,50.2810049,3.3196824
FR_215584,50.1362582,4.8248698
FR_215566,47.7169881,1.6116899
FR_764,48.8490721,2.4749347
FR_220541,48.8172236,7.7885978
FR_216860,48.8172236,7.7885978
FR_239,48.2357998,4.1099922
FR_814,48.9751103,8.1767166
FR_192,52.093751,23.6851851
FR_971,51.020070947,2.335942238
FR_1090,47.8346552,0.7525544
FR_1069,47.3900474,0.6889268
FR_691,48.9891971,1.7140683
FR_993,50.291048,2.7772211
FR_1122,48.1179292,6.5279153
FR_345,45.8333789,5.0969884
FR_152,45.7954913,4.789458
FR_209102,48.584614,7.7507127
FR_206603,48.0164772,7.5471221
FR_206604,47.7888815,7.5094906
FR_206851,16.2679458,-61.5870766
FR_206029,14.6728531,-61.16335
FR_206030,42.5459392,9.4175597
FR_202577,-20.9354584,55.2916763
FR_777,48.9591392,1.8554319
FR_204077,47.34559365,-1.0108122426865387
FR_158,46.8284259,3.4616097
FR_204292,44.167041,4.1594591
FR_1089,48.4438601,1.4881434
FR_211718,48.4086551,1.5296236
FR_218601,48.7876528,2.2281028
FR_428,45.823514,4.8994366
FR_213723,48.5127551,-4.0699356
FR_357,44.6571316,4.7625644
FR_218,48.7261677,4.5851501
FR_1091,47.0925827,3.0069422
FR_689,48.9901469,1.8104637
FR_1030,46.8242595,-0.1383162
FR_1038,45.2127843,-0.3698474
FR_793,43.8085436,4.6392648
FR_118,49.2323434,-0.25653
FR_1061,47.5750006,0.3131783
FR_210163,50.6245173,2.4516565
FR_210517,51.047975,2.454686
FR_584,43.455613,5.4710661
FR_386,45.1236837,5.6978136
FR_1036,45.6658244,0.2371275
FR_574,47.14716795,-0.5317464917914201
FR_883,43.8805556,1.2530556
FR_709,48.5905536,2.2168133
GB_204764,57.51953625,-4.0747075
GB_205513,51.01772,-3.85623
GB_601,56.07813,-3.87004
GB_204054,54.9189181,-1.4746906
GB_206035,52.5560934,-0.2601248
GB_22,51.5074456,-0.1277653
GB_1108,51.54520435,-2.960248033
GB_94,52.5022735,-0.65315675
GB_520,53.31849,-1.14016
GB_417,52.274923033,-1.566136
GB_590,52.274923033,-1.566136
GB_236,51.363359,-1.141208
GB_908,52.76272,-0.87876
GB_1132,51.5074456,-0.1277653
GB_742,55.92137,-3.73597
GB_889,53.4794892,-2.2451148
GB_351,53.286281,-2.912829
GB_563,53.380332,-2.976431
GB_607,56.019483,-3.724824
GB_1031,52.42826885,-1.931025
GB_1032,53.40061,-1.49233
GB_522,50.8478561,-0.7001419
GB_523,51.54520435,-2.960248033
GB_23,51.5074456,-0.1277653
GB_66,55.952818088,-3.202461669
GB_952,50.64299,-4.26941
GB_1110,52.274923033,-1.566136
GB_293,52.7622274,-1.2954013
GB_966,53.7035625,-0.8715949
GB_210468,53.61597,-0.18719
GB_207650,51.4499124,-0.958197767
GB_310,53.7602,-0.70724
GB_209402,57.1279,-2.0819899
GB_336,52.42404,-1.40303
GB_13,57.14607755,-2.108213
GB_209687,57.14607755,-2.108213
GB_851,54.8554745,-7.40939295
GB_204625,54.63583,-1.32896
GB_975,53.23186,-1.44297
GB_639,52.274923033,-1.566136
GB_621,52.274923033,-1.566136
GB_122,52.274923033,-1.566136
GB_107,52.274923033,-1.566136
GB_113,52.274923033,-1.566136
GB_112,52.274923033,-1.566136
GB_114,52.274923033,-1.566136
GB_120,52.274923033,-1.566136
GB_110,52.274923033,-1.566136
GB_108,52.274923033,-1.566136
GB_115,52.274923033,-1.566136
GB_105,52.274923033,-1.566136
GB_121,52.274923033,-1.566136
GB_128,52.274923033,-1.566136
GB_109,52.274923033,-1.566136
GB_111,52.274923033,-1.566136
GB_620,52.274923033,-1.566136
GB_645,52.274923033,-1.566136
GB_116,52.274923033,-1.566136
GB_146,52.9205217,-1.4057218
GB_235,51.363359,-1.141208
GB_270,51.8653705,-2.2458192
GB_272,51.1103444,-0.1801094
GB_276,51.45649,-2.5992799
GB_354,53.2755432,-2.1102131
GB_334,52.7723859,-1.2077985
GB_404,50.8138287,-0.06340921570862079
GB_403,50.8138287,-0.06340921570862079
GB_723,51.434012,-0.511044
GB_869,53.4794892,-2.2451148
GB_129,52.274923033,-1.566136
GB_722,51.434012,-0.511044
GB_721,51.434012,-0.511044
GB_420,53.8069351,-1.521480325
GB_443,50.8023,-1.15989
GB_451,52.762724,-0.878757
GB_471,51.379991925,-2.329121638
GB_482,53.55913,-1.49949
GB_1131,57.6884029,-4.1692103
GB_498,53.4794892,-2.2451148
GB_512,51.59197,0.22548
GB_514,53.947615223,-1.050117477
GB_664,55.6100589,-4.4964652
GB_683,50.8572236,-0.0231311367731555
GB_1259,53.68053465,-1.3748635
GB_544,53.35216475,-2.2824572
GB_1034,52.084213,-2.74515
GB_1033,52.9347415,-3.0637315
GB_885,,
GB_1069,52.77924,-1.63479
GB_1100,51.3349191,0.4326570283292817
GB_802,52.50491,-2.14009
XI_568,54.844872,-5.7873
XI_1136,54.5112856,-6.046717
GR_105,38.132904,23.8609319
GR_1,37.9755648,23.7348324
GR_106,38.07521864615384,23.588465646153846
GR_113,40.518801,21.266827
GR_132,38.135764,-81.24173
GR_166,38.4257809,23.6713883
GR_33,40.6403167,22.9352716
GR_218600,37.6349668,22.7285084
GR_218602,40.6552828,22.2156608
GR_103,46.331709,16.116541
GR_203018,38.2532351,22.981928
HR_204403,45.3310723,17.6765332
HU_7,46.3484884,18.701663
HU_211438,47.7574079,18.1298249
HU_34,47.7450853,18.5015732
HU_6,47.1910169,18.410811
HU_18,48.2544414,20.6223251
HU_159,46.2984212,18.532191
HU_196,47.6134153,17.2497955
HU_199,46.6798003,21.0985425
HU_197,46.6798003,21.0985425
HU_160,46.3778989,18.1332865
HU_198,47.6516214,18.3282083
HU_201548,47.0767634,18.6924831
HU_242,47.9557802,21.7167982
HU_171,47.4978789,19.0402383
HU_61,47.4978789,19.0402383
HU_4,47.4978789,19.0402383
HU_88,46.2546312,20.1486016
HU_20,47.4600185,18.9541818
HU_9,47.1753833,20.1946279
HU_8,47.1753833,20.1946279
HU_166,47.687609,17.6346815
HU_148,45.9933836,18.6821079
HU_156,48.2239095,20.2895983
HU_21,47.4978789,19.0402383
HU_12,47.1056579,17.5587276
HU_103,46.1911673,18.2613778
HU_62,47.5030505,19.9117887
IE_104,52.3367671,-6.4601397
IE_103,51.9049705,-8.9599195
IE_101,53.2744122,-9.0490601
IE_6,53.3433656,-7.0488576
IE_60,51.8985136,-8.4726423
IE_87,52.121339649999996,-8.712248302495697
IE_86,52.8408344,-6.9261131
IE_66,52.2609997,-7.1119081
IE_73,53.3493795,-6.2605593
IT_202998,40.6375408,17.9454957
IT_214980,43.8150413,10.6743961
IT_493,42.0433265,14.7272302
IT_106,45.398733,8.9162299
IT_269,45.453076339,12.303979422
IT_929,39.842053,9.644147
IT_1001,45.6628395,11.8284875
IT_1025,43.7194884,10.9458556
IT_338,44.3409877,11.204782
IT_488,42.3446529,14.1659738
IT_701,45.686868,8.246722
IT_619,44.507337,8.8901102
IT_772,41.8933203,12.4829321
IT_22,45.1372206,7.7712531
IT_833,41.8933203,12.4829321
IT_706,45.4315847,9.1097175
IT_20,44.9491112,7.7718109
IT_265,45.7917474,12.9090234
IT_52,,
IT_51,,
IT_44,45.4464036,8.619655
IT_887,45.1860043,9.1546375
IT_674,46.6825194,11.1230691
IT_679,44.977184,11.978518
IT_948,45.5357218,9.2376549
IT_1011,46.010421,13.333831
IT_396,43.8652493,11.1673685
IT_589,44.0634029,12.4467143
IT_58,44.402234,7.97084
IT_95,45.5971023,9.0509248
IT_869,38.2208049,15.2415129
IT_205305,43.553899814,10.310411195
IT_205324,55.106184,24.121971
IT_704,41.67366903,12.608176485
IT_205391,44.9329437,7.3502181
IT_751,44.2855555,11.8832055
IT_211318,45.1845815,7.7132706
IT_466,40.94891485,14.37700755
IT_1234,45.398508696,11.899099544
IT_1081,44.5493489,7.7250155
IT_1227,44.333070733,7.766800089
IT_129,45.4182125,9.0710538
IT_210840,44.9441646,10.856867
IT_219761,44.5055011,12.0409852
IT_202456,44.5880091,10.7373209
IT_202306,44.539143,10.8118482
IT_202312,44.834574,11.293905
IT_202209,41.0232051,14.6630041
IT_201945,44.792274,11.388208
IT_203869,44.9059484,8.0916378
IT_203871,44.60129,10.7663936
IT_203872,44.539143,10.8118482
IT_201849,44.5880091,10.7373209
IT_201848,44.5880091,10.7373209
IT_203638,44.539143,10.8118482
IT_203637,44.539143,10.8118482
IT_1176,41.2717278,14.1880047
IT_1028,41.799022,13.313397
IT_206849,44.080761195,10.457624123
IT_727,40.7314363,15.71743
IT_380,44.110022,10.4117858
IT_695,43.978948,10.545703
IT_694,43.8401177,10.6164074
IT_457,41.7203358,13.6139576
IT_198,45.1566683,10.7917191
IT_478,42.0347963,13.4265048
IT_209746,42.0347963,13.4265048
IT_262,45.7292486,12.2562455
IT_246,45.4081213,11.4055589
IT_702,46.4097027,13.1951425
IT_916,41.96005922,12.796971852
IT_708,45.479379267,9.191002911
IT_988,38.2027385,15.55672415
IT_433,42.5195891,12.5152257
IT_205818,45.468092,12.223272
IT_1082,44.4334659,7.5875462
IT_202343,13.2391126,-5.1679359
IT_773,41.8933203,12.4829321
IT_848,41.045625,15.790762
IT_987,38.2027385,15.55672415
IT_1007,45.1372206,7.7712531
IT_206855,45.7370885,7.3196649
IT_1170,40.772812,14.799443
IT_1149,40.7376592,14.5722829
IT_1150,40.7338419,14.597044
IT_934,41.8933203,12.4829321
IT_675,41.1257843,16.8620293
IT_933,45.422549954,11.91324497
IT_874,45.059858,8.848447
IT_81,44.2714401,8.4382205
IT_203639,49.045099,15.55929
IT_202148,45.0168524,11.310498
IT_202461,44.539143,10.8118482
IT_1215,44.8446831,11.6223356
IT_1022,45.418854296,9.269313499
IT_100,45.6141475,8.7545482
IT_217640,45.6287707,11.6998606
IT_207692,40.7498877,14.6133234
IT_205905,44.8455856,7.7192711
IT_205330,44.061423218,10.478901089
IT_365,43.208151,13.053671
IT_484,42.452421855,14.203083954
IT_581,46.1965361,12.8709942
IT_202108,39.207031,8.380931
IT_202222,46.0559889,10.3439901
IT_202223,46.0025085,10.3257912
IT_740,40.1742781,18.1678388
IT_741,40.830695418,17.363294016
IT_209643,43.8424173,13.0146632
IT_492,42.0433265,14.7272302
IT_209723,45.47074355,12.238732161856316
IT_880,45.014362,9.443461
IT_479,42.3489203,13.3979672
IT_864,45.709385,10.046262
IT_211439,44.7951536,8.7848493
IT_222220,45.4672571,8.8306109
IT_1114,45.8428264,8.7176706
IT_1105,43.7101077,10.7819415
IT_73,45.7370885,7.3196649
IT_170,45.64685,10.3884485
IT_146,45.8168815,10.0752136
IT_525,40.64026817,15.801537524
GB_74,55.952818088,-3.202461669
LT_4,55.2533635,22.2903395
LT_6,54.8982139,23.9044817
LT_205529,55.7344985,24.3578055
LT_206274,55.7344985,24.3578055
LT_23,55.2887322,23.9758359
LT_29,55.72948746666666,24.4130549
LT_36,55.0737086,24.2756961
LT_37,55.0737086,24.2756961
LT_49,55.0514295,24.9516122
LT_90,55.8900579,21.2424112
LT_95,55.5053939,22.4375075
LU_210690,49.52148,5.93781
LV_210002,62.40067768031188,17.336495568804626
LV_52,56.8634541,24.3545214
LV_82,57.174228,26.754533
LV_70,44.870652,10.0753079
LV_88,56.9685757,21.960778
NL_199,51.9328725,4.1736499
NL_205970,51.8869152,4.3541157
NL_205971,51.88298366,4.333199
NL_203791,51.43200529259259,5.435441703703704
NL_94,52.09849401875,6.0508591875
NL_69,51.702963543,5.273642227
NL_214744,52.2839995,4.7440263
NL_364,51.76191838813559,5.536239325423729
NL_101,51.9132535,4.21556095
NL_212483,53.44847365,6.849962702578557
NL_206069,51.4560843,3.70427554375
NL_205821,51.202579022,5.991219461
NL_211579,51.7542242547619,5.86559289047619
NL_214900,52.2658726,6.7924049
NL_203202,53.44847365,6.849962702578557
NL_203854,52.23363906567164,5.478904731343284
NL_121,51.88298366,4.333199
NL_313,51.8970011,4.1299936324324324
NL_415,52.0099389,4.3935657
NL_437,51.6003889,4.1023311
NL_215,51.4164747,4.1812417
NL_360,52.0426094,4.3930456
NL_351,52.214617,5.974732
NL_23,52.04595155,4.48553315
NL_24,52.04595155,4.48553315
NL_386,52.30437648627451,5.033046166666667
NL_28,52.64964612467533,4.848890872727273
NL_102,37.452924,-98.735724
NL_377,51.89865258275862,4.139068413793104
NL_346,51.89865258275862,4.139068413793104
NL_428,51.8970011,4.1299936324324324
NL_200,11.261035,77.688836
NL_70,52.1370641,4.541212814705882
NL_205869,51.9717809,4.0362033461538465
NL_22,52.06846245333334,4.47289425
NL_205145,52.06846245333334,4.47289425
NL_205144,52.06846245333334,4.47289425
NL_11,52.04595155,4.48553315
NL_205143,52.06846245333334,4.47289425
NL_422,52.7467338,5.2217929
NL_393,52.086345566666665,5.181327166666667
NL_400,51.90382795,4.3577866
NL_206,52.332575083,4.861328639
NL_214,51.887168,4.3536
NL_191,52.77244653589744,6.908309392307693
NL_358,51.61332348,5.52036774
NO_99,63.4304475,10.3952118
NO_104,63.4304475,10.3952118
NO_96,62.48023635,6.555073940277875
NO_107,52.033892,5.667709
NO_204078,46.1657137,8.791349
NO_203942,63.2907955,9.0888635
NO_204741,60.1163142,6.5590922
PL_202699,52.6603872,19.071948
PL_202698,52.6603872,19.071948
PL_217761,52.6603872,19.071948
PL_202697,52.6603872,19.071948
PL_262,52.4082663,16.9335199
PL_261,50.3707395,17.3599536
PL_647,50.114397,18.9965933
PL_418,50.6793066,21.7495055
PL_218861,50.508913516,21.674049467
PL_754,50.121653002,18.781561186
PL_848,50.0619474,19.9368564
PL_652,50.337535081,18.868705677
PL_847,50.0619474,19.9368564
PL_846,50.08403085,20.068698107
PL_903,50.273258287,18.942308745
PL_347,53.8248304,22.3615813
PL_348,53.7028533,19.9623028
PL_216140,53.7766839,20.476507
PL_876,53.51725012,14.61939604
PL_813,50.8120466,19.113213
PL_822,51.1910223,20.4071836
PL_933,52.613906,14.637014
PL_850,52.5898737,14.6536335
PL_328,53.5486435,14.5657399
PL_780,52.1812046,21.5587372
PL_727,50.4112564,18.5637802
PL_855,51.1971363,15.3987046
PL_101,53.2799665,18.947293
PL_713,52.2080548,20.7941606
PL_220,50.8120466,19.113213
PL_882,53.9119982,19.9279895
PL_550,50.5892698,16.8111518
PL_20,53.0843135,21.5668607
PL_19,53.0843135,21.5668607
PL_931,52.2301933,18.2521112
PL_23,52.01595,18.50191
PL_21,52.2301933,18.2521112
PL_47,51.6028615,18.9333201
PL_339,52.6120328,16.5831241
PL_320,52.2078126,20.7193054
PL_325,53.6469842,22.4548627
PL_76,50.8120466,19.113213
PL_748,52.2019866,18.6359912
PL_758,51.8436498,16.5744141
PL_837,49.7999039,18.7877583
PL_832,51.371290148,21.111421455
PL_767,50.1691812,18.9044238
PL_277,52.6603872,19.071948
PL_951,50.8120466,19.113213
PL_655,50.8120466,19.113213
PL_676,50.8120466,19.113213
PL_202701,52.6603872,19.071948
PL_571,49.5609053,22.207028
PL_295,52.7100316,16.3742572
PT_25,38.86143,-9.06761
PT_295,37.7393398,-25.6689503
PT_30,41.4417677,-8.2955712
PT_197,41.8165,-7.793259
PT_127,-33.4385388,-70.5970574616212
PT_49,42.776266,-7.414528
PT_68,40.5169467,-8.4158179
PT_46,40.5169467,-8.4158179
PT_240,40.510466,-8.4519582
PT_179,39.3560025,-8.4802892
PT_223,40.5785006,-8.4438017
PT_205900,39.9236793,-8.3576363
PT_205551,-9.6651815,-36.309535681575326
PT_205186,40.6001108,-8.6666667
PT_221,40.9908653,-8.5940565
PT_228130,37.960136314,-8.847085464
PT_105,38.5241783,-8.8932341
RO_224080,46.866878,23.2700567
RO_225066,46.866878,23.2700567
RO_209044,45.9208326,23.5607939
RO_182,46.783921803,23.632451516
RO_138,47.1426672,23.8759884
RO_223,47.7891763,22.8725598
RO_165,44.9417468,26.0236504
RO_209602,45.8449461,24.9703211
RO_200,43.9702236,25.3288462
RO_201,47.741644667,26.658057167
RO_225,45.16831411,26.782942742
RO_228,47.1819416,23.0562143
RO_142,45.955829773,23.571607635
RO_166,44.4210557,24.3908228
RO_73,45.1031731,24.3647209
RO_86,44.3946512,23.7332513
RO_101,45.623462057,25.688069065
RO_118,46.61552,24.7055
RO_116,46.61552,24.7055
RO_115,46.61552,24.7055
RO_117,46.61552,24.7055
RO_114,46.61552,24.7055
RO_135,45.955829773,23.571607635
SE_545,60.4856426,15.4234561
SE_544,60.4856426,15.4234561
SE_543,60.4856426,15.4234561
SE_206045,60.1274348,16.2117797
SE_203917,55.6052931,13.0001566
SE_744,63.8256568,20.2630745
SE_704,60.2214593,14.960771
SE_736,59.783035,14.526838
SE_56,60.4856426,15.4234561
SE_81,60.2590164,18.3736581
SE_82,60.2590164,18.3736581
SE_368,56.1340267,13.1332245
SE_836,60.4856426,15.4234561
SE_835,60.4856426,15.4234561
SE_90,60.4985075,15.4677192
SE_198,49.2234674,18.7393139
SE_200,59.3628802,17.9681359
SE_293,63.836321635,20.171843785
SE_818,63.8256568,20.2630745
SE_400,63.8256568,20.2630745
SE_833,63.8256568,20.2630745
SE_207,63.8256568,20.2630745
SE_295,63.8256568,20.2630745
SE_781,63.8256568,20.2630745
SE_296,63.8256568,20.2630745
SE_104,57.8516173,12.0184224
SE_109,57.9002241,12.056256657
SE_506,63.7081736,20.3730033
SE_214020,59.403311,17.9442849
SE_492,60.5454521,16.2855241
SE_425,57.7072326,11.9670171
SE_423,57.7072326,11.9670171
SE_422,58.9056457,17.9470987
SE_527,59.5977465,14.7520395
SE_153,57.8707951,11.9799616
SE_428,57.3767119,16.5522663
SE_447,65.303388,21.497988
SE_471,60.4856426,15.4234561
SE_446,61.6429635,17.0781216
SE_443,-7.28046024,112.70272316
SE_444,60.0517603,18.5970171
SE_484,59.7625867,12.362227
SI_37,46.3636679,14.3095397
SI_89,45.8885557,13.9048561
SI_97,46.153956,14.928907
SI_23,46.153956,14.928907
SI_34,46.1505,14.6785
SI_91,46.1537984,15.2354706
SI_98,46.5576439,15.6455854
SI_52,46.4198096,15.8717378
SI_54,45.8040475,15.1696684
SI_64,46.5446516,14.9622863
SI_71,46.2257358,14.6118936
SK_205795,48.4769283,17.6473684
SK_85,48.1516988,17.1093063
SK_122,48.5785408,19.9534359
SK_10,48.1516988,17.1093063
SK_9,48.1557669,17.131420337823194
SK_167,50.0998701,14.0057496
SK_144,48.7172272,21.2496774
SK_162,48.5782517,19.1247135
SK_11,48.1557669,17.131420337823194
SK_75,41.192209,14.168601
SK_148,48.372598,17.59065
SK_47,48.8746597,21.8337692
SK_202,48.2634192,19.6194829
SK_164,48.2049103,17.2065787
SK_203,48.4389767,17.7110337
SK_76,49.123928,18.3239559
SK_59,48.5764603,19.525865
SK_61,48.934126,21.906218
SK_99,48.6833333,20.1166667
SK_165,48.4166409,22.0887368
SK_166,49.0000074,21.2392122
SK_115,48.627484,20.2410264
SK_195,48.627484,20.2410264
SK_100,49.0689257,18.2882484
SK_179,48.9574049,18.1662967
SK_21,48.9916169,18.1019375
AT_206542,47.2935786,11.5907326
AT_154,47.267217787,11.39583533
AT_33,47.7981346,13.0464806
AT_32,47.7981346,13.0464806
AT_185,47.6993466,16.0247037
AT_25,48.292591188,14.294486519
AT_201500,47.2816648,11.5075337
AT_130,48.4108382,15.6003717
AT_201868,47.290479,8.147321
AT_156,47.5493283,10.6304727
AT_173,47.5493283,10.6304727
AT_146,48.3082607,14.0203999
AT_52,48.3438653,13.7710445
AT_54,48.1837255,13.7022275
AT_225940,47.5493283,10.6304727
AT_147,47.9733296,13.6049039
AT_166,47.6162058,16.1259492
AT_236,48.3059078,14.286198
AT_205363,48.3059078,14.286198
AT_227381,46.6826499,13.7225735
AT_36,47.7981346,13.0464806
AT_34,47.7981346,13.0464806
AT_93,47.3594682,15.3445055
AT_97,47.0504742,15.1474771
AT_35,47.7981346,13.0464806
AT_196,48.1203262,14.8752424
BE_29,50.786532,4.3173542
BE_208,51.4776,5.476148
BE_322,50.8465573,4.351697
BE_289,51.2211097,4.3997081
BE_223,40.8349546,44.4265833
BE_22,50.6501961,4.2637077
BE_752,51.2258565,2.919496
BE_755,-34.608530433,-58.423461933
BE_754,51.0957176,4.5061988
BE_249,50.677496399999995,6.049883154977403
BE_291,51.0131904,4.3599725
BE_292,51.0606816,4.3588917
BE_138,50.9094821,3.3699842
BE_280,50.2842154,5.9162783
BE_631,50.9203965,3.3346877
BE_293,50.9094821,3.3699842
BE_739,50.9094821,3.3699842
BE_313,51.0538286,3.7250121
BE_749,51.0538286,3.7250121
BE_139,50.844609649999995,3.3093356109453165
BE_193,50.4920654,5.8627569
BE_736,50.879202,4.7011675
BE_205738,50.879202,4.7011675
BE_205993,50.878734361,4.477780729
BG_84,42.6977028,23.3217359
BG_12,43.27611,23.45837
BG_10,43.409022,24.6180123
BG_206272,36.09595535,-115.10059103185966
BG_61,43.0263036,25.1040867
BG_106,43.7168724,26.8301419
BG_148,43.3481473,26.2271967
CY_210000000000010,41.953671,12.091043
CZ_67,49.8349139,18.2820084
CZ_102,49.184688,15.286762
CZ_383,49.190423796,16.587889007
CZ_98,49.190423796,16.587889007
CZ_207422,48.856422775,17.123723265
CZ_205510,50.132603560256406,14.245223081410256
CZ_5,49.5080474,17.1999444
CZ_51,50.172134,13.7755685
CZ_68,49.6893357,18.3274763
CZ_69,49.6859423,18.272807
CZ_55,49.827588000000006,18.436721556332365
CZ_66,49.8389036,18.5124161
CZ_54,49.8169885,18.5250675
CZ_70,49.6859423,18.272807
CZ_201865,49.8349139,18.2820084
CZ_15,49.9486561,15.2681123
CZ_205490,49.6773634,18.6708131
CZ_205,49.228256937921145,16.62574962344086
CZ_141,49.228256937921145,16.62574962344086
CZ_72,49.396064,15.5903065
CZ_142,49.228256937921145,16.62574962344086
CZ_143,49.228256937921145,16.62574962344086
CZ_174,49.0253139,17.6464437
CZ_264,48.9683288,14.4862009
CZ_245,48.9683288,14.4862009
CZ_91,49.402628595,14.679170987
CZ_307,49.3510522,14.7047195
CZ_50,49.402628595,14.679170987
CZ_335,48.75237502681159,16.861884587220025
CZ_390,50.0874654,14.4212535
CZ_110,50.5266794,13.5727282
CZ_111,50.5266794,13.5727282
CZ_109,50.5266794,13.5727282
CZ_399,48.8106526,14.3150586
DE_202270,50.6585941,11.442003
DE_204424,51.5797572,6.73738167
DE_204423,51.7177044,8.752653
DE_204253,50.8291313,6.9037057
DE_202335,51.304829779,6.584496025
DE_202336,51.397461483,7.21273249
DE_202334,51.426642467,7.334690554
DE_205882,51.356307379,7.570206022
DE_206001,49.20121816,7.05027039
DE_201754,51.524518096,7.449438298
DE_4108,51.304829779,6.584496025
DE_55,51.426642467,7.334690554
DE_16,52.522202877,7.303406093
DE_209343,51.1063495,7.6408956
DE_49,49.3552721,6.7243197
DE_39,50.6585941,11.442003
DE_58,51.7177044,8.752653
DE_1239,50.8137102,7.0351942
DE_210665,51.8801277,8.9731695
DE_1811,52.610452,8.480003
DE_1339,51.426642467,7.334690554
DE_227307,52.3227446,7.3474905
DE_202009,51.4858276,13.8306977
DE_226384,50.8137102,7.0351942
DE_216160,51.3955721,8.5677743
DE_201916,49.4704113,8.4381568
DE_1994,49.4704113,8.4381568
DE_445,51.5630892,9.03310148648998
DE_391,48.2592477,11.4354419
DE_422,51.2430813,6.1812296
DE_4159,50.0351634,11.3500213
DE_158,50.0351634,11.3500213
DE_4128,51.7930788,11.7391606
DE_194,50.0373241,12.0027278
DE_226,49.9509605,12.2429771
DE_606,49.7017584,9.2559718
DE_607,51.4586736,12.6344389
DE_586,51.9869477,9.8253376
DE_540,49.3233013,9.3611411
DE_596,52.035862,6.8236481
DE_218880,49.0364559,12.9973339
DE_555,49.4632944,8.1705063
DE_491,51.9869477,9.8253376
DE_225002,51.518381149999996,10.948647969652065
DE_224290,49.1705879,10.0777213
DE_2094,50.797717,12.579839
DE_202601,51.173498,14.9354458
DE_1483,51.454118048,7.234089303
DE_206010,51.683986385,7.880971344
DE_216421,49.6927,8.4217
DE_1477,51.66268,7.6355052
DE_1485,51.0934389,6.8416158
DE_1479,52.522202877,7.303406093
DE_1482,51.516134877,7.510841047
DE_1480,52.280223034,7.722332819
DE_1481,51.66268,7.6355052
DE_1474,51.683986385,7.880971344
DE_663,48.9996364,9.1417523
DE_1703,52.292969343,8.942452426
DE_1382,52.373752585,9.706465039
DE_1384,52.409922185,9.68097326
DE_1375,52.364478571,9.714938514
DE_4166,51.600403073,7.456670981
DE_4161,48.0321101,12.5654359
DE_206850,53.095338538,8.80892852
DE_1538,51.9869477,9.8253376
DE_4119,49.7017584,9.2559718
DE_205197,51.1423588,6.2776865
DE_205199,49.499294228,8.486130123
DE_205512,51.4696137,6.8514435
DE_204106,51.0905783,6.5835365
DE_203766,52.1721569,14.2471058
DE_203752,51.8428202,8.2985615
DE_1318,51.5975224,6.6811994
DE_1307,51.176622365,14.983745665
DE_1157,51.512568376,11.980988178
DE_1226,50.8251982,9.0292315
DE_204138,48.1371079,11.5753822
DE_204135,48.1371079,11.5753822
DE_204137,48.1371079,11.5753822
DE_1252,48.1371079,11.5753822
DE_204139,48.1371079,11.5753822
DE_1673,50.897728,10.5035734
DE_1195,53.447046018,9.988267886
DE_4132,48.1371079,11.5753822
DE_1685,48.385053545,10.856569348
DE_1704,48.5296743,11.5084954
DE_4138,52.202918497,7.034672785
DE_1433,50.828238851,6.456902142
DE_669,52.2085731,7.0264443
DE_4171,52.2085731,7.0264443
DE_1386,52.1448863,14.6294413
DE_1414,52.2705632,11.8588198
DE_1088,51.683986385,7.880971344
DE_1769,49.441637458,7.767989249
DE_2296,49.441637458,7.767989249
DE_1059,49.441637458,7.767989249
DE_1041,51.3436532,8.2859257
DE_816,53.6736529,10.2358999
DE_1048,49.41344416,11.123198512
DE_1770,49.441637458,7.767989249
DE_994,52.080171321,9.387517526
DE_1370,48.7528211,8.0405324
DE_846,52.904361018,9.650051732
DE_836,48.810105889,9.154934852
DE_937,53.543063744,9.995072569
DE_942,51.5347321,6.4245085
DE_943,51.4858276,13.8306977
DE_202821,51.451874105,6.694213084
DE_202823,51.451874105,6.694213084
DE_202819,51.451874105,6.694213084
DE_950,51.451874105,6.694213084
DE_690,49.4903857,6.5941798
DE_691,49.7187319,11.0595749
DE_847,49.986779401,8.271378112
DE_864,51.66668265,12.259188452852491
DE_678,49.4704113,8.4381568
DE_914,50.938361,6.959974
DE_971,48.7784485,9.1800132
DE_817,48.763147548,8.241309026
DE_4102,49.43230398,7.747405606
DE_4104,51.092360418,13.718517495
DE_1224,48.7630165,11.4250395
DE_1308,51.129129917,14.952705292
DE_1750,52.1448863,14.6294413
DE_670,51.112905168,6.761629174
DE_1650,48.682665134,10.139484749
DE_1660,53.866444,10.684738
DE_1663,51.593364486,7.145128859
DE_1512,51.187486564,7.264104616
DE_1358,52.522202877,7.303406093
DE_1842,52.522202877,7.303406093
DE_392,51.2440301,9.80537
DE_417,51.2430813,6.1812296
DE_1705,50.938361,6.959974
DE_152,52.1887731,7.8508691
DE_3194,50.9002644,11.2829778
DK_63,57.351714,9.941361
DK_396,56.9823812,9.6428712
DK_78,57.1095604,10.0228291
DK_203364,55.8832986,12.5000112
DK_202828,55.2500715,9.4997871
DK_183,57.4755132,10.1994273
DK_249,-43.140407,172.730155
DK_14,55.783333,12.383333
DK_58,56.9625246,9.2619587
DK_140,57.0973209,9.5228664
DK_369,55.6441712,12.4772091
DK_248,55.9719082,12.0174311
DK_292,57.0462626,9.9215263
DK_359,56.254247,14.079939
DK_367,55.7336657,12.5655408
DK_251,55.733752800000005,12.429448594707353
DK_180,55.9445468,9.1282868
DK_206008,55.6522136,12.292049
DK_229,55.6522136,12.292049
DK_325,56.48747,9.12397
EE_51,59.406646792,27.234191311
EE_20,58.25550929773463,22.49904181407767
ES_204947,40.0746619,-0.2142146
ES_206101,40.0746619,-0.2142146
ES_206100,40.0746619,-0.2142146
ES_202630,40.0746619,-0.2142146
ES_202114,44.227583302,2.506666632
ES_202554,40.0746619,-0.2142146
ES_203734,39.8532265,-0.1550092
ES_566,40.155220811,0.044922372
ES_507,41.341245,1.702484
ES_593,38.32985425,-0.5113012
ES_131,36.7263936,-4.5437553
ES_331,40.0454287,-3.8354787
ES_987,39.782029,-0.1876251
ES_375,40.0454287,-3.8354787
ES_152,38.096787,-3.7765601
ES_216,43.395555,-6.3345575
ES_191,41.7711121,-1.1188807
ES_78,36.9896696,-2.5872342
ES_659,42.1741836,-8.5050427
ES_214800,39.808205,-0.1452657
ES_216720,37.9805221,23.6477002
ES_206349,39.899146,-0.08273
ES_209006,43.348927811,-4.048950117
ES_239,43.348927811,-4.048950117
ES_442,41.45358815,1.701793156588542
ES_919,38.6852161,-4.1111749
ES_427,41.1923512,1.2071006
ES_409,41.1923512,1.2071006
ES_1052,41.1923512,1.2071006
ES_860,36.212391575,-5.385443361
ES_207043,43.2661107,-1.9747419
ES_203,38.52932,-75.543528
ES_220891,41.6147605,0.6267842
ES_216400,43.2827605,-2.8623645
ES_210480,39.8560679,-4.0239568
ES_210478,39.8560679,-4.0239568
ES_209162,41.6049685,0.8801705
ES_202476,43.31220157,-8.511975193
ES_195,43.4545737,-5.850642615099105
ES_759,43.1004025,-2.0842078
ES_804,43.3147645,-2.9388878
ES_805,43.04856650828652,-2.200783321488764
ES_202615,43.4301,-3.86163
ES_218702,38.325121371,-6.783725507
ES_201760,42.549970123,-6.6008886
ES_688,42.4354749,-2.2521162
ES_24,37.5278048,-5.2481605
ES_90054,43.561754,-5.711063
ES_964,41.3246333,2.0952568
ES_212660,41.631270717,0.779133997
ES_401,41.3246333,2.0952568
ES_404,41.5629623,2.0100492
ES_406,42.0340216,2.3697082
ES_90034,37.3864113,-6.2024485
ES_260,41.1559563,-4.0060215
ES_210691,41.1559563,-4.0060215
ES_264,42.6855632,-2.9478451
ES_1510,43.457326756,-8.251557814
ES_26,37.4718153,-4.4335616
ES_172,41.9624376,0.1575502
ES_433,40.9867796,0.8947764
ES_90067,36.212391575,-5.385443361
ES_90075,36.986717483,-5.940799367
ES_1037,42.8164762,-1.7208426
ES_100,38.096787,-3.7765601
ES_491,41.4379916,2.0108896
ES_540,39.9435743,-0.0634783
ES_531,39.9372616,-0.1004465
ES_76,36.704676632,-4.508247284
ES_760,43.0656783,-2.4900779
ES_790,43.2087721,-3.1161226
ES_710,40.267164079,-3.751469214
ES_412,41.6977173,2.7172987
ES_859,37.3599507,-6.03286
ES_550,39.3632045,-0.4112618
ES_840,38.355406,-2.803173
ES_206017,38.6360967,-0.8659745
ES_202432,39.2193056,-3.5027025
FI_19,60.2049651,24.6559808
FI_348,60.8680928,26.7038517
FI_621,60.8680928,26.7038517
FI_573,63.907624956,23.909926312
FI_207402,62.3016121,27.1634769
FI_205650,63.546275514,27.226542007
FI_310,63.546275514,27.226542007
FI_311,62.3016121,27.1634769
FI_157,65.972113913,29.183899353
FI_661,65.972113913,29.183899353
FI_160,65.972113913,29.183899353
FI_159,65.972113913,29.183899353
FI_156,65.972113913,29.183899353
FI_314,62.2871585,27.0808371
FI_29,62.603678439,29.730331509
FI_313,62.3016121,27.1634769
FI_315,62.3016121,27.1634769
FI_312,62.3016121,27.1634769
FI_555,62.603678439,29.730331509
FI_210486,63.5188946,27.2402642
FI_317,63.5567679,27.1892281
FI_318,62.3016121,27.1634769
FI_22,62.603678439,29.730331509
FI_205939,60.2933337,25.0407809
FI_452,62.0849836,29.9093599
FI_656,62.2579819,24.7083599
FI_158,65.972113913,29.183899353
FI_219901,62.6005753,29.7622128
FI_316,62.3016121,27.1634769
FI_207549,62.592718029,29.788853165
FI_20,62.603678439,29.730331509
FI_21,62.603678439,29.730331509
FI_24,62.603678439,29.730331509
FI_309,63.5567679,27.1892281
FI_25,62.603678439,29.730331509
FI_508,60.0915512,24.4006734
FI_571,63.907624956,23.909926312
FI_12,65.819805096,24.173786313
FI_400,37.434238,41.583385
FI_209085,61.4866126,21.7972071
FI_145,60.8680928,26.7038517
FI_206161,63.0743109,27.6623456
FI_475,60.8016507,21.4086143
FI_465,60.2526036,24.0684575
FI_423,60.2526036,24.0684575
FI_387,60.90382494,26.6119929
FI_216500,60.544664849,27.155814035
FI_490,61.4781666,23.5096158
FI_347,60.8680928,26.7038517
FI_346,60.8680928,26.7038517
FI_503,61.4980214,23.7603118
FI_516,63.0957722,21.6159187
FI_515,62.7906684,22.8398019
FI_446,61.050855007,28.237706587
FI_447,37.573100273,-6.753415997
FI_408,66.7168076,27.4110905
FR_384,45.4327537,6.0204233
FR_373,45.2013065,5.8388954
FR_795,44.0058,4.20319
FR_735,48.9069349,2.2465748
FR_304,49.3534994,1.0043489
FR_190,48.0432406,-1.7082369
FR_577,47.179301,-1.6233691
FR_1048,40.45939,17.28062
FR_271,49.7350035,1.4421413
FR_843,48.4553525,7.2068703
FR_361,45.0675156,4.832852
FR_153,47.013196,3.1456935
FR_973,50.6350772,3.1146324
FR_807,48.6148396,7.7523716
FR_620,48.7771486,2.4530731
FR_228,49.2577886,4.031926
FR_206268,-33.984343,18.586587
FR_688,48.9591392,1.8554319
FR_205820,51.032749,2.370339
FR_700,48.8035403,2.1266886
FR_205881,44.8327,-0.520823
FR_173,48.254646,-3.606984
FR_182,48.1998838,-2.0462319
FR_168,48.5597369,-3.1163348
FR_187,47.83547,-2.35089
FR_1146,48.8924273,2.2071267
FR_733,48.8953328,2.2561602
FR_316,47.285219,6.133869
FR_68,44.8359729,0.7381329
FR_290,49.1396841,1.120708
FR_1071,45.5457845,7.8488912
FR_1004,51.0204446,2.2495576
FR_297,49.3831,1.09163
FR_655,48.2314677,2.7042711
FR_254,49.495881021,0.1275741
FR_32,49.6468192,1.8431889
FR_205584,43.9290627,4.6013
FR_1134,45.8707107,0.8153056
FR_217081,48.8924273,2.2071267
FR_241,48.3030024,4.0399743
FR_251,48.3030024,4.0399743
FR_242,48.2971626,4.0746257
FR_207902,48.472944,1.3136388
FR_207903,48.4489382,1.4580047
FR_213900,44.841225,-0.5800364
FR_213920,32.080832,-82.968592
FR_366,44.9332277,4.8920811
FR_204784,45.708491,4.8532593
FR_204783,45.708491,4.8532593
FR_218742,45.7774551,3.0819427
FR_209562,45.685427794,12.755769556
FR_206913,44.8534568,0.487531
FR_282,49.4507987,1.0352069
FR_1117,49.790934143,9.710340072
FR_205994,50.9870697,2.1273118
FR_847,47.6238204,7.2401542
FR_699,48.7809496,2.1900052
FR_886,43.6343476,1.3986403
FR_1138,14.7380399,-60.9645707
FR_908,50.8101261,2.5816407
FR_337,45.1584982,1.5332389
FR_327,47.6197395,6.1544694
FR_86,44.2125451,-0.9189952
FR_206723,46.8203785,1.6770956
FR_890,43.1765718,0.9728531
FR_205672,46.140913,2.8856331
FR_205873,46.747427,4.4699684
FR_189,48.2001902,-2.2884538
FR_204064,48.3044218,-0.6179871
FR_205689,48.9462028,4.8112627
FR_205688,48.88949,4.54113
FR_205690,48.83944,4.19899
FR_215841,51.0134813,2.3029972
FR_205614,45.9281426,4.9534729
FR_531,47.9241442,0.1510542
FR_701,48.6137734,2.4818087
FR_207602,48.8012045,2.4309703
FR_524,49.06287905,7.367220182014099
FR_109,44.8359729,0.7381329
FR_891,43.1252298,0.384241
FR_1079,47.9309156,1.9208883
FR_637,43.4057279,5.0548176
FR_850,47.7467233,7.3389937
FR_417,45.708491,4.8532593
FR_218440,49.5039262,0.2338372
GB_597,54.0977012,-3.2568304
GB_206152,52.5722525,-1.2065723
GB_205666,54.58333,-5.91667
GB_206110,52.7126248,-1.3280459
GB_206108,51.2294852,-2.319846671158359
GB_206084,52.7126248,-1.3280459
GB_207644,51.5111014,-0.5940682
GB_206111,51.50218,-0.48505
GB_209984,52.7126248,-1.3280459
GB_207643,55.91503,-4.09926
GB_206109,52.7126248,-1.3280459
GB_207498,52.5595316,-1.2262046
GB_202259,51.2461249,-1.097189967
GB_202261,50.72741,-1.85593
GB_202238,51.5074456,-0.1277653
GB_809,54.048678,-2.799452
GB_7,57.19603099166666,-2.178381025
GB_4,57.19603099166666,-2.178381025
GB_6,57.19603099166666,-2.178381025
GB_80,52.27924815,-1.5786952799716136
GB_418,54.5448091,-1.924642
GB_161,51.488701,-0.315629
GB_170,54.5760419,-1.2344047
GB_174,53.89764605,-1.96499915
GB_182,54.190831,-3.0625825
GB_207,51.581091,-0.337475
GB_226,52.65233935,-2.7958678599236624
GB_504,51.588061925,0.4650266
GB_274,53.4794892,-2.2451148
GB_277,51.0690613,-1.7954134
GB_480,51.508309,-0.223738
GB_481,51.508309,-0.223738
GB_379,51.0690613,-1.7954134
GB_384,51.0690613,-1.7954134
GB_394,52.22758,-0.2703789
GB_397,50.934805727,-1.397447527
GB_402,51.5074456,-0.1277653
GB_142,51.89608,-0.203
GB_408,51.81167,-0.0391211
GB_143,51.89608,-0.203
GB_453,53.3772499,-1.4967299
GB_506,51.29636,0.41029
GB_369,39.9980022,-79.0415528
GB_533,51.5074456,-0.1277653
GB_552,51.5074456,-0.1277653
GB_898,53.71894,-1.85184
GB_561,51.5413271,0.1481142
GB_747,54.346714500000004,-7.642082093310774
GB_755,53.314175,-2.65899
GB_764,51.5074456,-0.1277653
GB_861,53.35253,-2.74675
GB_1268,-29.033042,167.954531
GB_688,57.196572,-2.182743
GB_697,57.196572,-2.182743
GB_699,52.5898409,-1.8987691123858987
GB_407,51.55803,-2.9628
GB_1066,56.3403902,-2.7955844
GB_870,52.3450002,-0.1868662
GB_933,40.88463,-74.559985
GB_181,53.21843,-1.871
GB_95,52.46568,-2.07748
GB_868,52.4942525,-2.0121962
GB_1061,54.65556855,-2.7365690331012495
GB_207103,57.141608567,-2.094357217
GB_61,57.141608567,-2.094357217
GB_3,57.141608567,-2.094357217
GB_694,57.141608567,-2.094357217
GB_60,57.141608567,-2.094357217
GB_1249,57.14160856666666,-2.094357216666667
GB_209107,57.14160856666666,-2.094357216666667
GB_205691,60.64766,8.6486
GB_775,53.0131742,-2.5247441
GB_19,51.5074456,-0.1277653
GB_20,51.5074456,-0.1277653
GB_689,57.196572,-2.182743
GB_18,57.144760333,-2.107723067
GB_772,51.5074456,-0.1277653
GB_865,41.4996574,-81.6936772
GB_208,51.581091,-0.337475
GB_342,53.30044,-2.93307
GB_141,51.89608,-0.203
GB_701,60.457493,-1.274058
GB_210394,51.5074456,-0.1277653
GB_503,51.5074456,-0.1277653
GB_210513,54.6179021,-1.0687914
GB_644,55.84903,-4.24106
GB_210220,57.34163,-3.3392
GB_658,55.872116925,-4.28958145
GB_1139,51.14847892857143,-2.9938488714285714
GB_452,53.410476,-1.4574487
GB_491,52.5847651,-2.127567
GB_752,54.3243995,-7.7223985
GB_206265,51.55803,-2.9628
GB_204986,53.4832952,-1.5903664
GB_330,54.5927012,-1.135125
GB_204984,54.5846769,-0.9740921
GB_1263,54.59541965,-1.2587536414997669
GB_363,53.4310417,-1.355187
GB_208746,51.5074456,-0.1277653
GB_321,53.5922488,-0.6450841
GB_876,51.7474678,-2.283024
GB_212380,52.89714,-2.51649
GB_214441,51.55176,0.15255
GB_208463,51.7511784,-0.472528
GB_210481,52.5186579,-1.9923114
GB_1093,54.5916242,-6.2131694
GB_210143,53.79368,-0.42948
GB_210979,51.575183133,0.5651419
GB_210585,55.8645928,-4.2430992
GB_214261,51.5074456,-0.1277653
GB_999,52.03015,-1.73702
GB_986,53.4794892,-2.2451148
GB_1064,53.668028,-1.896862
GB_993,55.777842,-2.3438476
GB_988,53.0996153,-2.4414627
GB_202906,53.2602539,-2.5145104
GB_202908,53.2696584,-2.5327328
GB_758,54.5760419,-1.2344047
GB_206835,51.7997991,-0.1837002
GB_206837,51.529346,-0.258789
GB_104,51.77046785,0.46466977412300386
GB_1109,52.4217835,-1.4365906
GR_205485,40.3007259,21.7883119
GR_82,40.9369224,24.4122766
GR_108,40.6403167,22.9352716
GR_130,45.155510889,10.788429737
GR_218422,40.518801,21.266827
GR_55,38.143846,21.560987
GR_60,40.6403167,22.9352716
GR_59,45.542055,2.344309
GR_57,38.047608,23.5348663
HR_211258,43.7340647,15.8944767
HR_205122,45.4907759,18.0938075
HR_203875,45.5548793,18.6953685
HU_206762,47.4978789,19.0402383
HU_105,47.2162053,20.7546669
HU_42,47.531399,21.6259782
HU_221664,47.1910169,18.410811
HU_225427,47.4897011,18.3148401
HU_207982,47.5475792,18.3318516
HU_170,47.6834336,19.1341568
HU_1,47.9280341,21.0467056
HU_2,48.2544414,20.6223251
HU_184,47.1910169,18.410811
HU_250,47.1910169,18.410811
HU_181,46.2546312,20.1486016
HU_180,46.2546312,20.1486016
HU_179,46.2546312,20.1486016
HU_178,46.2546312,20.1486016
HU_182,46.2546312,20.1486016
HU_264,47.2162053,20.7546669
HU_60,46.5603339,20.6693477
IE_61,51.8302347,-8.3207701
IE_12,52.599722,-8.975556
IE_45,53.3644766,-6.4897438
IE_47,51.9211201,-8.1757367
IE_11,51.8985136,-8.4726423
IE_212920,53.31701515,-6.43852995903866
IE_95,53.7149877,-6.3524183
IE_102,51.8985136,-8.4726423
IE_1,53.904532,-6.809003
IE_65,52.9923938,-6.9835926
IE_207245,54.25912955,-8.967354360578792
IS_201350,64.0695354,-21.9575664
IS_201365,26.2310984,50.5817422
IT_203647,45.788399,11.36769
IT_217420,45.8320236,13.2111453
IT_163,45.5258193,10.21441
IT_515,40.4786981,17.246286122
IT_72,44.76085,8.789551
IT_86,44.426699972,8.845797017
IT_205545,41.545579,13.5155537
IT_204217,45.64685,10.3884485
IT_202936,45.429079,10.18437
IT_202111,45.6945498,10.3212431
IT_254,46.1617797,12.2988054
IT_1019,45.052075372,9.691448876
IT_206085,44.9190563,7.2502858
IT_221345,45.4794715,9.0546807
IT_208,46.0533463,11.4566004
IT_1004,44.695819999,8.02930466
IT_840,41.7447015,13.1526343
IT_251,45.5488306,11.5478825
IT_206,46.4984781,11.3547399
IT_508,40.948554996,17.290883276
IT_509,40.948554996,17.290883276
IT_974,45.5217245,9.5931485
IT_233,45.444868357,11.023172422
IT_64,44.6446052,7.4926009
IT_568,39.291538,9.001542
IT_347,44.830157947,11.622583105
IT_205344,41.9785978,14.6625131
IT_205327,40.8467115,16.0313301
IT_202205,41.0639234,14.6397875
IT_201893,44.4224625,10.789147
IT_202294,44.7901008,11.1378084
IT_202295,44.7901008,11.1378084
IT_205396,45.660296,11.407493
IT_202026,44.2855555,11.8832055
IT_202022,44.3535145,11.7141233
IT_202024,44.296864,11.624022
IT_202023,44.2756903,11.5898435
IT_866,42.411173359,14.193983441
IT_374,43.978948,10.545703
IT_960,43.9923571,10.7425894
IT_210370,41.2717278,14.1880047
IT_618,42.2943877,13.969677
IT_601,45.2352767,7.6003081
IT_655,41.8933203,12.4829321
IT_656,41.8933203,12.4829321
IT_865,44.513377338,11.988841412
IT_860,45.421687,11.09689
IT_748,45.6472193,9.6019202
IT_359,44.1873049,12.1259056
IT_343,44.6990515,11.4029261
IT_348,44.830157947,11.622583105
IT_755,41.452817367,15.55716
IT_472,40.7525236,14.4550044
IT_77,44.3902587,8.2079522
IT_590,39.36690275588235,17.12836162647059
IT_274,45.453076339,12.303979422
IT_1210,40.803111,14.539037
IT_1213,40.810811,14.619839
IT_207762,42.5641417,12.6405466
IT_207560,37.2369363,15.2196575
IT_975,42.46499583,14.21274358
IT_976,45.471182543,9.228088543
IT_924,44.9926704,9.0086667
IT_209686,45.322183503,8.420232037
IT_957,45.460665066,9.196351534
IT_966,45.5761735,9.3509475
IT_1244,45.5004723,11.5356994
IT_1101,45.514756986,9.195792221
IT_774,41.8082452,12.6803684
IT_709,45.499111104,9.205632486
IT_1061,45.4371908,12.3345898
IT_1083,44.41758415,8.872444839
IT_1116,44.675145,8.467546
IT_1174,40.7833028,14.7557276
IT_120,45.471304291,9.092428554
IT_210859,45.681311827,9.648583129
IT_1069,45.681311827,9.648583129
IT_205309,45.699775,9.012539
IT_205328,40.783712,14.698841
IT_202869,45.471182543,9.228088543
IT_1223,45.448707343,10.98823379
IT_1216,45.40906776,11.001018164
IT_223085,43.393162197,10.441788574
IT_683,45.66638,9.630053
IT_700,46.2156719,10.1731777
IT_660,44.0099818,10.590633
IT_292,45.0698166,11.78882
IT_776,44.6398815,10.9386531
LI_1,47.1663397,9.510312
LT_97,45.627579,15.945416
LT_112,54.929513,24.0990334
LU_3,49.5858294,6.2262883
LU_15,49.4959628,5.9850306
LV_4,56.660041178,23.750384819
LV_37,56.9669816,23.1524528
LV_44,56.506281,27.3306623
LV_93,56.978757796,24.191028028
LV_2,57.3903918,21.5635991
LV_26,56.40863,24.195304
LV_102,57.53488168,25.412372543
LV_74,44.870652,10.0753079
LV_22,57.1540561,24.8567141
LV_49,56.509792411,21.013487893
LV_109,44.870652,10.0753079
LV_210127,57.090544533,24.556701303
NL_203943,53.173477514285715,6.687743428571428
NL_204422,51.589585064285714,5.021644028571428
NL_203742,52.795755273033706,4.780031870786517
NL_332,51.90608988636364,5.652736509090909
NL_93,51.58211470204081,5.05016791632653
NL_77,53.316257,6.8584315
NL_118,,
NL_39,52.717934761538466,6.476922938461539
NL_298,52.4738528,4.6379311
NL_56,51.543199775,4.4503717
NL_59,51.5561698,3.8019249
NL_373,52.0352094,4.5190354
NL_307,52.009511160869565,4.267357247826086
NL_326,51.87439916842106,4.16795017368421
NL_310,51.981178407142856,4.198746375
NL_341,52.0153341,4.4976359200000005
NL_297,52.66215889523809,4.88021820952381
NL_205142,51.67702479,4.56817819
NL_87,50.8851134,5.7340974
NL_205868,51.8652855,4.3641111
NL_383,51.67702479,4.56817819
NL_256,51.7336475,5.1855629
NL_336,53.29545606666667,6.968989633333333
NL_205669,51.9095501902439,5.435706704878049
NL_100,51.451452419999995,3.72775166
NL_344,51.384668148275864,5.746666462068966
NL_205163,51.67702479,4.56817819
NL_205164,51.67702479,4.56817819
NL_205166,51.67702479,4.56817819
NL_204201,,
NL_432,51.3960491,6.2147562
NL_203203,52.7139415,6.52110805
NL_38,52.7139415,6.52110805
NL_367,51.55532251111111,4.2820568111111115
NL_205674,52.51805677777778,6.0749510819444446
NL_203796,51.5561698,3.8019249
NL_205165,51.67702479,4.56817819
NL_285,52.780215016666666,5.054640304761905
NL_205167,51.67702479,4.56817819
NL_205162,51.67702479,4.56817819
NL_205161,51.67702479,4.56817819
NL_378,51.5227211,6.026539966666666
NO_114,59.20313315,10.953503794852939
NO_117,59.254955,11.229781140849298
NO_208682,58.9699675,5.7318101
NO_24,58.0460295,7.1425006
NO_210475,58.4515121,6.0007554
NO_56,59.0680555,11.537191002239753
NO_29,59.7711921,9.9094778
NO_206342,63.986506,11.1104608
NO_229527,59.20313315,10.953503794852939
PL_220650,51.2328742,15.2750761
PL_223263,52.2301933,18.2521112
PL_202779,50.5201929,20.5256241
PL_202096,49.7470465,21.4743139
PL_260,52.5898737,14.6536335
PL_439,52.46696,16.98026
PL_577,50.4724756,22.4889669
PL_520,50.21413,18.135
PL_384,50.82444,20.53165
PL_661,52.82604,18.04092
PL_201356,50.82444,20.53165
PL_210684,52.01595,18.50191
PL_644,49.714148,21.6421513
PL_730,50.1597686,19.4709097
PL_809,50.1597686,19.4709097
PL_852,50.762102025,16.245625151
PL_501,50.8443158,24.0359599
PL_500,50.78092,17.0683947
PL_499,50.0528608,21.6116324
PL_383,50.8123487,20.2648324
PL_382,52.82604,18.04092
PL_529,51.1089776,17.0326689
PL_601,51.3197425,23.0168083
PL_538,50.8719903,20.6310488
PL_807,50.0123784,20.9880739
PL_342,50.7360627,21.789733
PL_256,50.8123487,20.2648324
PL_59,52.4082663,16.9335199
PL_124,50.07288803,18.464826681
PL_126,50.0024107,18.4630383
PL_122,50.0464176,18.5574913
PL_270,49.8968955,18.8151974
PL_275,50.7487107,17.616648
PL_932,50.8568481,16.538415
PL_914,50.465351,17.1730499
PL_465,51.1089776,17.0326689
PL_461,50.267489,20.4853308
PL_273,50.465351,17.1730499
PL_274,50.0917343,18.2196766
PL_464,51.2203518,16.493719
PL_916,50.78092,17.0683947
PL_912,49.8968955,18.8151974
PL_911,51.1089776,17.0326689
PL_917,50.7487107,17.616648
PL_731,53.0094962,23.1314632
PL_391,49.8968955,18.8151974
PL_395,50.465351,17.1730499
PL_397,50.7487107,17.616648
PL_409,50.0917343,18.2196766
PL_498,51.1089776,17.0326689
PL_519,50.267489,20.4853308
PL_408,51.2203518,16.493719
PL_31,50.3308692,19.2078918
PL_10,50.3526354,18.2139442
PL_457,50.08403085,20.068698107
PL_692,51.7624752,18.0895358
PL_278,49.7470465,21.4743139
PL_135,53.708021,16.6943922
PL_186,52.2317559,19.3570182
PL_187,52.2317559,19.3570182
PL_396,50.8568481,16.538415
PL_95,51.2238922,20.8575141
PL_168,51.93008,22.3790669
PL_797,50.1597686,19.4709097
PL_614,50.1597686,19.4709097
PL_159,49.9678396,20.6068496
PL_462,50.21413,18.135
PL_470,50.8568481,16.538415
PL_915,50.0528608,21.6116324
PL_468,50.78092,17.0683947
PL_469,50.8443158,24.0359599
PL_467,50.0528608,21.6116324
PL_736,53.1511324,16.7380343
PL_732,53.1511324,16.7380343
PL_740,53.1511324,16.7380343
PL_778,51.1180898,15.2892651
PL_545,50.438651,16.6551878
PL_535,50.1691812,18.9044238
PL_310,52.0536361,15.0980258
PT_181,39.607712,-8.5123872
PT_205827,41.5510583,-8.4280045
PT_148,38.958218,-8.5283498
PT_35,38.9287073,-9.0077932
PT_283,41.4417677,-8.2955712
PT_61,38.8134919,-9.1872056
PT_90,41.3440057,-8.4772021
PT_255,39.6036596,-8.4150492
PT_277,38.5241783,-8.8932341
PT_184,38.5241783,-8.8932341
PT_231,39.6707242,-8.9929023
PT_183,39.686343050000005,-8.904786240501094
PT_210093,,
PT_5,38.6422246,-9.1072662
PT_171,41.2455207,-8.55108435
PT_208842,38.3729735,-8.5122705
PT_58,39.7546329,-8.9327884
PT_86,39.7495952,-8.9298895
PT_205390,39.7437902,-8.8071119
PT_112,39.1916368,-9.1807616
PT_205231,39.1916368,-9.1807616
PT_219,39.607712,-8.5123872
PT_124,39.1464872,-9.2321523
PT_293,38.5241783,-8.8932341
PT_198,38.758959,-9.2365233
PT_55,40.9581668,-8.5826133
RO_196,46.220843412,24.789493512
RO_92,47.031491256,23.90582392
RO_171,44.9417468,26.0236504
RO_95,44.1961646,27.3313233
RO_97,44.4361414,26.1027202
RO_161,44.9149346,25.4504509
RO_168,45.6525105,25.6105654
RO_185,47.8461055,25.9181822
RO_260,45.6282333,27.536646
RO_264,44.5663151,26.3817929
RO_28,44.6811586,22.6903675
RO_52,46.3173875,24.287924167
RO_137,44.1135177,24.349097469657558
RO_152,46.5649284,24.5709641
RO_155,45.8449461,24.9703211
RO_1,45.687332928,21.903124559
SE_696,53.781466789,9.612629474
SE_555,58.9060405,17.9367336
SE_557,,
SE_556,,
SE_605,56.81553796,13.9083044
SE_610,56.8325886,13.9359916
SE_608,56.85,13.933333
SE_729,59.419243,16.4749442
SE_490,60.216667,16.333333
SE_491,59.266667,14.433333
SE_206082,,
SE_219320,,
SE_219341,,
SE_219342,,
SE_456,59.1329314,12.9248679
SE_342,56.0442098,12.703706
SE_238,58.233333,12.416667
SE_236,,
SE_298,57.7072326,11.9670171
SE_237,44.71664785,10.394336961
SE_397,,
SE_287,,
SE_166,56.0442098,12.703706
SE_695,53.736580768,9.927651545
SE_697,45.1265241,10.1859496
SE_820,56.8325886,13.9359916
SE_609,56.8325886,13.9359916
SE_710,56.8325886,13.9359916
SE_71,59.333333,16.483333
SE_72,,
SE_223643,,
SE_221512,52.203125055,9.894438098
SE_374,,
SE_722,,
SE_723,,
SE_755,56.8325886,13.9359916
SI_10,,
SI_70,46.4043948,15.7965329
SK_19,48.7172272,21.2496774
SK_20,48.5869516,20.4677768
SK_43,49.2013688,18.8698898
SK_186,45.290315975,33.6076803
SK_102,48.6787557,17.3661529
SK_12,48.5782517,19.1247135
SK_204252,48.8746597,21.8337692
SK_79,,
SK_136,48.8922719,18.0387465
SK_124,49.4432047,18.7346404
SK_149,49.3108177,19.5211633
SK_119,49.0835785,19.612785
SK_203788,49.2999184,18.7865084
SK_105,,
SK_203735,48.8730129,21.7306581
SK_70,49.2999184,18.7865084
SK_107,,
AT_202,48.2083537,16.3725042
AT_98,47.1912045,14.7549244
AT_100,46.900781,15.4863348
AT_96,46.7632057,14.8417386
AT_186,47.991944,13.688056
AT_99,46.8873498,15.5145485
AT_189,48.2553232,15.6795466
AT_190,47.4872718,12.0637633
AT_188,,
AT_94,48.3451268,15.9090379
AT_101,46.900781,15.4863348
AT_95,48.3440605,16.3334321
AT_235,46.8873498,15.5145485
AT_142,48.716782029553265,16.302129678350514
AT_41,47.290479,8.147321
AT_83,47.9825598,13.8225156
AT_198,48.0390046,14.4191276
AT_214400,44.90191,-90.02458
AT_205668,47.6053538,15.6723805
AT_91,47.905194,14.1244169
AT_109,47.1309885,14.3598712
AT_183,47.0504742,15.1474771
AT_205426,48.133733175,16.480079671
AT_232,48.716782029553265,16.302129678350514
BE_211998,50.4820227,3.7638298
BE_226692,50.9094821,3.3699842
BE_226693,50.9094821,3.3699842
BE_122,51.0957176,4.5061988
BE_295,50.6479385,5.8196401
BE_205496,50.999964750000004,3.3414263284671195
BE_210,50.5625055,4.2507809
BE_205518,50.5753715,5.2607066
BE_220,50.773569,2.8326917
BE_205536,51.1919904,4.7385027
BE_205735,51.3717045,4.9955625
BE_230,51.2305657,5.3076895
BG_69,43.7070803,24.8996563
BG_89,42.6376599,26.7110099
BG_127,54.4447922,18.5684902
BG_126,54.4447922,18.5684902
BG_5,43.251196,26.5727944
BG_37,42.4936616,27.4721276
BG_202192,42.2038166,24.2003083
BG_134,,
CZ_321,,
CZ_391,49.5283995,17.2377312
CZ_226,50.1179339,16.2903737
CZ_282,48.7685057,14.9636772
CZ_408,49.9486561,15.2681123
CZ_39,49.2151907,15.8816091
CZ_42,,
CZ_96,49.9041537,18.3574288
CZ_159,49.9809972,16.8778195
CZ_392,49.8879597,17.8826467
CZ_386,50.2344376,12.7181372
CZ_306,49.606942,15.5795748
CZ_82,50.156961024,14.140546865
CZ_135,50.46464105638489,13.401973398741006
CZ_163,49.1443265,15.003354
CZ_173,49.021985,17.59343880400182
CZ_184,49.069367482,17.452567549
CZ_213780,49.9670558,14.5752142
CZ_77,49.5654085,14.9904124
DE_209103,49.7824102,9.1827765
DE_2699,49.643684,9.2225034
DE_215000,50.738955944,8.283444884
DE_214,51.5255661,12.342857
DE_130,48.898030478,11.929856956
DE_129,51.7375447,10.850067611741625
DE_127,51.8905566,10.1703902
DE_125,51.7375447,10.850067611741625
DE_4105,51.7706233,10.8009159
DE_168,51.7375447,10.850067611741625
DE_126,51.7375447,10.850067611741625
DE_123,51.657784284,10.101608191
DE_128,51.7375447,10.850067611741625
DE_124,52.471472631,13.790130529
DE_132,51.7375447,10.850067611741625
DE_140,51.4458105,8.3536824
DE_141,49.007666933,12.141108124
DE_205562,49.007666933,12.141108124
DE_153,47.9212582,7.7886752
DE_156,48.787206,10.6889571
DE_171,48.4159247,9.9187625
DE_165,52.9649759,10.5605453
DE_159,53.793451165,12.181836062
DE_161,52.1604925,9.7838751
DE_163,52.0351414,11.3915473
DE_166,52.2576212,10.0660066
DE_162,52.0211368,10.5412828
DE_253,52.2911243,11.4132719
DE_189,50.8705512,13.3247933
DE_205385,50.5545674,6.7636511
DE_201939,48.5728929,7.8109768
DE_202899,51.173467618,6.748863661
DE_202898,51.173467618,6.748863661
DE_203320,53.526037973,9.834995804
DE_203322,53.526037973,9.834995804
DE_202902,51.173467618,6.748863661
DE_203768,51.0905783,6.5835365
DE_225004,50.9540457,6.6410004
DE_224662,49.5150385,10.2835564
DE_225003,51.3902906,11.9854347
DE_225000,51.8842114,9.6252205
DE_224664,49.702864135,10.264841045
DE_224665,49.702864135,10.264841045
DE_202521,49.702864135,10.264841045
DE_202528,48.115817535,8.610330262
DE_224663,51.200769083,6.693593044
DE_205042,51.8905566,10.1703902
DE_226264,49.2940857,9.2731888
DE_489,48.2828519,9.7262175
DE_1870,49.3635412,9.3410856
DE_498,51.04971,13.01916
DE_531,51.393581897,7.47973007
DE_541,50.797762016,6.482502191
DE_1204,53.6959113,9.7114755
DE_229814,47.9173421,8.1735161
DE_545,50.6295189,12.5864926
DE_495,48.5579923,9.4660443
DE_614,48.5579923,9.4660443
DE_556,49.8077,8.6941
DE_205984,50.938361,6.959974
DE_205981,50.938361,6.959974
DE_205270,50.938361,6.959974
DE_2095,50.938361,6.959974
DE_2294,50.938361,6.959974
DE_205982,50.938361,6.959974
DE_209866,50.938361,6.959974
DE_205983,50.938361,6.959974
DE_205272,50.938361,6.959974
DE_205275,50.938361,6.959974
DE_209865,50.938361,6.959974
DE_205276,50.938361,6.959974
DE_205268,50.938361,6.959974
DE_209864,50.938361,6.959974
DE_205985,50.938361,6.959974
DE_205271,50.938361,6.959974
DE_214101,51.620022877,12.262438742
DE_205273,50.938361,6.959974
DE_205274,50.938361,6.959974
DE_205322,51.367261850000006,6.640661866700553
DE_205321,51.0934389,6.8416158
DE_210025,51.359981503,6.635694742
DE_205241,51.367261850000006,6.640661866700553
DE_210026,48.034820183,7.831070044
DE_204322,51.075743229,6.799654968
DE_4121,51.1267305,13.5783983
DE_1888,50.86002135,6.869341854523091
DE_1515,52.4205588,10.7861682
DE_930,52.181122089,10.46532761
DE_939,52.2576212,10.0660066
DE_1759,52.2576212,10.0660066
DE_209969,50.5789683,9.3816909
DE_1835,51.8322137,6.2428283
DE_1836,51.3642126,6.4195011
DE_217843,51.683986385,7.880971344
DE_1722,48.48425279,7.940004015
DE_1753,51.021426367,11.032974884
DE_1777,51.021426367,11.032974884
DE_1111,53.832978621,10.653475374
DE_1176,52.528489772,13.535274859
DE_1175,52.543449044,13.353485449
DE_1170,52.502185182,13.488103263
DE_1167,52.619492107,13.485986661
DE_1169,52.531764652,13.387865872
DE_1182,52.475947781,13.292730345
DE_1179,52.547611845,13.233825664
DE_1194,52.512052221,13.415837938
DE_1166,52.452986786,13.622680753
DE_1163,52.412373558,13.541678972
DE_1150,52.526145033,13.304722674
DE_1181,52.547611845,13.233825664
DE_209842,52.422465259,13.312543534
DE_210939,52.488060194,13.458085844
DE_1149,52.431937712,13.585090744
DE_1165,52.583235348,13.400757779
DE_1064,50.019188663,8.224975754
DE_1025,48.6218033,9.8372796
DE_204802,52.450228234,9.695527996
DE_896,53.4374683,10.3678235
DE_658,48.2833039,10.0832982
DE_705,50.769089948,6.078549478
DE_220788,50.783271147,6.098291384
DE_712,50.769089948,6.078549478
DE_707,52.0603847,8.3615861
DE_740,48.414063839,9.956895563
DE_820,51.1809132,14.4276003
DE_829,51.476824824,6.725571604
DE_935,48.6300801,12.4977434
DE_210456,48.1371079,11.5753822
DE_1761,49.007666933,12.141108124
DE_1766,48.536217,12.1516551
DE_1765,52.547611845,13.233825664
DE_1764,48.6300801,12.4977434
DE_209081,49.007666933,12.141108124
DE_1762,51.382179262,12.451516355
DE_210457,48.1371079,11.5753822
DE_1763,48.6300801,12.4977434
DE_210458,48.1371079,11.5753822
DE_210693,48.6300801,12.4977434
DE_1823,49.6428282,12.4955813
DE_1826,49.7466,8.5112
DE_1828,51.8957136,6.9839073
DE_1827,52.3927616,7.2959699
DE_1799,53.4445646,7.0820332
DE_1830,49.485011,11.2474853
DE_1824,50.8974116,5.7325399
DE_1825,49.8565075,9.9571081
DE_1831,51.66268,7.6355052
DE_1585,51.1981778,6.6916476
DE_1776,51.828835,9.4466591
DE_1567,50.5542328,9.6770448
DE_209067,48.831797652,9.169551109
DE_206200,48.8467574,8.9273862
DE_1680,48.831797652,9.169551109
DE_1779,50.019188663,8.224975754
DE_1893,49.999401607,8.270021113
DE_1422,50.019188663,8.224975754
DE_1528,52.8654484,9.6930195
DE_1757,49.643684,9.2225034
DE_1439,51.0905783,6.5835365
DE_203814,51.0905783,6.5835365
DE_1371,50.50516,8.84162
DE_1251,53.569898691,13.273249438
DE_1235,53.569898691,13.273249438
DE_1242,53.5574458,13.2602781
DE_1846,48.493033,-3.900397
DE_869,52.601024974,13.342284835
DE_1578,52.422465259,13.312543534
DE_812,52.590468061,13.329916109
DE_659,48.7840324,10.1060512
DE_1874,52.606262,8.368818
DE_867,49.131090027,9.228074268
DE_875,51.4333103,14.250083
DE_895,51.2998551,12.0665175
DE_909,50.3273064,11.1240088
DE_988,51.000577826,11.323856419
DE_1413,53.793451165,12.181836062
DE_1562,52.0351414,11.3915473
DE_1563,52.2608949,10.3694118
DE_1082,52.2576212,10.0660066
DE_1561,52.9649759,10.5605453
DE_1560,52.0211368,10.5412828
DE_1559,52.1604925,9.7838751
DE_1558,52.30223,9.4623741
DE_1177,52.570534378,13.442373699
DE_1178,52.430157463,13.488479372
DE_3896,50.938361,6.959974
DE_1246,53.569898691,13.273249438
DE_1032,50.92020405,13.334137355539042
DE_1780,50.019188663,8.224975754
DE_983,51.04971,13.01916
DE_1629,50.797762016,6.482502191
DE_1566,50.586993,12.6992687
DE_1612,51.828835,9.4466591
DE_1676,51.649852239,11.496123975
DE_1675,51.649852239,11.496123975
DE_1682,48.0373762,10.7282761
DE_1767,48.536217,12.1516551
DE_1699,52.555169984,13.169763185
DE_2796,53.4445646,7.0820332
DE_186,52.471472631,13.790130529
DE_164,52.2608949,10.3694118
DE_175,48.4159247,9.9187625
DE_172,48.787206,10.6889571
DE_154,47.9212582,7.7886752
DE_167,51.8905566,10.1703902
DE_160,52.30223,9.4623741
DE_213,51.665995884,6.644339168
DE_216,50.8684545,6.0950514
DE_15,53.543063744,9.995072569
DE_35,50.8247166,6.9810852
DE_1547,49.643684,9.2225034
DE_212,50.908328858,11.575408513
DE_300,50.738955944,8.283444884
DE_404,51.2440301,9.80537
DE_444,50.7961213,9.5891659
DE_565,54.08988,9.070633
DE_217560,51.420086041,6.757966718
DE_219640,51.420086041,6.757966718
DE_207732,52.3016096,13.2610163
DE_205202,54.173149376,12.069565418
DE_1334,51.546162803,9.953886863
DE_1713,50.938361,6.959974
DE_860,50.938361,6.959974
DE_620,51.920855089,10.44984192
DE_2795,48.627803883,8.058862975
DE_207554,51.394324962,12.357527856
DE_206823,52.301268041,8.016024259
DE_206063,50.942874912,10.709790534
DE_206270,48.999819869,8.402880967
DE_32,50.938361,6.959974
DE_31,50.8247166,6.9810852
DE_50,48.5728929,7.8109768
DE_349,48.9152375,12.8132695
DE_341,52.3195756,8.3440599
FR_206321,48.7812807,3.305711
DK_326,57.541075,10.1977563
DK_392,56.1390178,9.1547931
DK_50,55.647564,12.518654
DK_90,55.3266045,11.1425876
DK_204,55.4061196,11.3525415
DK_385,56.9562093,8.6848749
DK_51,55.647564,12.518654
DK_290,42.64983423936074,23.40474717083378
DK_48,55.6833793,11.0993619
DK_73,56.1379757,8.9746623
DK_47,55.8505813,11.9916517
DK_76,55.565268,9.7562169
DK_49,55.2521101,11.2942011
DK_54,55.642804299999995,12.55498223605706
DK_72,55.565268,9.7562169
DK_71,37.859112,-87.442042
DK_42,55.6441712,12.4772091
DK_413,55.0102518,11.9097478
DK_80,55.4664892,8.4520751
DK_53,55.647564,12.518654
DK_272,56.4355428,10.0425957
DK_271,55.446817,11.7975218
DK_270,55.8028335,9.6969725
DK_86,56.879055,9.991597
DK_383,55.4840594,10.2553321
DK_139,56.1965014,8.767696
DK_134,54.9380637,8.8629408
DK_264,55.3489261,12.2300148
DK_274,57.7259703,10.5844602
DK_275,57.1150165,8.6144947
DK_378,56.0211073,12.1951087
DK_103,56.9562093,8.6848749
DK_205,55.4061196,11.3525415
DK_393,55.2464268,9.3082416
EE_44,59.4372155,24.7453688
EE_217762,58.09399698,27.454708854
EE_40,58.77745335,24.8109553623394
EE_11,59.3548055,27.0409483
EE_31,58.582164743,24.788008861
ES_202925,37.3886303,-5.9953403
ES_206011,37.1215305,-5.4559583
ES_202531,41.65155182,-0.876947036
ES_327,39.869757,-4.035481
ES_326,39.9623605,-3.8829959
ES_1055,37.7222633,-3.9703241
ES_53,37.265491,-6.942441
ES_841,37.2056271,126.9846411
ES_202,43.5577345,-5.7229707
ES_204,38.52932,-75.543528
ES_205,38.52932,-75.543528
ES_628,22.9486468,-82.5966272
ES_93,38.096787,-3.7765601
ES_716,40.3837901,-3.4092281
ES_235,43.4370721,-3.5139242
ES_503,39.7126025,9.220704733
ES_686,39.6134574,3.1128071
ES_127,36.9251533,-2.460209
ES_709,40.367166,-3.4874435
ES_233,43.381554886,-3.220478709
ES_234,43.360992571,-3.504083771
ES_2,37.1215305,-5.4559583
ES_227344,41.9793006,2.8199439
ES_882,-2.7753844,107.6498703
ES_226684,39.96498639152542,-0.2610715915254237
ES_210703,41.6521342,-0.8809428
ES_222046,37.7222633,-3.9703241
ES_221201,42.6695386,-1.8620743
ES_519,45.240295,3.916216
ES_203622,40.0220526,-0.2782945
ES_204946,40.155220811,0.044922372
ES_205549,39.9621514,-0.2593846
ES_202021,39.9621514,-0.2593846
ES_206015,40.0746619,-0.2142146
ES_570,39.9372616,-0.1004465
ES_478,41.492527981,2.139133533
ES_218,43.39599605,-5.891682483
ES_357,40.0454287,-3.8354787
ES_685,39.469509515,3.148543059
ES_92,38.096787,-3.7765601
ES_298,41.1223601,-4.2652816
ES_124,38.096787,-3.7765601
ES_343,39.8113689,-4.1488803
ES_296,40.9962216,-4.1172031
ES_141,36.679957569,-6.146717162
ES_202305,39.985209439130436,-0.05755141304347826
ES_982,39.8532265,-0.1550092
ES_202307,9.7206635,-84.0581271
ES_208782,39.808205,-0.1452657
ES_602,39.1857839,-0.4778181
ES_603,39.3898826,-0.7104878
ES_541,39.9860347,-0.0377354
ES_696,42.1785741,-1.7492454
ES_468,41.4765136,1.9832978
ES_440,42.2437379,1.9749329
ES_785,43.1992503,-2.0741092
ES_277,42.354244566,-3.655315165
ES_212500,41.2426301,1.2488953
ES_205814,43.4014589,-3.7366678
ES_948,41.124562175,1.17777995
ES_210605,42.1264892,-1.1382958
ES_258,42.354244566,-3.655315165
ES_28542751,40.4167047,-3.7035825
ES_90023,40.2508847,-3.8270997
ES_84435890,41.4870645,-2.5335988
ES_207559,39.9860347,-0.0377354
ES_58842170,42.2132951,2.5134302
ES_17674151,-33.552368,-70.769938
ES_880,41.6494075,-0.776284
ES_90063,39.3899806,-3.2101376
ES_411,41.1172364,1.2546057
ES_644,42.644754465,-8.883073402
ES_205833,41.4979089,-0.1511751
ES_403,41.620982507,0.664382657
ES_402,41.785242,1.289032
ES_418,41.7361463,0.585933
ES_317,39.3899806,-3.2101376
ES_415,42.8126854,0.7118311
ES_448,42.2372601,2.7097379
ES_687,42.3560509,-2.4736796
ES_435,41.2083363,1.6730541
ES_47,36.212391575,-5.385443361
ES_173,40.9753365,-0.4442782
ES_436,12.83333,124.11667
ES_526,11.04599305,-85.4084304
ES_206169,37.343193503,-5.839991215
ES_46,37.265491,-6.942441
ES_431,12.83333,124.11667
ES_206167,36.182577619,-5.492666125
ES_270,42.6240882,-6.5629162
ES_647,43.45924106636364,-7.851070582727273
ES_90047,41.4299689,2.2209673
ES_1508,43.4502183,-7.853109
ES_43,36.9968699,-1.8946552
ES_206168,37.23471823,-1.85213619
ES_719,35.2919028,-2.9407146
ES_202390,39.2193056,-3.5027025
ES_219900,41.7633842,-2.4642041
ES_926,41.101515,1.200803
ES_417,41.6895041,2.4914526
ES_1030,40.189459461,-3.679430239
ES_1021,40.299360086,-3.83311344
ES_1062,42.007546297,-4.541802525
ES_320,40.0086075,-3.0102243
ES_15,38.217032733,-3.502645467
ES_90029,38.0195785,-3.7275997
ES_209582,37.844244529,-1.419724364
ES_210672,40.4167047,-3.7035825
ES_958,41.6298226,0.8937727
ES_210005,42.6855632,-2.9478451
ES_210062,40.4167047,-3.7035825
ES_206589,43.540759163,-5.686692081
ES_227045,42.7122661,-2.9180652
FI_601,61.1289148,21.5039401
FI_260,61.1289148,21.5039401
FI_258,61.1289148,21.5039401
FI_257,61.1289148,21.5039401
FI_261,61.1289148,21.5039401
FI_259,61.1289148,21.5039401
FI_256,61.1289148,21.5039401
FI_254,61.1289148,21.5039401
FI_210105,61.1289148,21.5039401
FI_218,64.9333388,25.4166674
FI_593,60.884323713,21.707587007
FI_592,60.884323713,21.707587007
FI_214320,63.750703953,25.321941141
FI_574,63.7485755,25.3194497
FI_575,63.7485755,25.3194497
FI_628,63.750703953,25.321941141
FI_210671,60.217204171,24.873163419
FI_6,61.4866126,21.7972071
FI_5,42.665869679,13.717870798
FI_572,65.5752942,28.2425866
FI_663,60.2526036,24.0684575
FI_570,63.0993728,23.0569547
FI_255,61.1289148,21.5039401
FI_221146,60.9412868,26.6195422
FI_569,63.750703953,25.321941141
FI_639,60.380281671,25.089271942
FI_498,46.818475985,-100.773255742
FI_269,66.5025657,25.73122
FR_617,43.4758249,5.1673492
FR_810,47.5941514,7.5794613
FR_731,48.8534951,2.3483915
FR_102,43.4339567,-0.6543572
FR_261,49.1094531,0.7143709
FR_1120,48.6474693,-0.942439
FR_166,48.27602735,-2.4890457794124003
FR_1050,47.0811658,2.399125
FR_49,49.889662,2.313374
FR_48,39.661404,-104.765664
FR_180,48.1243,-1.8183
FR_255,49.5188282,0.534411
FR_426,45.773606,4.9633314
FR_18,49.8038889,3.7875
FR_1125,45.5288401,4.6187386
FR_69,45.1287746,1.2273602
FR_491,49.1043397,6.7071754
FR_510,48.0474263,6.5780769
FR_902,50.7170841,2.2817948
FR_866,43.5402951,2.2634222
FR_10,49.4423,4.03772
FR_204319,43.4339567,-0.6543572
FR_415,45.7028321,4.8241323
FR_437,45.3575951,6.300967
FR_383,45.1053965,5.7485905
FR_875,43.1252298,0.384241
FR_604,43.2961743,5.3699525
FR_204318,43.42033235,-0.615214205804367
FR_205531,43.367242,-0.5887876
FR_205532,47.3285909,-2.1543171
FR_596,44.1371311,4.8078783
FR_936,50.2906747,4.0391856
FR_257,49.497632,0.237475
FR_72,45.0121558,-0.5291847
FR_823,47.5941514,7.5794613
FR_252,20.562222227,-100.397937023
FR_1016,-20.960407706770834,55.64668975
FR_727,48.8534951,2.3483915
FR_730,48.8588897,2.3200410217200766
FR_592,48.911729,2.334267
FR_757,48.911729,2.334267
FR_766,48.8122302,2.3872525
FR_728,48.8588897,2.3200410217200766
FR_591,48.7876,2.39164
FR_5,49.6148945,3.2189506
FR_900,50.2993922,2.8016229
FR_763,48.8125893,2.3570028
FR_1132,49.4011322,2.9882594
FR_201,45.808461,3.0559
FR_459,49.5339956,5.8023036
FR_586,43.5298424,5.4474738
FR_207223,50.2796417,3.9674127
FR_159,46.7831001,4.8534326
FR_1152,47.23005335,-0.7323695720236629
FR_206804,45.4972427,4.1670428
FR_626,30.461535671,31.168023529
FR_206305,48.8026,4.954608
FR_206303,48.8026,4.954608
FR_206047,50.2644717,3.9623154
FR_206065,49.2603613,6.1420739
FR_206041,38.2476506,-0.683286867
FR_482,49.2540313,6.1678213
FR_924,51.0509395,2.438674
FR_628,43.4380714,4.945595
FR_1011,50.7170841,2.2817948
FR_492,48.9998765,7.0299169
FR_198,46.3400296,2.6073963
FR_306,49.5188282,0.534411
FR_284,49.4404591,1.0939658
FR_210089,48.9146078,2.3821895
FR_210091,48.933784548,2.354961283
FR_210090,48.8965023,2.4019804
FR_210797,48.6937223,6.1834097
FR_462,48.6937223,6.1834097
FR_224786,48.6864409,6.2106707
FR_267,49.495881021,0.1275741
FR_126,32.500335,-96.836181
FR_702,48.6137734,2.4818087
FR_212800,48.5305465,-4.451225
FR_17,49.6825,3.5891667
FR_230009,45.2845907,5.8839432
FR_206282,,
FR_839,47.8730323,7.0316956
FR_206269,50.5977229,2.955471
FR_943,50.1486717,2.9068006
FR_54,49.93333,2.93333
FR_917,50.7276106,2.3695208
FR_206409,48.749049,7.560847
FR_206410,48.8920496,8.1067978
FR_206406,48.165441,7.5444161
FR_206408,48.4227385,7.6632641
FR_206411,48.584614,7.7507127
FR_281,49.0268903,1.1510164
FR_910,50.6915893,3.1741734
FR_934,50.6915893,3.1741734
FR_206309,48.468133949999995,3.735678558677572
FR_206829,48.7809496,2.1900052
FR_206831,48.7809496,2.1900052
FR_334,45.8354243,1.2644847
FR_726,48.9960813,2.3796245
FR_521,49.1469437,6.8184829
FR_744,48.8709053,2.2255727
FR_834,48.4623358,7.4817123
FR_669,48.539927,2.6608169
FR_204218,48.82188,4.2449
GB_196,53.2663,-2.535
GB_204463,57.1504091,-2.228431577
GB_8,57.1504091,-2.228431577
GB_204943,56.19201,-3.01268
GB_250,51.4398236,0.7620398
GB_92,51.40966,-0.52089
GB_872,53.6960957,-2.4665093
GB_592,56.3968414,-3.2309111
GB_383,54.0901747,-1.2016869
GB_290,52.7622274,-1.2954013
GB_291,52.7622274,-1.2954013
GB_17,57.19603099166666,-2.178381025
GB_16,57.144760333,-2.107723067
GB_117,52.274923033,-1.566136
GB_164,53.796953615,-1.426200515
GB_168,55.93199,-3.29975
GB_200,51.1894433,-1.0108419
GB_75,51.485587467,-0.639104
GB_255,52.9493812,-1.14105325
GB_382,51.77046785,0.46466977412300386
GB_430,51.8653705,-2.2458192
GB_476,52.4866553,-1.8909144
GB_477,50.932839633,-1.434203517
GB_502,43.03333,-2.41667
GB_511,50.4160585,-4.114495
GB_541,51.5074456,-0.1277653
GB_702,53.5227681,-1.1335312
GB_1260,54.6644646,-1.5556593559858647
GB_263,51.5814217,-0.3338207
GB_853,51.5428858,0.6859213
GB_265,51.5814217,-0.3338207
GB_774,51.5814217,-0.3338207
GB_264,51.5814217,-0.3338207
GB_555,51.581091,-0.337475
GB_1004,51.533543,-2.570758
GB_805,53.2048844,-3.0208441
GB_1024,52.295101225,-2.082303425
GB_1252,51.7862287,-2.6197115
GB_208262,51.5074456,-0.1277653
GB_687,54.564094,-1.3129164
GB_400,50.7003707,-1.2952039
GB_209662,51.28108,-0.79479
GB_209122,51.4185299,-2.2207096
GB_206641,51.2800275,1.0802533
GB_301,53.72987,-1.34286
GB_206182,53.1443785,-1.1964165
GB_206179,51.5074456,-0.1277653
GB_278,53.63313,-0.25219
GB_202656,57.143463668,-2.117392171
GB_210978,51.737663889,0.686556056
GB_211038,52.8003771,-0.1357492
GB_212522,53.79835,-2.22224
GB_209524,51.5074456,-0.1277653
GB_209525,51.5074456,-0.1277653
GB_210269,51.5911975,0.4810712
GB_211658,53.790280083,-1.207598933
GB_211518,51.524997,-2.68509395
GB_208810,51.5267833,-0.6333195
GB_211958,53.1871099,-2.42557
GB_212079,53.4462,-2.75625
GB_208362,57.14346366785715,-2.117392171428571
GB_21,57.1482429,-2.0928095
GB_62,57.1482429,-2.0928095
GB_198,54.36374585,-0.6735877
GB_1089,51.36216,0.7543299
GB_207363,52.527343,-1.9883303
GB_360,52.4876369,-1.9302035
GB_475,50.717275675,-3.507597925
GB_444,52.3877712,-1.9919778
GB_1091,55.8602489,-4.2307486
GB_96,53.67595,-0.52682
GB_91,52.37686,-1.28855
GB_942,51.4538022,-2.5972985
GB_943,53.72408,-1.2745
GB_69,51.6743499,-3.01469
GB_70,51.6743499,-3.01469
GB_871,51.179924,-3.3306406
GB_874,51.36404,0.75402
GB_202508,54.6179021,-1.0687914
GB_206090,54.58409,-1.11438
GB_180,52.6445891,1.25689665
GB_203794,54.58825,-1.27334
GB_208823,54.58409,-1.11438
GB_206133,36.142106895,-5.352858647
GR_8,40.6403167,22.9352716
GR_210534,40.7829027,21.4138858
GR_204621,39.103232,22.290607
GR_218060,39.2949611,22.384792
GR_204622,38.494349,23.163391
GR_51,38.3731756,22.6806933
GR_115,37.9769691,22.760859
GR_98,39.5560869,21.7678844
GR_65,38.0850569,23.7059206
GR_222270,40.5146139,21.6812621
GR_19,40.82969535,21.554437192666583
HR_206263,45.4892522,15.5486303
HR_204107,45.483097,16.7755908
HU_83,47.7104229,18.0156133
HU_74,46.8415803,16.8456316
HU_75,47.4978789,19.0402383
HU_76,46.4548261,16.9923923
HU_206949,47.6363332,19.3116981
HU_118,47.8930868,17.1999042
HU_117,48.1970929,22.5309278
HU_119,47.8875203,20.9656309
HU_120,47.4431291,21.3902995
HU_1005,46.1286819,18.7749192
HU_121,46.816342,19.760173
HU_211679,46.2440484,20.723398
HU_54,47.3171992,18.9120948
HU_193,47.531399,21.6259782
HU_206134,47.601529,19.3476981
HU_59,47.8989887,20.3743665
HU_234,47.4978789,19.0402383
HU_236,47.4978789,19.0402383
HU_10,47.7272163,18.2619857
HU_147,48.1030643,20.7900429
HU_73,47.7782873,19.1278294
HU_109,47.4431291,21.3902995
HU_237,46.6229468,18.8589364
HU_161,47.3819327,17.6994996
HU_183,46.2546312,20.1486016
HU_151,47.0374257,19.7863141
IE_98,52.2609997,-7.1119081
IE_71,53.1981624,-8.5690594
IE_90,,
IE_210246,53.400360750000004,-6.209491170965708
IS_201349,62.296779353,-6.527418279
IS_210153,66.0433168,-17.3410402
IT_1108,44.2855555,11.8832055
IT_1117,45.121059,8.796245
IT_768,45.7336026,9.730494
IT_1135,46.247185200000004,13.0696370223726
IT_920,45.8285392,8.6500523
IT_634,44.695819999,8.02930466
IT_134,45.48340838,9.405226608
IT_1230,45.144330499999995,9.855214994409522
IT_495,41.9562688,15.034344
IT_360,43.5781353,13.3527346
IT_323,44.8224156,10.889199
IT_715,41.511422,14.062517
IT_642,44.695819999,8.02930466
IT_148,45.695982,9.734955
IT_113,45.571393122,8.950727067
IT_898,45.1372206,7.7712531
IT_890,43.341715,11.92378
IT_770,45.60905285,9.533557417255022
IT_766,41.7447015,13.1526343
IT_786,45.479379267,9.191002911
IT_25,45.0677551,7.6824892
IT_26,45.0677551,7.6824892
IT_1024,44.5034615,10.9432999
IT_672,45.4653931,8.8838429
IT_1084,41.4471008,12.6285618
IT_965,41.186815,14.093722
IT_970,44.5034615,10.9432999
IT_991,44.709839,7.686329
IT_1009,46.1321629,9.5694656
IT_1246,45.0677551,7.6824892
IT_85,44.415324194,8.908989063
IT_322,44.6978389,10.6304971
IT_27,45.0677551,7.6824892
IT_132,45.5291504,8.7366656
IT_14,45.0004614,7.6847543
IT_973,44.784978519,10.350117477
IT_67,44.9130438,8.6154872
IT_591,39.0806223,17.127196
IT_875,40.7499887,14.5269491
IT_959,45.5860247,10.2878573
IT_494,41.484003598,14.472984316
IT_910,44.9493005,9.0361743
IT_443,41.8933203,12.4829321
IT_398,43.7697955,11.2556404
IT_800,42.969772,12.0863466
IT_801,44.3359819,8.3399306
IT_474,40.8869501,15.0840037
IT_201775,44.9267857,10.520223
IT_1236,46.0634632,13.2358377
IT_788,45.479379267,9.191002911
IT_780,45.6658505,12.2455414
IT_777,44.495430144,11.348344556
IT_207342,45.6487941,11.7835801
IT_789,44.9130438,8.6154872
IT_782,45.562657848,11.94067597
IT_781,46.050768,11.117367843
IT_1243,44.393076133,8.999212825
IT_1,44.917042,7.484321
IT_208502,45.1909588,7.8871864
IT_791,41.1257843,16.8620293
IT_1058,42.46499583,14.21274358
IT_779,45.648227733,13.774434244
IT_775,44.831365262,10.3310633
IT_28,45.0677551,7.6824892
IT_680,45.0697151,7.5176764
IT_663,44.831261878,10.345204222
IT_321,44.6978389,10.6304971
IT_647,44.6978389,10.6304971
IT_1017,45.0677551,7.6824892
IT_997,45.062216948,7.586095995
IT_1128,44.6978389,10.6304971
IT_1147,45.052075372,9.691448876
IT_201507,44.8061116,11.7050131
IT_201420,43.60716547,13.469730235
IT_725,45.4985848,9.4242513
IT_842,45.1572133,9.3694691
IT_140,45.4972605,9.6437404
IT_854,45.284917,9.1421706
IT_726,45.383054093,9.66231969
IT_257,45.7494106,12.3193327
IT_222,45.5429525,10.8839737
IT_310,45.043941814,9.701129314
IT_258,45.8695205,11.9695508
IT_210125,45.200277,10.579383
IT_210415,45.5860247,10.2878573
IT_815,41.124901579,16.854256031
IT_155,45.429079,10.18437
IT_205172,45.5053097,10.1024645
IT_202277,42.5641417,12.6405466
IT_205592,45.8320236,13.2111453
IT_482,42.5827062,13.6325193
IT_1211,43.7697955,11.2556404
IT_201759,44.539143,10.8118482
IT_210938,45.1793292,9.6483958
IT_202199,41.5082727,15.3376465
IT_203935,45.0403699,8.9476057
IT_201845,45.0061458,8.9269892
IT_883,46.4829428,12.8653894
IT_208767,44.080761195,10.457624123
IT_682,41.549314,12.984893
IT_369,43.8150413,10.6743961
IT_876,39.291538,9.001542
IT_451,41.7027311,13.6378198
IT_376,43.895914375,10.555133138
IT_826,44.413634682,8.921773445
IT_227,45.5524745,10.7855782
IT_373,43.978948,10.545703
IT_1065,43.8420391,10.5735254
IT_202535,44.8861753,8.6829041
IT_217200,45.528554,9.2782244
IT_205661,45.1566683,10.7917191
IT_771,43.3185536,11.3316533
IT_785,45.479379267,9.191002911
IT_784,45.471304291,9.092428554
IT_834,41.8933203,12.4829321
IT_224324,38.1796251,15.3053316
IT_219040,38.1796251,15.3053316
IT_1039,40.723709,14.546538
IT_202523,42.626162754,13.922347023
IT_435,42.5641417,12.6405466
IT_80,44.479240138,12.208125209
IT_221380,45.4558605,9.3917427
IT_142,45.8159118,9.8681406
IT_70,44.7661658,8.8631749
IT_853,45.5946464,8.9181625
IT_841,45.0141141,9.1235778
IT_152,45.5971972,9.6948557
IT_430,42.969772,12.0863466
IT_291,,
IT_358,44.479240138,12.208125209
IT_141,45.703462,9.4815169
IT_1240,45.463664491,7.88093754
IT_462,41.033154188,14.38638797
IT_572,39.207031,8.380931
IT_416,43.5218737,11.4889722
IT_538,37.983651,13.695554
IT_529,39.595394198,16.645482877
IT_40,45.194729164,8.298096018
IT_468,40.9283217,14.2011232
IT_437,42.3515417,11.6072988
IT_953,44.904207712,8.664917613
IT_952,39.95352,15.9737191
IT_275,45.4371908,12.3345898
IT_276,45.453076339,12.303979422
IT_409,42.958256901,10.581394865
IT_426,42.9094087,12.5558159
IT_505,41.1257843,16.8620293
IT_88,44.112008169,9.829050959
IT_307,45.0590671,9.4341783
IT_405,43.561910825,10.321499675
IT_570,39.291538,9.001542
IT_546,37.2883127,13.52755
IT_439,42.0937524,11.7922462
IT_564,37.1579298,15.1860285
IT_573,39.207031,8.380931
IT_410,42.814147,10.3310261
IT_496,41.8005697,14.9107419
IT_87,44.413634682,8.921773445
IT_521,40.6375408,17.9454957
IT_539,38.4681846,14.9547202
IT_556,37.2369363,15.2196575
IT_317,,
IT_491,41.9962623,14.6775104
IT_549,37.5667573,14.2807473
LT_54,30.633369,-81.537728
LT_93,30.63726,-81.527536
LT_68,55.7127529,21.1350469
LT_91,55.7127529,21.1350469
LT_92,55.7127529,21.1350469
LT_55,55.7127529,21.1350469
LT_108,54.6870458,25.2829111
LT_16,54.6870458,25.2829111
LT_10,54.3647754,23.811876194048914
LV_66,44.870652,10.0753079
LV_100,44.870652,10.0753079
LV_40,55.888115904,26.50647815
LV_90,56.9685757,21.960778
LV_24,56.969441116,23.801785245
LV_59,57.06689,25.458464
DE_471,52.2514068,9.9679044
NL_206018,53.44847365,6.849962702578557
NL_288,52.5633577,5.9403387
NL_374,52.70199063488372,6.892827874418605
NL_289,51.80728,5.1789736
NL_220,51.98440275853658,4.371957441463414
NL_392,51.999902022,4.3698232
NL_376,52.29494746785714,5.183013760714286
NL_409,51.46458871363636,5.470800190909091
NL_435,52.7267711,5.1505431
NL_311,51.9930016,4.2074197
NL_294,52.253532854545455,4.7755079
NL_330,52.780215016666666,5.054640304761905
NL_375,51.981021864999995,4.19727869
NL_232,51.95766897307692,4.1959555153846155
NL_233,51.4164747,4.1812417
NL_72,51.47504863333333,5.657050721428572
NL_123,52.0064282,4.710231833333333
NL_321,52.0152893,4.2555884
NL_111,51.815283610526315,4.728403815789473
NL_166,52.215241524,6.818247192
NL_178,52.193513,6.8604753
NL_168,51.46217175526316,5.683568692105263
NL_177,51.5916661,5.0200348
NL_195,51.4392648,5.478633
NL_179,51.58325348181818,4.791063794545455
NL_176,51.61585765,4.7647229
NL_204761,,
NL_205957,53.44847365,6.849962702578557
NL_216240,51.426362,3.751678
NL_447,53.44847365,6.849962702578557
NL_366,51.237572934090906,5.599157875
NL_145,51.853969,4.670885
NL_92,51.84397983333333,5.8215259
NL_204521,51.8757624,4.2618477
NL_113,51.925385883333334,4.181580833333333
NL_204522,51.8757624,4.2618477
NO_64,46.939351,7.450358
NO_95,59.5415387,10.5569937
NO_61,63.4274654,10.5300119
NO_203892,67.3484259,15.5968083
NO_204075,69.2296016,17.9812966
NO_203880,61.7683359,5.2906103
NO_204073,47.40938465,15.27177155
NO_203890,60.4312911,6.4324249
NO_203893,40.891682507,20.66942742
NO_2,60.5139549,4.9093996
NO_216964,59.6608561,10.9995635
NO_210524,59.3549362,5.2785707
NO_3,52.6702278,4.7011616
NO_38,59.3549362,5.2785707
NO_11,58.4515121,6.0007554
NO_4,67.2844313,14.3817503
NO_45,61.9254656,5.1471649
NO_30,60.1662082,10.255486
NO_60,32.997821,-115.4077613
NO_212301,,
NO_13,58.9699675,5.7318101
NO_14,58.9699675,5.7318101
NO_205943,58.9699675,5.7318101
NO_118,58.9699675,5.7318101
PL_221,50.8120466,19.113213
PL_828,51.9383777,15.5050408
PL_209,51.0674769,19.4446109
PL_34,50.9249236,22.229206
PL_293,49.7470465,21.4743139
PL_35,51.2204629,22.6998639
PL_210,50.7170854,23.2525711
PL_207,50.7170854,23.2525711
PL_152,51.9853172,22.7842492
PL_677,50.2621687,22.418892
PL_212,51.19298,22.06505
PL_211,50.294113,18.6657306
PL_198,50.1411926,19.4028502
PL_173,50.4875787,19.337879
PL_645,50.2780834,19.1342944
PL_250,52.98552,22.24117
PL_141,50.8424835,16.4870549
PL_140,50.8424835,16.4870549
PL_158,50.0514601,21.4104804
PL_115,51.2204544,18.5700965
PL_127,54.0764176,21.3752627
PL_283,51.2691209,16.7081404
PL_927,51.575634,17.669346
PL_804,52.7396681,14.7014522
PL_659,52.2319581,21.0067249
PL_225227,52.086325,16.6449995
PL_209964,52.5464521,19.7008606
PL_205709,52.8398486,15.8318163
PL_208182,52.6603872,19.071948
PL_455,52.5464521,19.7008606
PL_206787,51.4760675,17.3595057
PL_289,51.4171713,21.9720582
PL_448,50.5129102,18.7700989
PL_724,49.9778089,18.9423721
PL_771,50.273258287,18.942308745
PL_787,51.0518865,21.0761377
PL_58,50.1427812,21.4906079
PL_178,52.7309926,15.2400451
PL_200,50.1030516,19.3147486
PL_199,50.1411926,19.4028502
PL_213,51.0472338,20.8386652
PL_226,52.4448261,15.578637
PL_284,51.1089776,17.0326689
PL_330,54.2185923,16.0970023
PL_871,52.107683,19.9447873
PL_673,51.7624752,18.0895358
PL_599,53.0102721,18.6048094
PL_322,52.7687555,23.1925618
PL_151,50.4445194,18.8554757
PL_586,50.413485,21.7541268
PL_656,51.6639859,19.3535024
PL_663,50.0931922,19.0918262
PL_667,53.0983829,17.9153329
PL_215821,51.0311258,16.8842434
PL_231,52.8000429,21.897638
PL_279,53.0102721,18.6048094
PL_774,52.0893322,17.0156809
PL_633,52.5464521,19.7008606
PL_362,52.5464521,19.7008606
PL_925,52.5464521,19.7008606
PL_163,49.9112146,19.007564
PL_895,52.2319581,21.0067249
PL_660,52.2319581,21.0067249
PL_210474,50.9398768,21.38743
PL_768,50.023885953,19.942948411
PL_710,50.9438416,16.4923538
PL_737,54.0482576,21.1421611
PL_447,50.6528574,18.3831071
PL_209148,53.51725012,14.61939604
PL_202510,51.4171713,21.9720582
PL_880,52.5464521,19.7008606
PL_202473,52.5464521,19.7008606
PL_202471,52.6603872,19.071948
PT_157,39.47962,-8.53955
PT_142,39.47962,-8.53955
PT_189,39.6545418,-7.6723114
PT_205168,31.996166,-102.027937
PT_121,29.845675,-96.921395
PT_175,41.310209,-7.158157
PT_38,39.4147304,-8.8213206
PT_257,38.9930986,-8.9715412
PT_205,40.5138208,-8.4928163
PT_143,40.2105771,-8.2588888
PT_136,40.5369763,-8.4706548
PT_135,40.5369763,-8.4706548
PT_228,,
PT_226,,
PT_233,48.935121,18.140538
PT_123,46.30695,11.600466
PT_210,38.780934,-9.102654
PT_211,41.4417677,-8.2955712
PT_218,38.5170601,-28.3145171
PT_217,37.8225227,-25.5194914
PT_216,38.739237599999996,-27.156264396780458
PT_215,38.5368032,-28.630109
PT_146,41.3440057,-8.4772021
PT_272,38.8226851,-9.0978894
PT_273,37.956549,-8.8689639
PT_200,40.5299888,-7.8550987
PT_199,40.5299888,-7.8550987
PT_247,41.116092,-8.5763228
PT_72,39.246399,-9.24001
PT_77,40.7523494,-8.5703455
PT_79,41.4064621,-8.5187849
RO_160,45.415971573,25.537345781
RO_290,45.143715479,26.819788621
RO_144,45.697274,27.1856921
RO_213,44.4210557,24.3908228
RO_167,44.067314517,28.230580517
RO_163,46.9319894,26.3695046
RO_237,45.7261596,24.7028112
RO_206922,44.8719113,24.8449703
RO_109,44.15635759,28.61425373
RO_2,44.451120892,26.235730915
RO_48,46.550990208,23.783763452
RO_49,44.948575885,24.927858138
RO_76,47.1548208,27.6863313
RO_75,47.150957133,27.602056283
RO_102,44.4242557,24.3898761
RO_119,45.1743166,28.7551584
RO_126,47.647001,26.2522599
RO_291,44.9417468,26.0236504
RO_148,44.717002,26.6324066
SE_169,37.7886689,128.9186172
SE_482,57.496027949,14.128369786
SE_438,63.2888613,18.7160209
SE_451,60.6750132,17.1467019
SE_431,59.4661989,15.3650698
SE_450,58.8102946,15.4527909
SE_430,58.47048285,11.671076
SE_463,63.7025844,20.3130934
SE_461,58.133333,12.166667
SE_452,58.7093225,13.8228754
SE_453,58.7093225,13.8228754
SE_454,58.7093225,13.8228754
SE_205634,58.3581039,12.4003624
SE_795,55.9235165,14.2955222
SE_363,55.9994724,12.9651021
SE_360,47.042522,-68.139954
SE_67,56.672809,12.873349
SE_119,65.835667,24.1357213
SE_356,64.6876037,21.2363924
SE_372,60.6750132,17.1467019
SE_161,57.7913848,13.4130426
SE_529,59.816667,13.5
SE_465,58.8102946,15.4527909
SE_850,65.904746,18.7761442
SE_208942,55.4295203,13.8201171
SE_337,55.4295203,13.8201171
SE_511,55.433897,13.824583
SE_205652,55.4501852,26.1960256
SE_548,56.672809,12.873349
SE_206966,56.6739826,12.8574827
SE_68,56.6739826,12.8574827
SE_69,56.672809,12.873349
SE_203743,65.835667,24.1357213
SE_213160,65.8276565,24.1076159
SE_573,-9.651294,120.4634919
SE_123,62.6323084,17.9379914
SE_574,62.652493,17.892607133
SE_220200,62.6323084,17.9379914
SE_207022,62.6323084,17.9379914
SE_220100,55.4295203,13.8201171
SE_692,55.4295203,13.8201171
SE_693,55.4295203,13.8201171
SE_217500,65.835667,24.1357213
SI_78,46.5576439,15.6455854
SI_24,45.8040475,15.1696684
SI_3,45.99529,15.4775
SI_50,45.9580549,13.6474706
SI_76,46.3381954,15.4230172
SK_93,48.9344602,18.1200726
SK_213440,48.314750791,18.082165003
SK_92,49.0373979,18.2872704
SK_64,48.330373056,19.670559072
SK_63,48.4211522,19.7384063
SK_94,48.372598,17.59065
SK_13,48.5782517,19.1247135
SK_49,48.8922719,18.0387465
SK_172,48.62657655,18.369341217
SK_55,48.7314317,18.7626944
SK_58,48.7164472,18.5408304
SK_134,49.0541521,20.2976401
SK_143,49.1159316,18.4469936
SK_131,48.7514383,21.9211949
SK_66,47.7978002,18.7158785
AT_216,48.2083537,16.3725042
AT_140,47.4405481,15.2901669
AT_106,48.2043985,15.6229118
AT_222,47.86929769,16.060575099
AT_181,47.0726198,15.1262903
AT_84,48.2083537,16.3725042
AT_85,48.2083537,16.3725042
AT_18,48.2083537,16.3725042
AT_206825,48.2083537,16.3725042
AT_19,48.2083537,16.3725042
AT_86,48.2083537,16.3725042
AT_122,48.2083537,16.3725042
AT_20,48.2083537,16.3725042
AT_21,48.2083537,16.3725042
AT_219,48.2083537,16.3725042
AT_76,48.0015216,13.6125109
AT_80,48.0015216,13.6125109
AT_79,48.0072557,12.8951284
AT_78,47.905194,14.1244169
AT_149,48.0015216,13.6125109
AT_6,47.4691393,11.9845598
AT_139,47.4405481,15.2901669
AT_2,47.5354829,15.5113901
AT_24,47.86929769,16.060575099
AT_182,47.0644882,15.0850032
AT_23,47.86929769,16.060575099
AT_30,47.7260936,16.2153532
AT_7,48.3620058,14.0191063
AT_126,47.4121987,15.2721668
AT_206157,47.9733296,13.6049039
BE_203833,51.2211097,4.3997081
BE_203837,51.2211097,4.3997081
BE_215200,51.2211097,4.3997081
BE_203830,51.2211097,4.3997081
BE_205667,51.2211097,4.3997081
BE_98,51.3484804,4.6398673
BE_205,50.4712487,4.9947316
BE_45,50.2270943,5.3419568
BE_39,51.1727481,5.194138939365719
BE_42,51.2113458,5.422976
BE_189,50.56816,3.474216
BE_137,50.8128396,3.3331679
BE_209,40.8349546,44.4265833
BE_238,50.4116233,4.444528
BE_205717,50.5368559,5.2143865
BE_206989,50.8806901,4.5029559
BE_72,50.9654864,5.5001456
BE_136,51.082720333,3.4380484
BE_164,50.7291681,5.3530675
BE_190,51.0538286,3.7250121
BE_6,50.8465573,4.351697
BE_203832,51.2211097,4.3997081
BE_203897,51.1704119,4.4566996
BE_203915,51.067503,4.836731
BE_7,50.8925777,4.3768928
BE_8,50.8925777,4.3768928
BE_9,50.8925777,4.3768928
BE_95,-34.5918656,-58.4321292
BE_121,51.1704119,4.4566996
BE_128,51.2211097,4.3997081
BE_226,50.5625055,4.2507809
BG_143,43.1932,25.36033
BG_117,41.9302645,25.9015211
BG_138,43.1932,25.36033
BG_31,42.0582493,25.5916466
BG_101,42.483935,26.5105553
BG_62,42.54616,22.96291
BG_118,42.2890477,25.9338724
BG_97,-2.863955,-78.988988
BG_123,37.851356,-87.525211
BG_223447,43.7022405,24.8357982
CZ_25,49.915274376,17.969491881
CZ_156,50.757878,14.5554953
CZ_267,49.9490296,14.5195304
CZ_104,49.975630857,16.406650713
CZ_201,49.1922443,16.6113382
CZ_207,49.3924646,13.3016237
CZ_337,49.7813749,14.1704372
CZ_384,49.1236142,16.3364832
CZ_166,49.2151907,15.8816091
CZ_387,48.7389045,14.493718
CZ_396,49.6274044,16.5218286
CZ_206,50.1513634,16.0776973
CZ_230141,50.01823977,15.783035971
CZ_253,50.1743688,13.4265963
CZ_329,50.4060716,14.0422063
CZ_336,49.1713381,14.5815038
CZ_334,48.7520911,16.3813119
CZ_409,50.6406644,13.8244461
CZ_263,50.66372218511685,13.791630392496925
CZ_262,50.634409807,13.842358911
CZ_415,49.9036643,18.3784118
CZ_330,49.7130556,13.0904847
CZ_206785,50.1466053,14.1026398
CZ_182,50.9124244,14.6194058
CZ_401,50.156961024,14.140546865
CZ_165,50.4116187,14.9031301
CZ_164,50.4185307,14.9138205
CZ_169,49.320418142,14.143118329
CZ_170,49.320418142,14.143118329
CZ_112,50.5266572,13.5719468
CZ_30,49.01165408420176,14.00684608558173
CZ_40,49.261277,13.9025043
CZ_416,49.1635733042677,14.588281021823471
CZ_285,20.986608,-89.601788
CZ_425,49.6822843,18.5412827
CZ_346,49.04242153032818,17.484178625122595
CZ_382,49.215414304,15.880743704
DE_1632,48.8754571,9.3978478
DE_974,53.3256109,8.4806296
DE_1094,53.447046018,9.988267886
DE_206791,49.5462349,8.6717458
DE_1521,53.054871288,8.895869681
DE_1518,53.054871288,8.895869681
DE_225429,49.7843626,12.307917
DE_5,48.1588645,12.8329419
DE_202796,52.6375777,13.2057511
DE_46,52.6375777,13.2057511
DE_205546,51.210338752,7.23203582
DE_203842,51.3323702,13.3382965
DE_203633,51.2527778,6.9777778
DE_203459,50.4391924,7.4023145
DE_204601,49.4772475,10.9893626
DE_202808,51.0654268,6.0984461
DE_206023,52.3479238,13.4119554
DE_219940,48.0039811,9.8233669
DE_1134,51.1592018,13.6819406
DE_1595,49.4892913,8.4673098
DE_1596,49.511409927,8.527179098
DE_219440,49.431099792,8.528270552
DE_204446,49.6356063,12.1640168
DE_131,51.242944346,7.075033677
DE_193,51.7510044,9.3965915
DE_4130,51.7510044,9.3965915
DE_198,50.779323884,6.228148154
DE_199,49.4892913,8.4673098
DE_200,50.865471005,7.039347323
DE_195,50.8684545,6.0950514
DE_235,50.5105578,11.1407613
DE_236,50.512282,11.2159084
DE_1889,50.908328858,11.575408513
DE_240,50.992696016,7.141909112
DE_241,49.3165553,8.433615
DE_242,53.4623324,12.0293606
DE_343,48.2592477,11.4354419
DE_362,50.6649,8.7637
DE_364,50.6739719,7.1930989
DE_437,42.657738,-83.037039
DE_453,51.7076224,7.3788047
DE_423,52.4937551,6.8861494
DE_202760,53.53082221,10.036097268
DE_202446,51.595332688,7.535931054
DE_203756,50.375664544,7.590012061
DE_203758,51.5975224,6.6811994
DE_205608,51.920855089,10.44984192
DE_361,48.733876087,11.196463658
DE_203754,49.7595157,10.9790956
DE_203643,53.507695118,8.600872014
DE_2797,49.4724349,8.6106455
DE_201895,52.446615326,13.45006046
DE_202852,51.0324743,6.9881194
DE_202389,53.607431588,9.42219174
DE_228705,49.947803,10.3363312
DE_227484,51.587313,10.6649031
DE_228704,49.947803,10.3363312
DE_228703,51.730773131,10.250083909
DE_779,51.4002384,8.0605908
DE_597,50.5749204,7.6250318
DE_602,50.7468554,6.4893293
DE_605,48.2896469,11.4695694
DE_615,50.781519662,6.459793687
DE_538,51.4813132,8.992125
DE_553,51.0865424,8.0894126
DE_497,47.8828325,11.914614
DE_496,47.8828325,11.914614
DE_566,50.3283544,7.2215134
DE_591,53.0586366,14.2840858
DE_590,48.5613407,11.2654488
DE_202756,53.0586366,14.2840858
DE_4153,49.893508525,7.900567411
DE_203215,50.019188663,8.224975754
DE_723,48.712157672,9.207755616
DE_635,50.938361,6.959974
DE_1860,48.7766852,12.8733655
DE_1286,51.537863255,7.224580413
DE_1735,51.8322137,6.2428283
DE_876,53.3427799,8.4209977
DE_885,53.027353,8.7497818
DE_954,50.65546,9.7764627
DE_884,50.1055002,8.7610698
DE_947,50.1055002,8.7610698
DE_910,50.0731304,8.8732839
DE_894,50.7361377,12.3763847
DE_964,51.213848243,10.550359829
DE_1035,50.1106444,8.6820917
DE_1294,48.1201191,12.3338335
DE_1142,50.1106444,8.6820917
DE_4169,52.1314783,11.6400789
DE_1465,49.4772475,10.9893626
DE_1244,50.3283544,7.2215134
DE_1269,50.781519662,6.459793687
DE_1655,53.53082221,10.036097268
DE_1714,52.6882194,13.1775867
DE_1851,51.451774239,7.261506634
DE_1654,50.7468554,6.4893293
DE_1651,50.7468554,6.4893293
DE_416,51.956874,7.0038803
DE_276,50.8402243,7.2127276
DE_282,51.4696137,6.8514435
DE_365,50.4147151,7.5190513
DE_358,50.0009915,12.0856433
DE_202818,49.2800542,11.4585353
DE_1502,52.6050782,11.8594279
DE_1127,51.0941825,11.0455513
DE_1554,49.42550069,11.053549242
DE_1576,51.8680114,13.9689477
DE_861,53.0586366,14.2840858
DE_1466,49.4772475,10.9893626
DE_1499,48.68362958,9.024007798
DE_1545,52.050180673,8.54720485
DE_1551,52.050180673,8.54720485
DE_1550,52.050180673,8.54720485
DE_1533,52.050180673,8.54720485
DE_770,49.7933723,9.9309779
DE_1315,49.7933723,9.9309779
DE_769,49.7933723,9.9309779
DE_1292,52.428911499,12.516732619
DE_1462,48.0648406,11.6647814
DE_1191,48.7171356,11.4940685
DE_780,47.6856552,9.8342247
DE_920,49.7933723,9.9309779
DE_1425,53.186348,10.7383218
DE_1445,53.1449761,12.3601617
DE_207675,,
DE_1449,51.1624368,13.9062996
DE_210397,51.521697961,7.087403539
DE_1124,51.0941825,11.0455513
DE_1391,52.488118515,13.385701574
DE_209423,51.683986385,7.880971344
DE_201553,50.6295189,12.5864926
DE_1837,52.2085731,7.0264443
DE_201341,53.4529,7.84016
DE_1091,52.2085731,7.0264443
DE_2597,48.1201191,12.3338335
DE_1838,49.555591,11.5363616
DE_1051,51.548532874,7.532152898
DE_1055,51.456174621,6.657492252
DE_220000,51.526917437,6.748173397
DE_206969,51.554278292,7.370802786
DE_1062,51.563499887,6.773190354
DE_217740,51.526917437,6.748173397
DE_1060,50.9169415,13.3428889
DE_1084,49.1123963,9.7369047
DE_210686,49.1123963,9.7369047
DE_1081,49.1123963,9.7369047
DE_1798,48.1201191,12.3338335
DE_1829,47.8864875,12.4175918
DE_1001,51.481914104,7.216746574
DE_966,51.481914104,7.216746574
DE_986,51.481914104,7.216746574
DE_1379,50.0826406,8.9837384
DE_1876,50.0826406,8.9837384
DE_1205,51.598497614,7.041382645
DE_201596,51.522762755,7.174279839
DE_1446,49.423638427,11.019970728
DE_1381,51.522762755,7.174279839
DE_1009,51.586168604,6.973609854
DE_1072,51.67499777,7.130309077
DE_1378,51.598497614,7.041382645
DE_1447,48.7652396,11.5340044
DE_1291,52.3756616,8.9668368
DE_1212,53.9535099,9.4586422
DE_1429,50.0826406,8.9837384
DE_4148,48.7706825,11.6167823
DE_965,51.618384249,7.193223596
DE_1004,54.2882722,9.6942571
DE_1290,51.554278292,7.370802786
DE_995,53.2357029,8.4571037
DE_1207,48.7706825,11.6167823
DE_1785,50.0826406,8.9837384
DE_1012,52.397126589,12.417536541
DE_1786,50.0826406,8.9837384
DE_1203,48.633762,13.1868461
DE_1787,50.0826406,8.9837384
DE_969,53.548937803,8.10645671
DE_1377,51.651468,7.3385906
DE_208968,51.651468,7.3385906
DE_977,50.819983968,10.239002583
DE_973,50.908328858,11.575408513
DE_948,50.1055002,8.7610698
DE_893,50.0171926,8.784277
DE_879,53.2954396,9.2816165
DE_854,51.953134876,7.663688975
DE_842,51.953134876,7.663688975
DE_865,52.343363594,14.54702725
DE_866,52.343363594,14.54702725
DE_4111,53.1283992,7.9855044
DE_1393,52.276167978,8.078681746
DE_645,49.228039188,6.975742761
DE_877,51.2315438,8.9052065
DE_738,51.2315438,8.9052065
DE_1261,53.05098446,8.736174394
DE_1641,53.554048354,8.576337287
DE_1589,53.554048354,8.576337287
DE_1688,50.9616923,13.9386643
DE_1668,50.019188663,8.224975754
DE_661,51.849727526,11.583774077
DE_1740,52.6050782,11.8594279
DE_1795,52.1314783,11.6400789
DE_1796,52.121520261,11.635471314
DE_206986,49.228039188,6.975742761
DE_1744,49.228039188,6.975742761
DE_1833,50.938361,6.959974
DE_1834,50.3378528,7.9119155
DK_202613,-34.5219585,-58.7533815
DK_67,56.189893,10.690586
DK_366,55.4565009,12.1818964
DK_368,55.565268,9.7562169
DK_147,55.9065375,8.5192054
DK_226,55.5084661,11.2927612
DK_9,47.233008,9.023602
DK_318,55.4284473,9.2889565
DK_355,54.31744,10.04901
DK_320,54.9065871,9.6032632
DK_172,56.1220185,10.1596948
DK_170,56.185031,10.218458
DK_171,56.1220185,10.1596948
DK_169,56.1496278,10.2134046
DK_173,56.148666,10.134548
DK_277,55.4664892,8.4520751
DK_307,55.6833793,11.0993619
DK_205625,55.3601453,10.3502281
DK_69,-34.5219585,-58.7533815
DK_314,55.8417752,12.063595
DK_18,55.6235883,8.278167
DK_111,57.1665803,10.1465801
DK_179,55.2500715,9.4997871
DK_178,55.2500715,9.4997871
DK_345,55.6833793,11.0993619
DK_261,55.3601453,10.3502281
DK_315,-29.278079316,-65.058680027
DK_79,57.5908031,9.9649737
DK_278,56.1496278,10.2134046
DK_243,55.6441712,12.4772091
DK_94,56.1379757,8.9746623
DK_93,56.1379757,8.9746623
DK_92,56.1379757,8.9746623
DK_227,51.091165,7.190541
EE_224193,59.268476631,27.923967487
EE_206191,59.268476631,27.923967487
EE_206916,59.305707850000005,27.936232938331088
EE_1,59.35893915,28.128462052380954
EE_2,59.268476631,27.923967487
EE_37,59.501957803,26.523652429
ES_517,41.4765136,1.9832978
ES_618,38.9117405,-0.5405452833333333
ES_1038,43.120095111,-2.418152233
ES_862,38.039264664,-4.052491586
ES_1060,37.387395,-4.7716241
ES_1025,40.4167047,-3.7035825
ES_681,39.5695818,2.6500745
ES_140,36.7213028,-4.4216366
ES_441,41.53,1.684787
ES_585,39.150393948,-0.437253626
ES_454,41.5551874,1.6747485
ES_578,39.451288,-0.37005
ES_1059,41.9797495,-1.444881
ES_819,41.5551874,1.6747485
ES_455,41.5551874,1.6747485
ES_456,41.3169975,1.1771329
ES_786,43.2661107,-1.9747419
ES_227276,37.9923795,-1.1305431
ES_808,43.303062,-3.0392135
ES_655,43.502523011,-8.189554422
ES_587,44.342819923,7.834032173
ES_208983,39.665270326,-0.223930432
ES_227342,37.3886303,-5.9953403
ES_210557,43.4878428,-3.6630481
ES_210615,41.4870645,-2.5335988
ES_212921,40.498763844,-3.372036385
ES_205783,39.9435743,-0.0634783
ES_25,37.2003677,-4.7772857
ES_90046,38.62162218373,-6.795368491011602
ES_90072,36.9193102,-6.0764057
ES_211118,41.3825802,2.177073
ES_407,,
ES_90032,49.782083,4.297488
ES_316,40.8440751,-1.888874
ES_1010,43.1626367,-8.503475747510887
ES_41,37.251136162,-3.750991945
ES_428,40.812732273,0.521912553
ES_950,39.784489,-0.893066
ES_949,41.5393484,2.2130934
ES_313,39.1286071,-3.0903226
ES_90044,37.8845813,-4.7760138
ES_429,41.5485218,0.8245593
ES_700,40.459916491,-3.589216209
ES_725,37.690672425,-1.060363414
ES_727,38.565704,-75.389422
ES_265,41.8548465,-1.9214614
ES_90065,37.6949622,-5.2804262
ES_678,38.910072,1.430454
ES_680,39.8532473,3.1212505
ES_676,39.5695818,2.6500745
ES_1509,39.618507067,2.6597434
ES_677,38.701345668,1.424071446
ES_679,39.9115105,4.281747517
ES_704,40.4167047,-3.7035825
ES_995,33.74343,-103.58635
ES_501,41.492527981,2.139133533
ES_555,40.1126075,-0.0541178
ES_206310,40.0746619,-0.2142146
ES_202441,39.9621514,-0.2593846
ES_202442,39.9621514,-0.2593846
ES_202524,40.3436719,-1.1081939
ES_202474,40.0607474,-0.1373779
ES_536,39.9288397,-0.1974253
ES_484,41.7294989,0.4404763
ES_385,41.740166375,1.48996215
ES_215,43.2950131,-5.683431
ES_123,38.096787,-3.7765601
ES_286,41.3577746,-5.7252637
ES_535,39.9621514,-0.2593846
ES_538,40.1126075,-0.0541178
ES_986,39.9372616,-0.1004465
ES_991,39.9372616,-0.1004465
ES_122,38.096787,-3.7765601
ES_591,38.436906,-0.6396687
ES_661,43.296705,-8.3200589
ES_356,40.0454287,-3.8354787
ES_190,41.6521342,-0.8809428
ES_213800,40.8917054,-0.3821184
ES_204941,44.227583302,2.506666632
ES_206979,40.0746619,-0.2142146
ES_202016,39.9435743,-0.0634783
ES_206381,40.0746619,-0.2142146
FI_504,62.6005753,29.7622128
FI_525,63.0957722,21.6159187
FI_469,38.0060987,-7.8715499
FI_206314,60.5688901,27.1881877
FI_222,62.7255326,29.0186972
FI_420,61.4926394,23.5292728
FI_220810,61.8041608,22.3937178
FI_203668,60.4674228,26.9450844
FI_472,61.46455045,27.266106651043053
FI_104,61.869874,28.880045
FI_418,60.5154611,26.9354215
FI_358,63.0957722,21.6159187
FI_148,62.8924601,27.6781839
FI_149,62.8924601,27.6781839
FI_534,62.8924601,27.6781839
FI_147,62.8924601,27.6781839
FI_152,62.8924601,27.6781839
FI_630,62.8924601,27.6781839
FI_154,62.8924601,27.6781839
FI_153,62.8924601,27.6781839
FI_519,42.665869679,13.717870798
FI_522,61.4866126,21.7972071
FI_523,60.3363011,25.5887877
FI_518,60.3479805,25.4765342
FI_517,62.2100929,27.6890153
FI_524,60.9966192,24.465141
FI_521,60.4688687,22.0291149
FI_520,60.455286242,26.218780848
FI_602,60.170133733,24.94222015
FI_201724,60.8155736,23.629833
FI_528,60.617033,25.2410565
FI_205,63.930013344,24.962841488
FI_652,63.930013344,24.962841488
FI_610,65.819805096,24.173786313
FI_48,65.8457589,24.1464
FI_505,62.8924601,27.6781839
FI_141,60.5154611,26.9354215
FI_481,60.4674228,26.9450844
FI_142,60.4674228,26.9450844
FI_144,60.5154611,26.9354215
FI_143,60.4674228,26.9450844
FI_557,60.4674228,26.9450844
FI_606,62.8778892,24.8007998
FI_151,62.8924601,27.6781839
FI_150,62.8924601,27.6781839
FI_204,63.930013344,24.962841488
FI_542,63.930013344,24.962841488
FI_203,63.930013344,24.962841488
FI_206,63.930013344,24.962841488
FI_223,62.7255326,29.0186972
FI_225,62.7255326,29.0186972
FI_206137,62.2417066,25.7495727
FI_206126,62.2417066,25.7495727
FR_605,43.757731,-75.532708
FR_682,48.9461437,2.1450951
FR_130,48.9297086,0.1970867
FR_450,49.1714752,5.9697458
FR_911,51.020070947,2.335942238
FR_63,49.7652778,3.3763889
FR_1121,48.8352725,-1.1905617
FR_1023,43.604007,-93.283565
FR_844,47.7467233,7.3389937
FR_770,48.7876,2.39164
FR_897,50.2988884,3.3909158
FR_330,45.545591,2.3119397
FR_66,44.8538889,0.6902778
FR_930,50.6953487,5.7536486
FR_858,44.9272061,1.8451434
FR_201650,50.4491519,3.4281142
FR_363,47.020885,9.425703
FR_1022,47.7470598,5.7321403
FR_385,45.1236837,5.6978136
FR_353,45.8333,4.97709
FR_1100,45.1875602,5.7357819
FR_411,45.8233151,4.8403434
FR_901,50.6691577,3.1312447
FR_974,50.6093554,2.9864421
FR_1010,50.6093554,2.9864421
FR_1015,-21.286873772916664,55.406714279166664
FR_344,45.1784989,4.8157825
FR_1135,49.892081939,2.299024273
FR_854,47.7888815,7.5094906
FR_816,47.6054816,7.5696755
FR_833,47.716560650000005,7.329411448629806
FR_497,48.1179292,6.5279153
FR_250,48.492439,3.4978181
FR_364,45.2023158,4.8144436
FR_22,49.3663889,3.3933333
FR_842,48.584614,7.7507127
FR_387,45.5302714,4.9126188
FR_205787,46.1611691,2.8345577
FR_144,46.7831001,4.8534326
FR_351,45.900561,5.344783
FR_233,49.0233628,4.0472731
FR_9,49.404961,3.3201048
FR_406,45.5549769,4.1248446
FR_864,45.80111,9.4621
FR_1032,45.6738081,-0.3151879
FR_583,48.041107,-0.4770755
FR_880,43.1979551,1.0102826
FR_279,49.4938975,0.1079732
FR_155,47.799894,4.0886917
FR_593,50.4073056,1.9650258
FR_358,44.6571316,4.7625644
FR_534,48.1148183,-1.027305
FR_789,43.0203536,3.046461
FR_360,44.5493789,4.6829629
FR_410,45.8563065,4.683398
FR_639,43.3989529,5.3663965
FR_1029,45.608673,0.1013099
FR_214783,49.2577886,4.031926
FR_585,43.6869938,5.7077225
FR_794,44.160481,4.6235831
FR_209684,48.724051,2.0839562
FR_432,45.7954913,4.789458
FR_20,49.3837621,3.327613
FR_206131,45.6638963,4.9570975
FR_206313,49.0874343,2.0658319
FR_205967,43.3606788,3.4263361
FR_206166,48.7261677,4.5851501
FR_206175,43.5236127,-1.4857538
FR_1065,47.3898152,0.7189761
FR_207324,45.7774551,3.0819427
FR_205461,48.706289,-0.3245044
FR_206387,46.6612167,-0.0034287
FR_206361,50.4245,2.7738
FR_399,45.5390449,4.6485543
FR_139,46.8054064,4.4285961
FR_913,51.032749,2.370339
FR_614,43.397499,5.033925
FR_206302,48.59263,2.06433
FR_206292,43.64385988447868,5.363677150639197
FR_206291,46.5676568,3.3539775
FR_206312,48.7316381,2.3268669
FR_849,48.584614,7.7507127
FR_769,48.7876,2.39164
FR_206150,43.8908652,4.6810542
FR_724,43.37862,-124.13216
FR_711,48.7393,2.37502
FR_644,48.9351403,2.4258354
FR_1160,49.0172102,2.5910318
FR_286,,
FR_2,50.012241,3.7004563
FR_122,49.5234364,-1.5926491
FR_715,48.681708,2.1701573
FR_288,49.5050047,0.298627
FR_210433,47.8340055,-3.1583936
GB_209971,53.0234878,-1.3671536
GB_860,52.4958699,-2.00585
GB_202711,51.5074456,-0.1277653
GB_1112,51.5074456,-0.1277653
GB_209323,51.803136565,-3.233316847
GB_207664,52.552886,-1.510981
GB_442,53.4071991,-2.99168
GB_262,52.4379133,-1.774095
GB_332,52.5137783,-1.8025132
GB_349,52.3885873,-1.5866366
GB_204,53.1439168,-2.3622625
GB_191,52.3885873,-1.5866366
GB_217,52.36590745,-0.69612035
GB_242,51.5083399,-0.12299
GB_1040,52.23144905,-0.89833355
GB_207566,53.74633,-1.86322
GB_206914,51.5074456,-0.1277653
GB_203,52.3885873,-1.5866366
GB_339,52.3885873,-1.5866366
GB_155,52.3885873,-1.5866366
GB_154,52.3885873,-1.5866366
GB_140,51.5074456,-0.1277653
GB_1068,51.3883811,0.504925
GB_78,51.66142,-0.02339
GB_132,52.3885873,-1.5866366
GB_208827,50.84517,-1.08241
GB_208824,53.77418,-1.04328
GB_208883,53.77971,-1.74484
GB_307,54.5760419,-1.2344047
GB_1050,54.879509,-6.233145
GB_1078,56.48202,-2.89187
GB_1041,57.69411,-4.15647
GB_1251,56.0258267,-3.84764575
GB_259,55.25,-2.000559
GB_517,51.5074456,-0.1277653
GB_133,51.5483256,-1.8459723
GB_178,51.5483256,-1.8459723
GB_153,51.5483256,-1.8459723
GB_1102,51.6754422,-4.9144858
GB_920,53.298993,-2.915815
GB_156,51.5483256,-1.8459723
GB_682,55.945100433,-3.189780167
GB_681,55.92304616,-3.17423192
GB_738,51.2715316,-0.3414523511290909
GB_210464,52.72744495,0.3839858
GB_345,51.5483256,-1.8459723
GB_188,51.5483256,-1.8459723
GB_209902,53.58272,-0.10347
GB_753,50.9025349,-1.404189
GB_654,55.86403,-4.23566
GB_206094,39.5506029,-90.4801247
GB_602,56.0701208,-3.9087351
GB_327,51.5074456,-0.1277653
GB_1247,53.4794892,-2.2451148
GB_542,53.4597954,-2.2180273
GB_540,53.51788,-2.2295
GB_543,51.5074456,-0.1277653
GB_1269,51.5188937,-0.143164233
GB_1267,53.4729696,-2.2981466
GB_448,52.9534193,-1.1496461
GB_371,51.5074456,-0.1277653
GB_206177,51.5074456,-0.1277653
GB_205146,55.7692442,-2.0026472
GB_842,56.18944,-3.057004
GB_210983,39.776766,-95.227329
GB_210981,57.52218,-4.47821
GB_210982,57.702067,-3.488688
GB_204723,57.598672,-3.319257
GB_202391,50.8546078,-1.174161108647357
GB_210918,51.5074456,-0.1277653
GB_836,55.083333,-3.833333
GB_211178,53.5621,-2.79973
GB_206938,51.141304467,0.916446733
GB_703,51.5813599,0.4052799
GB_1018,56.11053,-3.92343
GB_922,51.5049859,-3.5756674
GB_205930,50.8113739,-3.4276813
GB_5,57.19603099166666,-2.178381025
GB_1106,54.5760419,-1.2344047
GB_1107,51.5414239,-0.3688744
GB_106,51.8635902,-0.4085085
GB_252,51.8653705,-2.2458192
GB_1046,51.2294852,-2.319846671158359
GB_344,54.564094,-1.3129164
GB_356,53.777778,-2.576444
GB_419,51.4564242,-0.9700664
GB_1009,52.74309,-1.1205099
GB_1011,52.84399,-1.1778
GB_1014,52.84399,-1.1778
GB_1012,52.84399,-1.1778
GB_1013,52.84399,-1.1778
GB_468,52.0406502,-0.7594092
GB_494,54.8892391,-1.3811365
GB_496,52.2055314,0.1186637
GB_546,43.03333,-2.41667
GB_581,51.8653705,-2.2458192
GB_587,54.496068,-6.739153
GB_472,52.5024733,-2.12124055
GB_599,55.93199,-3.29975
GB_616,56.16884,-3.30587
GB_652,55.8827454,-4.3155378
GB_1258,,
GB_629,58.9816049,-2.960369
GB_630,58.205111,-6.374857
GB_628,57.370004,-7.288764
GB_653,55.8827454,-4.3155378
GB_651,55.8827454,-4.3155378
GB_136,51.5483256,-1.8459723
GB_1080,53.07315,-0.85887
GB_139,51.5483256,-1.8459723
GB_160,51.5483256,-1.8459723
GB_370,50.8504884,-1.3778588
GB_768,53.63687,-0.62934
GB_411,54.564094,-1.3129164
GB_778,52.6285576,1.2923954
GB_1248,53.1357303,-1.2358982
GB_201456,51.5074456,-0.1277653
GB_1114,52.910769169,-1.513825592
GB_201440,52.582892875,-1.998394262
GB_822,52.552886,-1.510981
GB_929,51.41852,-0.98078
GB_923,43.653005,-95.578358
GB_1104,51.70150925,-4.928156016200212
GB_903,51.37889,-2.14073
GB_847,53.74116,-1.7552
GB_1094,53.3809308,-2.571668033
GB_852,53.69317,-1.30798
GB_678,36.142106895,-5.352858647
GB_207729,36.142106895,-5.352858647
GB_206991,36.142106895,-5.352858647
GR_142,40.6403167,22.9352716
GR_22,41.1182,25.4035708
GR_20,42.517638,-82.927526
GR_26,36.394631,28.156611
GR_218501,38.935522,24.522407
GR_28,37.444567,24.9423162
GR_18,37.4101432,22.127238602740345
GR_14,40.3007259,21.7883119
GR_15,40.3007259,21.7883119
GR_167,36.978606,24.7248106
GR_21,37.72126061375002,24.052666849574802
GR_34,38.025234,23.668671
GR_44,37.039082,37.321395
GR_13,40.5146139,21.6812621
GR_27,39.1037355,26.554788
GR_218500,46.970743,-1.273458
GR_31,38.3722387,26.132979
GR_35,37.446101,25.334504
GR_38,39.8808792,25.0666139
GR_43,37.62297899032258,26.273340577419354
GR_210616,36.394631,28.156611
GR_39,36.70934405,24.506833813253667
GR_23,38.4097182,24.03767
GR_32,37.802921,26.851676
GR_41,35.537138,27.17672
GR_168,37.29655493333333,26.542260026666668
GR_46,35.139596,-91.315005
GR_25,34.239359,-95.067786
GR_24,35.30968015,24.982200001160656
GR_12,40.5146139,21.6812621
GR_30,36.8493151,27.076418
GR_36,36.4149227,25.4324527
GR_16,40.7829027,21.4138858
GR_124,39.6234586,22.392669025
GR_180,39.3810537,22.7458478
GR_176,41.084712595,23.544877845
HR_206102,45.4892522,15.5486303
HU_51,46.9649048,18.9405047
HU_249,47.2006176,18.1399782
HU_85,47.7450853,18.5015732
HU_205815,48.24945,20.64589
HU_162,46.2546312,20.1486016
HU_201649,47.687609,17.6346815
HU_67,47.2291184,16.6187625
HU_36,47.4978789,19.0402383
HU_104,47.4978789,19.0402383
HU_82,47.84566584,21.429924155
HU_56,47.3576246,21.2742641
HU_86,48.1030643,20.7900429
IE_15,53.3302722,-8.221376
IE_80,52.6506255,-7.2514438
IE_117,53.2922794,-6.1360079
IE_107,52.9881548,-6.0525889
IE_128,53.3433656,-7.0488576
IE_23,51.899076,-8.467932
IE_44,53.1568465,-6.9117199
IE_24,53.3219624,-6.3942689
IE_223398,52.834482,-6.929277
IE_79,52.65076,-7.247443
IE_81,48.6721731,-3.3457423
IE_207487,52.6506255,-7.2514438
IT_188,45.1334796,10.0248716
IT_551,37.5023612,15.0873718
IT_832,40.946322,15.67266
IT_485,42.267138,13.999806
IT_304,45.617409401,13.807281547
IT_545,37.2883127,13.52755
IT_477,40.68384268,14.78293206
IT_280,45.2417684,11.7508534
IT_177,45.089476573,9.273393845
IT_594,38.6748544,16.0985276
IT_49,44.3286517,7.4874561
IT_487,42.3446529,14.1659738
IT_749,45.4653931,8.8838429
IT_339,44.3409877,11.204782
IT_450,41.7027311,13.6378198
IT_452,41.488424817,13.835759965
IT_384,43.8401177,10.6164074
IT_691,44.0634029,12.4467143
IT_353,44.745678,11.943521
IT_622,44.513377338,11.988841412
IT_669,46.2798623,10.2584412
IT_548,37.0664363,14.2502445
IT_394,43.937616125,10.917097597
IT_544,35.511134150000004,12.59629135962961
IT_793,42.213035,13.826202
IT_32,45.0677551,7.6824892
IT_502,41.452817367,15.55716
IT_399,43.7697955,11.2556404
IT_183,44.9926704,9.0086667
IT_250,45.5488306,11.5478825
IT_234,45.5524745,10.7855782
IT_1079,44.2855555,11.8832055
IT_1093,39.0354447,16.9792627
IT_1109,45.6183103,9.2081245
IT_1198,40.5302405,15.1310307
IT_1049,44.479240138,12.208125209
IT_207573,45.876571531,8.406341032
IT_1158,41.456387251,15.538096973
IT_215360,40.6908078,15.2317822
IT_230,45.398278687,10.985306644
IT_231,45.416680508,10.964574371
IT_228,45.444868357,11.023172422
IT_659,45.5488306,11.5478825
IT_1080,45.444868357,11.023172422
IT_229,45.466970659,10.964586276
IT_211699,45.5978467,9.07803338
IT_222565,42.3515417,11.6072988
IT_221923,37.983651,13.695554
IT_83,44.573483,8.9433002
IT_202105,45.675678,9.391148
IT_205492,45.8320236,13.2111453
IT_204441,45.422549954,11.91324497
IT_204443,45.600689,10.852482
IT_204442,45.7139649,10.3436976
IT_209748,45.64685,10.3884485
IT_209747,46.0533463,11.4566004
IT_175,45.6618702,10.1958762
IT_282,45.418316704,11.882595446
IT_68,44.904207712,8.664917613
IT_207768,45.5713541,12.108383
IT_210014,45.311968,9.260052
IT_210667,40.648139833,14.829289369
IT_1161,44.833904769,11.605021298
IT_356,44.513377338,11.988841412
IT_560,37.1579298,15.1860285
IT_571,39.2261625,9.112542967
IT_520,40.6375408,17.9454957
IT_554,36.9256833,14.7307456
IT_565,40.8370333,8.4013292
IT_271,45.453076339,12.303979422
IT_195,45.1566683,10.7917191
IT_381,44.080761195,10.457624123
IT_382,43.847934691,10.506398186
IT_458,41.51242,13.770011
IT_657,45.828081,9.342944
IT_30,45.0677551,7.6824892
IT_688,45.562657848,11.94067597
IT_750,46.0838843,12.0432384
IT_209,46.070044796,10.927627267
IT_139,45.691379,9.472649
IT_574,39.483242,9.03464
IT_440,41.727033,13.0041576
IT_526,40.667029,16.6063265
IT_527,39.8119315,16.2026124
IT_216620,46.0328837,11.0034845
IT_536,38.198295,13.2473444
IT_173,45.5142403,10.3168627
IT_919,39.483242,9.03464
IT_205605,39.207031,8.380931
IT_414,43.753588726,10.424650159
IT_206941,38.761688,-84.20495
IT_325,44.539143,10.8118482
IT_201688,45.220775,10.252075
IT_201974,44.6532007,10.781081
IT_205909,44.539143,10.8118482
IT_202161,44.834574,11.293905
IT_202160,44.540718603,10.784777052
IT_205908,44.540718603,10.784777052
IT_202162,44.539143,10.8118482
IT_202507,44.5193336,10.9298975
IT_207228,43.652372243,11.305922114
IT_207229,43.590628706,11.304877694
IT_205615,45.0016337,8.7346236
IT_205228,,
IT_205126,44.5255217,10.8663607
IT_205125,44.5255217,10.8663607
IT_716,37.0664363,14.2502445
IT_230266,37.0664363,14.2502445
IT_305,45.648227733,13.774434244
IT_407,42.958256901,10.581394865
IT_127,45.4558605,9.3917427
IT_206930,45.190454,8.099929
IT_1178,40.793011,14.598039
IT_182,44.9926704,9.0086667
IT_913,45.7166676,8.2768572
IT_811,44.133760375,12.2294504
IT_954,45.8892835,10.6008367
IT_958,45.56310825048667,12.125587126841658
IT_968,41.0825639,16.7805515
IT_1046,44.513377338,11.988841412
IT_50,,
IT_150,45.5691748,9.5693448
IT_1029,45.5918514,11.8059588
IT_758,45.8386307,9.6647313
IT_335,44.495430144,11.348344556
IT_587,44.035958538,12.558035515
IT_425,42.9559744,12.7034782
IT_341,44.6241987,11.4906968
IT_283,45.2454887,12.0251829
LT_26,56.0039616,22.9325605
LT_25,55.7344985,24.3578055
LT_5,55.1816,26.27638
LT_20,55.2887322,23.9758359
LV_97,57.2451926,22.5903003
LV_71,44.870652,10.0753079
LV_28,56.9657879,26.3089758
LV_50,56.2937366,26.7266734
LV_204013,56.9166567,24.3587472
LV_54,36.134422,-115.179275
NL_206225,50.8780883,6.0385117
NL_227087,51.7964966,5.6700822
NL_104,51.8757624,4.2618477
NL_203196,51.8757624,4.2618477
NL_204694,51.27679916666667,3.8503961333333336
NL_204693,51.27679916666667,3.8503961333333336
NL_128,51.27679916666667,3.8503961333333336
NL_204695,51.27679916666667,3.8503961333333336
NL_204691,51.27679916666667,3.8503961333333336
NL_204692,51.27679916666667,3.8503961333333336
NL_210344,52.1662852,4.478996
NL_210677,52.75513888333333,5.040674253333333
NL_222254,52.79144413333333,5.012229188888889
NL_203975,51.890239535,4.995585245
NL_203827,51.9383502,5.9393769
NL_204763,53.3325644,6.9135144
NL_205972,51.4944756,4.2871541
NL_114,51.4944756,4.2871541
NL_203824,52.730709,6.270002
NL_329,51.5602184625,4.294717425
NL_314,52.0072625,4.427692189473684
NL_203198,52.223769095,5.308619834
NL_363,52.01244694,4.689713933
NL_219,50.92587197037037,5.882125003703703
NL_334,51.1706378,5.86982585
NL_331,51.2338794,5.9763366
NL_255,51.68958484705882,5.906451547058824
NL_130,52.77244653589744,6.908309392307693
NL_325,51.9626198875,4.268877175
NL_124,51.8757624,4.2618477
NL_58,52.730709,6.270002
NL_397,52.0914501,4.9639631
NL_125,51.98754264444444,5.928501477777778
NL_446,52.39934065384616,4.806787138461538
NO_40,59.053173,10.027182
NO_206022,37.871445,-87.510628
NO_210021,58.9359135,5.5864225
NO_220481,37.871445,-87.510628
NO_1,58.085627599999995,7.93185802875815
NO_32,58.33986185,7.770790282061096
NO_227260,58.2929891,7.7879267
NO_203636,62.48023635,6.555073940277875
NO_66,59.103735,9.736353765927529
BE_632,51.4776,5.476148
PL_378,50.82444,20.53165
PL_209104,52.7952408,18.2595624
PL_417,52.4082663,16.9335199
PL_416,50.0159029,22.6796573
PL_816,51.9427937,17.5711082
PL_572,52.4176347,21.1807836
PL_203129,51.1910223,20.4071836
PL_207783,51.0518865,21.0761377
PL_202453,51.0518865,21.0761377
PL_203133,51.1910223,20.4071836
PL_202107,50.0382443,19.2214053
PL_263,50.9031028,15.7344306
PL_373,50.5653105,22.0644075
PL_372,50.294113,18.6657306
PL_926,50.0619474,19.9368564
PL_202254,49.9693563,20.430541
PL_203846,50.3308692,19.2078918
PL_856,51.1089776,17.0326689
PL_356,52.6743797,18.3254766
PL_303,50.8614882,17.470497
PL_208723,51.374845,20.6488967
PL_764,54.5391501,17.7472272
PL_729,53.6634472,17.358074774000176
PL_808,52.55057,18.49872
PL_180,50.1003348,19.2542585
PL_183,50.6793066,21.7495055
PL_879,50.8945453,16.0967535
PL_233,50.5424846,22.7209326
PL_554,50.0454961,18.6943479
PL_72,49.9519085,18.6023614
PL_210148,49.955781071,18.598928744
PL_74,49.9608911,18.7161904
PL_75,50.0380334,18.7883358
PL_551,50.0024107,18.4630383
PL_548,50.0917343,18.2196766
PL_73,49.955781071,18.598928744
PL_8,50.5653105,22.0644075
PL_9,50.203439,19.2721559
PL_211478,50.203439,19.2721559
PL_11,50.203439,19.2721559
PL_14,50.3230785,19.1322201
PL_12,50.1500892,18.8390661
PL_15,50.195903694,19.41781467
PL_285,54.3482907,18.6540233
PL_308,51.3602767,22.6284194
PL_454,54.3482907,18.6540233
PL_893,50.5653105,22.0644075
PL_205678,50.4844179,19.4333887
PL_336,53.8248304,22.3615813
PL_281,50.0382443,19.2214053
PL_234,52.107683,19.9447873
PL_853,53.4301818,14.5509623
PL_215,53.376990683,14.666540188
PL_229,53.4072518,18.4455253
PL_232,53.0190219,20.8804028
PL_944,54.1259406,20.5805641
PL_217,53.9868899,20.3973402
PL_860,52.4306508,20.7154712
PL_172,53.9198663,19.0305384
PL_147,54.1694592,17.4890263
PL_936,53.6469842,22.4548627
PL_938,53.3379935,15.0350493
PL_680,51.6636791,16.0935567
PL_524,51.3974465,16.2051275
PL_683,51.2081617,16.1603187
PL_526,51.5039288,16.0713371
PL_603,54.1759614,15.5764209
PL_654,50.0514601,21.4104804
PL_575,54.0626346,19.6565365
PL_210094,54.0626346,19.6565365
PL_442,50.3170828,17.3833809
PL_459,49.9693563,20.430541
PL_156,49.6938045,21.7651458
PL_113,53.5976095,19.5612175
PL_317,53.708021,16.6943922
PL_929,53.708021,16.6943922
PL_909,53.708021,16.6943922
PL_162,50.1030516,19.3147486
PL_161,50.01749,19.11934
PL_103,50.0931922,19.0918262
PL_160,49.9815881,19.1478238
PL_164,50.1379295,19.1315264
PL_579,50.9431901,17.2957066
PL_425,50.8641468,18.9504925
PL_432,53.8342221,18.8251596
PL_129,50.9249236,22.229206
PL_13,50.243612928,18.847957711
PL_255,50.8136111,20.4943864
PT_224,41.5271031,-8.6721396
PT_230,40.9020813,-8.4896358
PT_83,41.4242672,-8.4348555
PT_276,39.7437902,-8.8071119
PT_161,48.841340439,15.185736367
PT_172,48.752784554,15.397807468
PT_160,40.6485273,-8.6281389
PT_26,41.030255,-8.355695
PT_52,37.1757542,-8.203639
PT_16,40.8794628,-8.6082914
PT_59,38.8460032,-9.0860603
PT_275,39.1059993,-8.8039943
PT_137,38.8735511,-9.0785504
PT_203314,38.5846045,-8.9851934
PT_6,40.1107378,-8.2524708
PT_205629,40.6376106,-8.7136614
PT_210095,39.6545418,-7.6723114
PT_205653,38.8620887,-9.0709905
PT_193,38.6854393,-8.6649901
PT_173,37.1640795,-8.302334
PT_84,39.409227099999995,-8.205826724185737
PT_22,39.60195415,-8.87492705
PT_21,38.7060845,-8.9746372
PT_205195,40.3723328,-8.4101238
PT_219140,37.960136314,-8.847085464
RO_262,45.687332928,21.903124559
RO_133,45.2920023,25.0923506
RO_134,47.0411902,22.3489627
RO_216262,47.1426672,23.8759884
RO_207679,47.8461055,25.9181822
RO_238,46.104972528,27.1811499
RO_207234,47.6628294,26.2637909
RO_191,46.3108893,23.7188181
RO_173,46.237521,26.8405546
RO_294,44.7040919,23.5771775
RO_176,47.251900714,26.717594445
RO_266,47.090223525,21.882498475
RO_303,46.34865765,21.505432725
RO_9,44.16639782,28.648860815
RO_267,44.4361414,26.1027202
RO_25,44.80925855,24.923531925
RO_23,45.0264186,26.025021
RO_19,44.9645178,23.728135
RO_54,44.247292,23.78061945
RO_70,45.668995394,25.646896778
RO_71,45.668995394,25.646896778
RO_74,44.4361414,26.1027202
RO_122,46.6173951,22.4046196
RO_20,44.8836766,23.3941438
RO_24,44.16639782,28.648860815
RO_17,44.8705899,23.5078413
RO_21,44.7191902,23.516677
RO_26,44.881609267,26.018651533
RO_292,51.25419,2.99046
RO_16,50.29609,26.86613
RO_12,44.9830676,25.6453554
RO_11,44.9417111,25.5653931
RO_15,44.3190159,23.7965614
RO_10,44.16639782,28.648860815
RO_13,44.9830676,25.6453554
RO_8,44.9635601,24.7474185
RO_22,44.4150447,24.7136101
RO_18,44.70415,23.57769
RO_14,44.3946512,23.7332513
SE_466,56.4596131,13.5919834
SE_105,57.7970147,12.0495271
SE_108,57.6569983,11.911899
SE_118,57.7072326,11.9670171
SE_116,57.7072326,11.9670171
SE_343,59.2656026,17.8739829
SE_713,57.4,15.8
SE_857,47.042522,-68.139954
SE_665,60.343012275,17.506774725
SE_664,60.3429614,17.5168395
SE_112,57.707090843,11.882639371
SE_115,57.7072326,11.9670171
SE_798,45.6810493,-93.86582295979503
SE_207362,56.2456106,15.2872377
SE_578,63.1793655,14.6357061
SE_202810,63.4010888,13.0822241
SE_125,63.1793655,14.6357061
SE_202805,59.0639861,9.0695028
SE_206229,63.0813104,14.8265904
SE_581,63.154013863,14.729398931
SE_628,57.6530377,14.6981554
SE_626,57.6530377,14.6981554
SE_627,57.6530377,14.6981554
SE_625,57.6530377,14.6981554
SE_202,57.671893809,14.691307991
SE_203,57.2632811,16.4443478
SE_208,45.6971909,16.9461883
SE_207488,45.6810493,-93.86582295979503
SE_212,56.2100417,15.2760355
SE_641,56.2100417,15.2760355
SE_220021,45.6810493,-93.86582295979503
SE_547,57.6674439,14.9735595
SE_110,57.7072326,11.9670171
SE_114,57.7072326,11.9670171
SE_277,57.6949125,11.8196541
SE_217481,57.642065474,11.940110542
SE_102,57.7970147,12.0495271
SE_209970,57.8707951,11.9799616
SE_561,57.7479692,11.9915134
SE_580,63.1793655,14.6357061
SE_202809,63.4010888,13.0822241
SE_126,47.890343633,12.191846619
SE_579,55.9729965,23.834975967
SE_508,63.1793655,14.6357061
SE_127,63.1804021,14.6102186
SE_225382,47.926724996,12.378735022
SE_113,57.636056273,11.961075755
SE_128,57.707090843,11.882639371
SE_106,39.55618895,21.78087485
SE_398,55.610160199999996,12.99416960131189
SE_316,58.5280626,13.4921229
SE_208764,58.3012958,14.2879244
SE_207649,58.3012958,14.2879244
SE_208763,58.3012958,14.2879244
SE_10,59.456432938,18.069869619
SE_210139,59.43674,18.05614
SE_12,59.43674,18.05614
SE_207663,59.43674,18.05614
SE_207662,59.473385168,18.106241661
SE_227143,55.996764778,22.960438546
SE_623,59.7591735,18.7037476
SE_624,59.7591735,18.7037476
SE_201,59.766667,18.7
SE_204053,58.2611293,12.9561832
SE_204052,58.2611293,12.9561832
SE_480,44.55152981,10.30718274
SE_479,56.1928572,14.7532545
SE_478,57.0429558,16.4448013
SE_404,56.3564029,16.4097883
SE_405,59.3456878,16.0210663
SE_406,57.7072207,18.8019196
SE_421,59.602456,17.0503926
SE_640,56.2100417,15.2760355
SE_562,57.707090843,11.882639371
SE_563,57.6569983,11.911899
SE_577,63.1804021,14.6102186
SI_25,46.1456196,15.0817358
SI_48,46.391944,15.5727757
SI_201484,46.4043948,15.7965329
SI_2,46.5576439,15.6455854
SI_49,46.1558964,15.0540204
SI_51,46.509144,15.0790677
SI_72,46.0500268,14.5069289
SI_88,46.0097431,15.3037138
SI_59,46.5576439,15.6455854
SK_54,48.2163194,18.6000869
SK_73,48.2163194,18.6000869
SK_185,49.0541521,20.2976401
SK_67,48.7514383,21.9211949
SK_194,48.2163194,18.6000869
SK_170,48.7026483,18.3995524
SK_52,48.7383895,19.1585805
SK_81,49.0835785,19.612785
SK_215600,48.715551494,19.12619486
SK_197,48.9166204,21.2616031
AT_211,47.2715315,15.3260206
AT_212,47.2715315,15.3260206
AT_37,47.4129325,9.743362941
AT_214,47.8861962,14.2572718
AT_213,47.8861962,14.2572718
AT_215,47.8861962,14.2572718
AT_228,47.2935786,11.5907326
AT_206124,47.9801512,13.2555023
AT_206142,47.9453209,12.9529286
AT_206147,47.9886346,13.5535029
AT_134,48.433264,15.6876068
AT_136,48.3440605,16.3334321
AT_135,48.3451268,15.9090379
AT_64,47.2935786,11.5907326
AT_161,48.2741408,14.5817826
AT_125,47.2715315,15.3260206
AT_124,47.696237144,15.822501248
AT_82,47.2935786,11.5907326
BE_183,50.4265348,6.0276059
BE_239,50.8868222,3.4323622
BE_214380,50.9094821,3.3699842
BE_234,50.5772925,4.8962185
BE_236,50.8074825,4.9371775
BE_235,50.5368559,5.2143865
BE_147,50.9383226,4.0392147
BE_170,51.2305657,5.3076895
BE_174,50.4760502,3.903746
BE_205740,50.8868222,3.4323622
BE_63,50.8892784,5.6513208
BE_204482,51.2185443,4.3302898
BE_248,50.7122566,4.5216218
BE_279,50.7169694,4.610416
BE_256,49.9112853,5.3607943
BE_261,51.029657,3.8504738
BE_266,50.9909835,5.3677683
BE_49,51.082720333,3.4380484
BE_206091,50.9862157,5.1918579
BE_243,50.4653846,4.4301757
BE_312,50.786532,4.3173542
BE_633,50.8465573,4.351697
BE_757,50.4070137,4.3951076
BE_269,50.4265348,6.0276059
BE_123,51.131069,4.5696516
BE_233,50.623295,5.494005
BE_232,50.594169734,3.862677016
BE_23,51.1389736,3.1395587
BE_304,50.7122566,4.5216218
BG_66,53.17969,6.246162
BG_88,43.776967,28.140283
BG_40,43.409022,24.6180123
BG_46,43.6158817,25.3509536
BG_216420,42.718610196,23.252836021
BG_216401,42.718610196,23.252836021
BG_203535,42.273559,-71.160861
BG_59,-2.863955,-78.988988
BG_102,42.4248111,25.6257479
BG_30,43.2064255,24.1619125
BG_122,45.730595,11.381685
CY_210000000000012,41.953671,12.091043
CY_210000000000011,41.953671,12.091043
CY_210000000000007,29.871519651844846,-89.87893066603594
CZ_128,50.1472648,12.6467805
CZ_355,49.5467115,16.5738843
CZ_426,48.858608,17.0285852
CZ_11,49.9486561,15.2681123
CZ_27,49.6554407,13.2908386
CZ_90,50.11117395,14.431903319849049
CZ_122,45.861785,15.757945
CZ_45,50.11117395,14.431903319849049
CZ_123,45.861785,15.757945
CZ_57,49.961060097,12.687427919
CZ_107,50.5150033,14.0517563
CZ_106,50.5150033,14.0517563
CZ_299,49.671010886,18.654985565
CZ_261,49.2953802,14.46884
CZ_276,49.8454502,16.9538456
CZ_278,49.587325867535746,18.117081722371744
CZ_199,50.31258907133581,13.532681608476343
CZ_201951,49.4716056,17.971593
CZ_242,49.5889245,16.7628827
CZ_136,49.7202055,15.6704437
CZ_180,50.07375065,14.43054348068166
CZ_203,49.9389004,17.9024174
DE_985,51.273215297,7.115331686
DE_1652,51.6149389,7.6362876
DE_1711,52.543449044,13.353485449
DE_210617,50.938361,6.959974
DE_204725,51.849727526,11.583774077
DE_203863,51.492009247,6.769748201
DE_202974,51.6755765,6.1593045
DE_202854,51.0324743,6.9881194
DE_202472,48.2823135,8.091204377424944
DE_202855,51.0324743,6.9881194
DE_202853,51.0324743,6.9881194
DE_1282,50.337946456,11.851244714
DE_1736,52.8461339,8.0438783
DE_1737,52.919583866,12.806461254
DE_205201,54.399470189,10.162064258
DE_205200,54.399470189,10.162064258
DE_1333,52.2394431,8.924762
DE_1710,52.2394431,8.924762
DE_1541,51.725115849,8.695238188
DE_1556,50.710274785,7.111315658
DE_1544,50.725262255,7.090615753
DE_1304,50.688614055,7.06388281
DE_843,53.9528957,10.2121481
DE_1569,53.591887123,10.162146212
DE_1574,53.586707484,9.92266607
DE_1751,53.55286099,9.915990835
DE_1648,53.588471671,10.091515312
DE_1557,53.606561146,10.081346318
DE_1678,51.329833388,6.627306443
DE_204312,51.329833388,6.627306443
DE_1042,51.975880349,11.840983372
DE_1677,51.329833388,6.627306443
DE_1590,48.4248151,10.8778564
DE_1598,49.5462349,8.6717458
DE_1570,53.623893754,10.175302415
DE_203790,48.4248151,10.8778564
DE_1000,53.3670541,7.2058304
DE_1784,52.5610203,9.1238142
DE_1448,52.5610203,9.1238142
DE_202777,50.8807379,6.876568
DE_1592,51.5975224,6.6811994
DE_1313,51.600403073,7.456670981
DE_1192,48.0984413,9.7899938
DE_1760,48.0984413,9.7899938
DE_1054,49.973925879,8.051914271
DE_220688,49.973925879,8.051914271
DE_1209,52.7187296,8.0273608
DE_1210,54.331956076,10.195431614
DE_4106,49.4704113,8.4381568
DE_1594,49.4704113,8.4381568
DE_1010,51.341774855,9.856587863
DE_1221,52.2,8.05
DE_118,47.7990707,12.1675812
DE_377,51.233348543,6.720269394
DE_378,50.125595551,8.641529323
DE_328,53.586704,7.4333726
DE_484,49.0012229,12.4041615
DE_1866,50.4700819,7.7956173
DE_636,47.8803788,10.622246
DE_810,51.173467618,6.748863661
DE_911,50.070243503,8.25729928
DE_915,50.8337233,10.9456139
DE_1498,48.48425279,7.940004015
DE_961,51.840166715,10.786624075
DE_1392,53.447046018,9.988267886
DE_1173,49.9740542,9.1493636
DE_1156,51.329833388,6.627306443
DE_1158,49.131090027,9.228074268
DE_1316,51.675949496,6.969485861
DE_1335,50.1055002,8.7610698
DE_1412,49.593878461,10.961349467
DE_1430,50.9852411,12.4340988
DE_1426,50.9852411,12.4340988
DE_1490,51.2136798,7.8745627
DE_1565,53.599139878,9.877430836
DE_1571,53.623893754,10.175302415
DE_1568,53.611825676,10.137596492
DE_1636,50.1055002,8.7610698
DE_1720,48.1040879,10.6535987
DE_1719,48.1040879,10.6535987
DE_624,48.684969,9.0113444
DE_1295,53.7382631,12.7644198
DE_1712,52.526145033,13.304722674
DE_918,50.070243503,8.25729928
DE_210642,50.07940957,8.21260869
DE_912,50.07940957,8.21260869
DE_1887,50.938361,6.959974
DE_982,50.783271147,6.098291384
DE_1618,49.3181673,7.3340336
DE_926,49.839154257,7.866263967
DE_1040,49.928801,10.8754637
DE_1183,53.447046018,9.988267886
DE_934,52.181122089,10.46532761
DE_956,48.48425279,7.940004015
DE_814,48.218965,11.581848
DE_202588,51.2000398,6.2196622
DE_1880,51.155395265,6.363636313
DE_202581,52.8654484,9.6930195
DE_899,51.294103731,6.84930999
DE_905,49.4635303,8.9855203
DE_644,49.4724349,8.6106455
DE_4162,48.8819801,12.569716
DE_736,54.799702537,9.419556158
DE_760,54.799702537,9.419556158
DE_716,54.799702537,9.419556158
DE_734,54.799702537,9.419556158
DE_733,54.799702537,9.419556158
DE_763,51.9063997,8.3782078
DE_798,53.919448,9.5172441
DE_1634,48.0556122,11.5217455
DE_210487,51.451774239,7.261506634
DE_202380,51.173467618,6.748863661
DE_205491,49.357883099999995,6.73626683276364
DE_97,51.7555148,8.041135
DE_110,48.787206,10.6889571
DE_117,47.7990707,12.1675812
DE_73,50.5753618,9.5502218
DE_228,51.94743095,9.714275568076609
DE_229,50.004074063,8.232787414
DE_121,50.5753618,9.5502218
DE_54,52.2,8.05
DE_202663,52.2,8.05
DE_207565,51.3230488,13.3787798
DE_205003,51.2254018,6.7763137
DE_205361,51.2254018,6.7763137
DE_205356,51.2254018,6.7763137
DE_205355,51.2254018,6.7763137
DE_205269,51.2254018,6.7763137
DE_205062,49.4453354,11.8581581
DE_203448,51.445525,7.5674652
DE_203649,49.4992468,11.7470259
DE_202934,47.7617515,8.8348709
DE_6,53.901273661,9.130841732
DE_28,53.447046018,9.988267886
DE_210958,53.4973636,8.4820227
DE_1215,49.3181673,7.3340336
DE_1006,49.357883099999995,6.73626683276364
DE_217720,50.8807379,6.876568
DE_219080,51.200769083,6.693593044
DE_289,48.5229974,13.3147436
DE_406,51.5051574,10.7925317
DE_438,50.085868,9.0813749
DE_386,51.290571385,14.333064305
DE_203347,51.2027284,12.3859676
DE_203346,49.4208792,10.2135717
DE_203603,51.82549725,14.436151062629161
DE_225386,51.299008650000005,9.8648643830789
DE_227267,51.5714513,14.3804302
DE_227268,51.72784,10.2508204
DE_227265,51.8842114,9.6252205
DE_224486,34.228459,-95.611929
DE_1147,49.4632944,8.1705063
DE_210124,53.2357029,8.4571037
DE_3597,51.524518096,7.449438298
DE_202856,51.0324743,6.9881194
DE_202769,51.0324743,6.9881194
DE_202864,51.0324743,6.9881194
DE_202858,51.0324743,6.9881194
DE_202865,51.0324743,6.9881194
DE_202862,51.0324743,6.9881194
DE_202861,51.0324743,6.9881194
DE_205786,51.182984,12.37553
DE_210606,51.3902906,11.9854347
DE_206422,51.67499777,7.130309077
DE_206266,50.9780604,11.6445134
DE_218660,50.7206063,11.3401985
DE_203661,50.7206063,11.3401985
DE_202469,50.337946456,11.851244714
DE_610,48.1040879,10.6535987
DE_542,50.544890494,6.468220111
DE_592,51.329832,8.0072645
DE_532,50.535528253,12.783511175
DE_533,48.729678,8.353855
DE_1691,50.375664544,7.590012061
DE_203628,49.9740542,9.1493636
DE_203236,51.341774855,9.856587863
DE_207008,50.7024268,12.8514034
DK_44,56.0348739,12.6130073
DK_184,56.2834926,9.4400132
DK_234,55.5640146,10.092085
DK_8,55.642804299999995,12.55498223605706
DK_7,55.642804299999995,12.55498223605706
DK_6,55.7037473,12.5375718
DK_375,55.8832986,12.5000112
DK_376,55.7939593,12.4694709
DK_293,55.6867243,12.5700724
DK_227843,56.5486971,8.3046456
DK_55,55.446817,11.7975218
DK_177,56.7943811,8.8594834
DK_15,55.6094468,12.3582555
DK_298,56.1390178,9.1547931
DK_253,46.961089,16.14123
DK_303,57.108701,12.244636
EE_13,59.4034594,27.729193909271594
EE_6,59.48564800727273,24.973659740000002
EE_47,59.460544715,24.98377728
EE_46,59.460544715,24.98377728
EE_26,58.373237752,26.691113596
EE_27,58.373237752,26.691113596
EE_24,58.347024836,26.722150881
EE_25,58.371294878,26.7077204
EE_23,58.371154795,26.794871171
EE_30,59.4372155,24.7453688
ES_711,40.4167047,-3.7035825
ES_807,43.1781602,-2.3114989
ES_806,43.054839928,-2.335480067
ES_512,41.6014534,1.547408
ES_136,37.13257725,-3.694362820083108
ES_627,42.6672017,-8.7218548
ES_663,43.0886943,-8.215601716391204
ES_662,43.0886943,-8.215601716391204
ES_664,43.0886943,-8.215601716391204
ES_588,38.436906,-0.6396687
ES_397,41.1109268,1.144961
ES_968,41.1172364,1.2546057
ES_19,7.901466,-72.509186
ES_17,36.70101865,-6.127537265
ES_253,41.5966366,-4.1215713
ES_309,38.987594508,-3.924128396
ES_90055,40.4167047,-3.7035825
ES_33,37.265491,-6.942441
ES_1057,8.4381146,-82.5740377
ES_853,37.1831293,-4.449969
ES_453,41.45358815,1.701793156588542
ES_201498,38.878187,-6.9701115
ES_202829,37.1215305,-5.4559583
ES_744,42.5876058,-1.7644227
ES_251,42.296568989,-5.898348028
ES_254,41.5216963,-5.3939824
ES_18,36.679957569,-6.146717162
ES_252,42.6855632,-2.9478451
ES_1050,43.3271048,-2.9846079
ES_90022,43.485899928,-8.262591202
ES_206918,43.485899928,-8.262591202
ES_90021,39.9749143,0.015958
ES_310,38.7594573,-3.3847392
ES_32,37.215797,-7.4060169
ES_90028,28.9543147,-13.6529153
ES_399,41.4769177,1.9283971
ES_90005,38.0931247,-3.6357207
ES_410,41.2340447,0.5560861
ES_940,41.124562175,1.17777995
ES_726,37.844244529,-1.419724364
ES_993,38.9098936,-6.6151799
ES_924,41.1109268,1.144961
ES_873,42.518364,-0.3647899
ES_961,40.812732273,0.521912553
ES_202494,39.0916315,-5.4681268
ES_981,39.464773,-0.363258
ES_921,41.1109268,1.144961
ES_204640,42.605072908,-8.643418277
ES_203627,39.9621514,-0.2593846
ES_203662,40.0746619,-0.2142146
ES_209945,40.11521777857143,-0.05297372142857143
ES_203769,40.1126075,-0.0541178
ES_206130,39.899146,-0.08273
ES_202941,40.1126075,-0.0541178
ES_202200,46.588668,8.479843
ES_202235,39.9288397,-0.1974253
ES_205633,39.9621514,-0.2593846
ES_495,42.2340372,2.9523275333333334
ES_537,39.8532265,-0.1550092
ES_202054,40.0746619,-0.2142146
ES_376,40.5732118,-3.1627206
ES_502,41.4728432,2.0817809
ES_690,42.3035212,-1.9648758
ES_156,40.9753365,-0.4442782
ES_186,40.3671501,-1.1542609
ES_514,41.7961026,0.5688317
ES_133,38.096787,-3.7765601
ES_714,40.4167047,-3.7035825
ES_737,37.665960617,-1.698532422
ES_97,38.096787,-3.7765601
ES_489,41.6173948,2.28288
ES_335,40.0785096,-3.8569693
ES_344,40.0235161,-3.8581058
ES_592,38.436906,-0.6396687
ES_263,42.343926,-3.696977
ES_212820,42.3436415,-7.8674242
ES_1002,39.9831574,-6.5366803
ES_914,39.8644503,-4.3592794
ES_1043,42.8465088,-2.6724025
ES_90020,42.89076245,-8.672237474467723
ES_220523,37.7728858,-3.7883289
ES_220528,38.878187,-6.9701115
ES_227059,41.3825802,2.177073
ES_42,37.225734567,-6.891538733
ES_712,40.3070639,-3.7331808
ES_201940,42.9305828,-1.5043222
ES_697,40.3007708,-3.4380688
ES_202171,43.2201761,-2.7323154
ES_202172,38.3436365,-0.4881708
ES_349,40.1248436,-3.8492688
FI_561,,
FI_216340,60.5054982,22.4584171
FI_562,,
FI_91,62.2417066,25.7495727
FI_626,62.2417066,25.7495727
FI_206122,62.2417066,25.7495727
FI_206123,62.2417066,25.7495727
FI_563,,
FI_560,60.8547736,23.0398826
FI_581,60.5054982,22.4584171
FI_155,62.8924601,27.6781839
FI_289,61.8711808,28.852069177
FI_292,61.763694627,29.079257355
FI_603,61.878019444,28.938395288
FI_206140,61.875637412,28.827737255
FI_291,61.875845767,28.855132577
FI_502,61.869874,28.880045
FI_287,61.763694627,29.079257355
FI_286,61.853485664,28.960121825
FI_202807,61.869874,28.880045
FI_450,60.8984719,27.1147305
FI_210222,65.819805096,24.173786313
FI_483,60.9069347,26.6241933
FI_549,60.8547736,23.0398826
FI_203117,60.8547736,23.0398826
FI_655,60.8547736,23.0398826
FI_580,60.5054982,22.4584171
FI_203116,60.8547736,23.0398826
FI_205888,61.089320338,22.250887825
FI_419,61.1163997,22.1624101
FI_436,60.5688901,27.1881877
FI_425,62.2417066,25.7495727
FI_96,62.2417066,25.7495727
FI_100,62.2417066,25.7495727
FI_101,62.2417066,25.7495727
FI_103,62.2417066,25.7495727
FI_288,61.869874,28.880045
FR_916,50.3245906,3.4845838
FR_1042,48.7484048,2.3472665
FR_687,55.912828125,23.259005025
FR_919,50.9524769,1.8538446
FR_781,48.7018823,2.134529
FR_1060,47.2749998,0.6424978
FR_343,45.829708826,1.257885204
FR_377,45.4335268,5.7519152
FR_394,45.2581552,5.908406
FR_1026,46.4887916,0.3113773
FR_36,49.3012483,2.6045838
FR_292,49.2469193,1.4215534
FR_206132,50.743921687,7.801405223
FR_932,50.7720856,3.076757
FR_278,49.356241,0.515331
FR_1024,45.3130197,0.2508072
FR_88,44.2019796,-1.2309278
FR_203580,48.0188506,2.6693801
FR_508,48.406984,6.8437227
FR_511,48.249484499999994,6.412361233645147
FR_734,48.8953328,2.2561602
FR_205945,50.2002502,3.8336383
FR_740,48.8924273,2.2071267
FR_563,47.2186371,-1.5541362
FR_210263,46.9741096,0.6995098
FR_431,45.7578137,4.8320114
FR_425,45.7733573,4.8868454
FR_209967,43.4162729,5.2146275
FR_212220,20.562222227,-100.397937023
FR_210434,48.8534951,2.3483915
FR_210435,48.8588897,2.3200410217200766
FR_209742,48.8468159,2.8212923
FR_209743,33.68413,-116.316256
FR_329,47.0371,5.40338
FR_310,47.0371,5.40338
FR_542,47.4472633,-2.318167
FR_228685,48.1113387,-1.6800198
FR_193,48.1113387,-1.6800198
FR_538,47.2186371,-1.5541362
FR_218741,43.408906,-124.186205
FR_205482,45.2069628,3.5155517
FR_958,50.9524769,1.8538446
FR_225180,43.4380714,4.945595
FR_1162,43.8053654,4.6585115
FR_625,43.4380714,4.945595
FR_595,43.8059426,7.3639617
FR_474,43.847934691,10.506398186
FR_471,48.566108,6.1000259
FR_368,45.8159548,5.4038207
FR_395,45.0758358,5.7715863
FR_205775,45.387632,5.7344662
FR_196,46.2615316,3.4268654
FR_389,45.2325079,5.681781
FR_434,45.5662672,5.9203636
FR_19,49.8465253,3.2876843
FR_1020,46.6505634,0.3748389
FR_527,50.743921687,7.801405223
FR_206127,45.1133022,7.398247
FR_207684,46.159732,-1.1515951
FR_1129,48.730158,2.2766735
FR_707,48.730158,2.2766735
FR_408,45.7337532,4.9092352
FR_1145,45.7578137,4.8320114
FR_214000,45.746890237,4.84168245
FR_206386,46.7759424,4.8875645
FR_206385,46.88963175,5.0178436782403235
FR_206384,46.7831001,4.8534326
FR_206521,44.8958887,-0.7170764
FR_210371,43.6044622,1.4442469
FR_151,47.2932,5.00308
FR_164,47.3215806,5.0414701
FR_1167,46.23181635,-0.1395367196316273
FR_207493,48.7945413,2.3340758
FR_966,50.5878779,3.0511655
FR_852,43.631641578,3.865167881
FR_1102,45.354341105,4.836974687
FR_445,45.8880398,6.0992785
FR_963,50.630088382,3.076849636
FR_247,43.906461,10.8330183
FR_1063,47.3511161,0.6622353
FR_964,50.5309351,2.6389115
FR_525,49.3278069,6.122827
FR_212280,49.0747303,6.2258415
FR_1144,50.709962,2.2283996
FR_745,48.9350488,2.3324727
FR_961,50.628925006,3.144537954
FR_1039,46.5802596,0.340196
FR_150,46.9876601,3.1577203
FR_968,50.628925006,3.144537954
FR_308,49.4404591,1.0939658
FR_494,49.3579272,6.1675872
FR_315,47.5102368,6.7977564
FR_779,49.0508845,2.1008067
FR_995,50.4126128,2.8343891
FR_748,48.934231,2.499789
FR_967,50.6713,3.21621
FR_965,50.4291723,2.8319805
FR_1170,44.642014,-0.9766226
FR_87,43.9218288,-1.2477116
FR_120,49.3054745,-1.0992204657788598
FR_1104,45.7733573,4.8868454
FR_325,47.6876801,6.0454479
FR_136,-26.581544,27.827677
FR_176,47.96319015,-3.7900302885019235
FR_640,48.934231,2.499789
FR_749,48.934231,2.499789
FR_845,48.6047148,7.7484488
FR_603,43.2961743,5.3699525
FR_950,50.6428547,3.1093516
FR_203083,48.6762624,5.8941759
FR_204034,48.4177718,-0.4079045
FR_204059,48.1243,-1.8183
FR_204062,48.1725865,6.8785935
FR_204080,49.2681582,-0.6728343
FR_873,24.63376575,68.0793147
FR_206151,49.2716839,1.2128992
FR_413,45.7816572,4.7071338
FR_832,48.5298611,7.7116218
FR_589,42.170662,-82.939091
FR_111,45.1287746,1.2273602
FR_205751,47.0371,5.40338
FR_215801,47.3185376,-2.0745708
FR_205704,43.4380714,4.945595
FR_205706,45.1236837,5.6978136
FR_205703,49.471465,0.601173
FR_222741,48.5799023,2.9767439846719337
FR_274,49.3141297,1.0328344
GB_209322,51.7867676,-3.2266569
GB_575,55.0353594,-7.2356013
GB_209076,53.407901,-2.160243
GB_971,51.2094511,-2.6451203
GB_849,53.64525,-2.31377
GB_980,53.43594,-1.36039
GB_239,53.2572455,-1.4205596
GB_87,51.52391,-0.62542595
GB_98,51.5074456,-0.1277653
GB_171,51.485587467,-0.639104
GB_287,51.7089,-2.9439099
GB_679,53.09828,-2.442124
GB_534,52.7538673,0.3954774
GB_358,53.736563,-0.2358004
GB_395,52.4796992,-1.9026911
GB_393,52.4796992,-1.9026911
GB_485,53.796953615,-1.426200515
GB_488,51.3797823,0.5417005
GB_505,51.466685,-0.09041
GB_574,54.8662966,-6.2760159
GB_586,54.496068,-6.739153
GB_660,56.0707574,-4.8190514
GB_76,51.5074456,-0.1277653
GB_667,37.8708393,-122.272863
GB_808,54.23734,-0.39015
GB_807,52.55903,-0.17433
GB_806,52.5847651,-2.127567
GB_977,52.2414561,0.7179511
GB_1058,39.9980022,-79.0415528
GB_97,51.0188242,-0.0272495
GB_884,54.521668,-6.757823
GB_982,53.38146,-1.46429
GB_204988,54.65223,-1.21377
GB_204985,52.4970763,-0.6620357
GB_204983,39.5506029,-90.4801247
GB_325,53.4310417,-1.355187
GB_326,53.4310417,-1.355187
GB_209926,51.3883811,0.504925
GB_1137,54.9027696,-1.4087054
GB_212740,53.5,-1.1289666
GB_210881,53.5029338,-1.1277931
GB_213420,53.5029338,-1.1277931
GB_210455,53.0632633,-1.4090847
GB_212980,53.3806626,-1.4702278
GB_203132,53.37141275,-2.6017645
GB_202260,53.736563,-0.2358004
GB_655,55.7811269,-4.0928213
GB_209767,51.5169296,-0.6198763
GB_209769,51.4120318,-0.8324037
GB_684,52.75845375,-1.24840425
GB_845,52.83065,-0.60693
GB_770,50.8446799,-1.06962
GB_1054,51.5074456,-0.1277653
GB_771,52.2814519,-1.5815742
GB_801,51.27295,-0.77024
GB_797,51.5682605,0.1810136
GB_526,51.5773768,0.1112691
GB_819,52.9534193,-1.1496461
GB_1254,52.480150339,-1.830261841
GB_329,53.46611755,-2.93342425
GB_1057,51.708898,-2.943911
GB_661,56.04593,-4.87239
GB_509,53.9705116,-1.0839217
GB_532,54.5760419,-1.2344047
GB_223,45.9441103,2.4769863
GB_998,52.387808449999994,-6.575050811357398
GB_246,53.3845235,-2.7153491
GB_261,53.4310417,-1.355187
GB_244,53.4310417,-1.355187
GB_424,53.4310417,-1.355187
GB_231,53.4310417,-1.355187
GB_945,52.8035897,-1.650796033
GB_588,56.0189027,-3.7230303
GB_206236,52.25283,0.72279
GB_206623,53.41927,-1.40636
GB_206068,52.51865,-0.649
GB_212940,36.142106895,-5.352858647
GR_184,38.4291946,22.6672151
GR_205569,45.697037,-107.694239
GR_202609,40.9176928,23.4816192
GR_187,41.1182,25.4035708
GR_107,39.3624833,22.9401864
GR_110,38.246242,21.7350847
GR_217180,40.845666,25.8778814
GR_218160,39.65141585,22.462750398346742
GR_225925,40.845666,25.8778814
GR_93,38.047608,23.5348663
GR_72,40.6403167,22.9352716
GR_79,39.3810537,22.7458478
GR_159,40.6897584,21.6790753
GR_3,35.33908,25.1332843
GR_62,37.69987990166666,21.404432341666666
GR_213820,40.6897584,21.6790753
GR_226081,39.3624833,22.9401864
HR_203945,43.8602746,16.1557855
HR_204295,19.0934581,-70.252707625
HU_216820,47.6834336,19.1341568
HU_78,46.5603339,20.6693477
HU_963,46.3353787,20.2083596
HU_131,47.3171992,18.9120948
HU_267,47.531399,21.6259782
HU_45,47.4978789,19.0402383
HU_132,47.7856939,18.7403377
HU_97,48.2544414,20.6223251
HU_245,47.3171992,18.9120948
HU_130,46.8415803,16.8456316
HU_124,47.9280341,21.0467056
HU_127,46.3353787,20.2083596
HU_46,46.9649048,18.9405047
HU_230021,47.7619785,20.0557648
HU_189,47.3261087,17.4705293
HU_17,46.8240312,21.0290937
HU_177,48.0960676,19.8005642
HU_123,47.5385142,21.3465888
HU_126,47.7574079,18.1298249
HU_128,46.5544858,19.6689973
HU_122,46.4278497,19.4833076
HU_129,46.3353787,20.2083596
HU_125,47.1076826,21.2118478
HU_149,47.1753833,20.1946279
HU_238,47.531399,21.6259782
HU_84,46.4171344,20.3196068
IE_68,52.9109784,-8.5315869
IE_207697,46.009568,8.975099
IE_32,53.35034215,-6.32031133226833
IE_40,51.899076,-8.467932
IE_41,52.138477,-8.652773
IT_1169,45.1521446,7.6579731
IT_214861,45.322183503,8.420232037
IT_19,45.2166755,7.6312409
IT_206982,45.4996737,8.6604512
IT_805,45.6281817,8.7843049
IT_931,44.114748367,9.868854233
IT_503,41.456387251,15.538096973
IT_1074,40.5361927,17.4342206
IT_808,40.907912,14.386233
IT_809,40.9210826,14.5327402
IT_1229,45.7513827,8.9047602
IT_806,45.7248471,8.6940232
IT_212523,45.245644999999996,9.973918756400941
IT_1171,43.937616125,10.917097597
IT_378,43.860297258,10.580446628
IT_500,41.783938,15.443744
IT_855,40.68384268,14.78293206
IT_799,40.796728,16.92359
IT_690,44.5611362,11.033218
IT_1142,38.4681846,14.9547202
IT_186,45.1334796,10.0248716
IT_735,45.4758097,12.2247811
IT_671,42.4026569,12.860813
IT_160,45.520644746,10.235475272
IT_1088,37.983651,13.695554
IT_205389,44.8406057,12.1764477
IT_205591,45.6443309,8.8978959
IT_206172,44.6976778,7.8542707
IT_967,44.644037,7.655929
IT_783,45.479379267,9.191002911
IT_93,45.611932,8.8518269
IT_1179,40.7499887,14.5269491
IT_202879,43.590628706,11.304877694
IT_41,45.322183503,8.420232037
IT_915,45.52011125,8.76928217971155
IT_1021,44.6978389,10.6304971
IT_720,45.310633024,9.501014228
IT_1045,45.626556,9.3214647
IT_778,45.5488306,11.5478825
IT_7,45.280852,7.663618
IT_446,41.603959693,12.645742844
IT_566,40.2334988,9.0445989
IT_878,45.0072629,7.5369192
IT_429,43.087161396,12.441222524
IT_650,45.0677551,7.6824892
IT_1212,41.7447015,13.1526343
IT_941,45.2429863,11.2281869
IT_212360,40.8358846,14.2487679
IT_3,45.078339,6.703205
IT_42,45.322183503,8.420232037
IT_53,44.389633,7.5479007
IT_756,45.4972605,9.6437404
IT_261,45.8509126,12.2500126
IT_207265,41.783938,15.443744
IT_204523,45.40936,8.199027
IT_205280,45.626556,9.3214647
IT_202099,45.581192,12.561157
IT_196,45.1566683,10.7917191
IT_145,45.6472193,9.6019202
IT_205517,45.3062139,11.1823399
IT_203948,45.0144041,11.6933077
IT_357,44.434168392,12.238229225
IT_205400,45.635443,12.2513451
IT_205399,45.3377659,11.2424521
IT_205398,45.6286685,11.4431478
IT_202041,39.4633777,16.1378293
IT_201915,42.011439,14.860928
IT_202078,44.5255217,10.8663607
IT_203843,44.5102806,10.7286395
IT_202037,44.539143,10.8118482
IT_203918,-16.640652,-64.661928
IT_201931,44.370054,12.0304172
IT_203874,44.396340732,8.280895492
IT_205244,44.3204868,11.7992579
IT_206238,44.5437293,10.6216195
IT_206237,44.568250649999996,10.769479005722832
IT_602,44.0636526,10.525509
IT_598,43.978948,10.545703
IT_904,43.2087546,13.2844096
IT_210,45.8892835,10.6008367
IT_278,45.6287707,11.6998606
IT_823,44.3165799,8.1642967
IT_685,40.648908,14.640141
IT_215800,40.8328763,14.7917765
IT_390,43.9275158,10.644575
IT_209324,45.1566683,10.7917191
IT_632,45.9149896,11.0330024
IT_206403,45.2551716,7.5419842
IT_205548,44.2231871,11.6231101
IT_205547,41.9983273,14.9939366
IT_245,45.7052727,11.7997866
IT_721,45.876571531,8.406341032
IT_698,43.937616125,10.917097597
IT_692,41.491119,13.70471
IT_379,43.895914375,10.555133138
LT_14,34.713561,-92.355844
LT_1,56.3253508,22.8797889
LT_12,54.8982139,23.9044817
LT_32,55.55004028826742,24.085234976257098
LT_61,54.9177676,24.2133526
LT_77,54.6043509,24.0335131
LT_19,54.8982139,23.9044817
GB_206800,51.5074456,-0.1277653
LV_62,56.792613200000005,23.62323527324801
LV_57,57.402351704,21.596956098
LV_64,12.793313,-85.039545
LV_45,57.53488168,25.412372543
LV_114,56.6845332,22.5664558
LV_53,36.134422,-115.179275
NL_205926,51.8757624,4.2618477
NL_90,51.9751065,5.7335691
NL_206128,51.4560843,3.70427554375
NL_74,52.3551431,6.4783408
NL_348,52.780215016666666,5.054640304761905
NL_436,52.7267711,5.1505431
NL_106,52.24518857777778,6.795075644444445
NL_105,51.88656743,4.27992959
NL_216603,51.8757624,4.2618477
NL_216580,51.97064809230769,5.998067669230769
NL_394,52.32623043908046,6.651827116091954
NL_127,51.59559835,5.0168063
NL_416,51.4515013,3.6260715
NL_323,51.99710756363636,4.513244424242425
NL_205927,51.923061,4.189338
NL_204095,52.50569249130435,6.355307456521739
NL_204101,51.797005,5.6515519
NL_204100,53.06111769583333,5.897357958333334
NL_190,51.984257,5.9108573
NL_362,51.0398427,5.8345342
NL_449,51.7542242547619,5.86559289047619
NL_406,51.957913,4.044226
NL_209422,52.332575083,4.861328639
NL_220500,51.934506,4.481487
NL_207502,51.86941575833333,5.856093525
NL_204099,52.49763615,4.70627735
NL_204102,51.856559,5.04088
NL_204103,52.75691781666667,5.022675004166667
NL_204104,51.96305145,6.081474125
NL_319,52.2065023,6.816568233333332
NL_204098,51.5137289,4.97276035
NL_51,52.4034430875,4.862625375
NL_209,35.328122,-84.864708
NL_149,51.5454426,4.483392794444445
NL_117,53.31269116428572,6.966300567857143
NL_6,52.50569249130435,6.355307456521739
NL_8,51.856559,5.04088
NL_7,51.797005,5.6515519
NL_249,51.95678744761904,5.984120723809524
NL_438,52.492184725,5.47320205
NL_417,51.984257,5.9108573
NL_365,51.824545429,5.820476805
NL_116,51.8757624,4.2618477
NL_283,52.036555189999994,4.602545943333333
NL_356,52.03363554285714,4.594854842857143
NL_203197,52.2532272,6.1584725
NL_206973,53.44847365,6.849962702578557
NL_205987,52.607948875,4.761517825
NL_205988,52.64889849047619,4.742371171428571
NL_205989,52.07894772826087,4.3373521239130435
NL_206019,52.41821103333333,4.739579933333333
NL_205347,50.961084,5.774065
NL_206863,51.90978713,4.42406461
NL_204962,53.31269116428572,6.966300567857143
NO_69,59.9133301,10.7389701
NO_68,59.9133301,10.7389701
NO_17,59.8921158,10.5249914
NO_15,59.8921158,10.5249914
NO_16,59.8921158,10.5249914
NO_20,59.3549362,5.2785707
NO_12,59.254415,10.402984
NO_209935,60.0679248,6.5469316
NO_59,58.0777833,7.0770278
NO_103,59.7711921,9.9094778
NO_206170,58.9699675,5.7318101
NO_209688,58.9699675,5.7318101
NO_211598,58.9699675,5.7318101
NO_214500,58.9699675,5.7318101
NO_62,47.40938465,15.27177155
NO_65,63.0527257,7.6314975
NO_31,58.2693934,7.9724792
PL_743,52.7952408,18.2595624
PL_584,51.2630333,15.5651049
PL_821,51.1910223,20.4071836
PL_171,52.1812046,21.5587372
PL_335,51.2204544,18.5700965
PL_801,50.018611965,19.932234833
PL_92,50.368052548,18.979319434
PL_854,51.0518865,21.0761377
PL_102,50.0619474,19.9368564
PL_943,51.7741006,16.9845547
PL_352,50.3217212,17.5801041
PL_192,53.5656939,14.8299285
PL_98,52.8529055,19.6675433
PL_744,51.2095314,17.3804559
PL_834,54.4649331,17.028073
PL_833,54.4649331,17.028073
PL_721,52.11725,16.1126622
PL_841,53.1020938,16.8843061
PL_318,50.2895407,21.4229453
PL_902,50.2895407,21.4229453
PL_296,53.8437331,22.9802357
PL_299,49.9678396,20.6068496
PL_313,52.8529055,19.6675433
PL_305,50.6682777,21.8369469
PL_93,50.3840312,18.9456429
PL_864,50.3840312,18.9456429
PL_149,50.3840312,18.9456429
PL_155,52.6603872,19.071948
PL_170,53.8248304,22.3615813
PL_662,50.0690434,19.5396737
PL_287,53.7766839,20.476507
PL_618,53.7028533,19.9623028
PL_631,53.1750699,22.0727551
PL_583,51.2630333,15.5651049
PL_827,52.5898737,14.6536335
PL_225026,52.4051735,19.0272596
PL_762,51.7650386,16.8059899
PL_259,50.8146302,18.6278257
PL_206075,52.0382802,16.6040306
PL_906,52.0340235,15.6167729
PL_907,52.7005289,22.050609111593815
PL_950,52.6932185,22.019689
PL_952,53.3613838,20.4275719
PL_210701,50.4521463,19.5213629
PL_761,50.0372232,21.064394
PL_638,50.47213,22.7177204
PL_865,50.2799324,18.464062
PL_203772,51.1910223,20.4071836
PL_202081,51.1910223,20.4071836
PL_510,52.6513857,16.0808137
PL_412,50.6789196,18.2125227
PL_463,53.1860233,18.6112806
PL_272,52.3088119,16.4124256
PL_497,53.1860233,18.6112806
PL_394,52.3088119,16.4124256
PL_657,50.9398768,21.38743
PL_202960,50.6065834,18.4801284
PL_905,50.8120466,19.113213
PL_894,50.273258287,18.942308745
PL_892,50.9398768,21.38743
PL_733,50.273258287,18.942308745
PL_753,51.4082625,19.696167
PL_750,51.4082625,19.696167
PT_188,39.6847926,-8.8944977
PT_129,39.1916368,-9.1807616
PT_126,40.49453,-8.57847
PT_190,39.6888294,-8.9612542
PT_70,40.5169467,-8.4158179
PT_82,40.746348,-8.312391
PT_130,37.1395485,-8.0232598
PT_229140,40.645774622,-8.603777033
PT_205803,40.5138208,-8.4928163
PT_187,38.6267448,-9.0817127
PT_246,38.5852943,-8.6914619
PT_252,37.8225227,-25.5194914
PT_117,38.6593167,-27.2195578
PT_12,39.8468917,-8.697609
PT_244,41.3814913,-8.3361532
PT_144,37.012562,-76.400576
PT_207,40.981447,-8.519474
PT_208,40.981447,-8.519474
PT_222,40.6071358,-8.4643646
PT_89,40.1485808,-8.855655
RO_274,45.7917331,20.7183733
RO_204906,45.051762875,24.31196295
RO_67,44.6419986,27.6530653
RO_125,46.639394,27.7309515
RO_214780,49.857515,-99.899877
RO_197,44.4361414,26.1027202
RO_55,45.2920023,25.0923506
RO_57,45.9565318,22.8793348
RO_56,45.131753726,25.423314165
RO_251,44.2065837,27.3115752
RO_224,44.9417468,26.0236504
RO_44,45.4338215,28.0549395
RO_216,45.667069923,25.601317127
RO_39,44.5635999,27.3618477
RO_50,46.5446253,24.561196
RO_79,45.302004192,27.981121017
RO_82,46.783921803,23.632451516
RO_208,44.9959656,25.3996873
RO_209,45.36440225,23.261200442690622
RO_206,46.56667,26.55
RO_207,45.1807352,27.9303113
RO_283,44.9417468,26.0236504
RO_143,45.955829773,23.571607635
RO_227,44.8011015,22.9678763
RO_242,43.773917371,24.499009898
RO_250,47.8461055,25.9181822
SE_391,57.6564918,12.0153085
SE_49,43.559509144,4.081772466
SE_47,43.559509144,4.081772466
SE_48,43.559509144,4.081772466
SE_517,60.606994318,15.599940373
SE_214,60.606994318,15.599940373
SE_216440,60.6070068,15.6323059
SE_549,60.6070068,15.6323059
SE_77,60.606994318,15.599940373
SE_215301,60.606994318,15.599940373
SE_515,60.6105629,15.648974288
SE_210604,67.135243,20.6604843
SE_813,45.3999441,36.4892836
SE_560,67.158227,20.635128
SE_97,67.1377895,20.6594325
SE_205805,67.133330867,20.684478167
SE_526,66.6058539,19.8379317
SE_590,58.7093225,13.8228754
SE_780,58.7093225,13.8228754
SE_148,58.7093225,13.8228754
SE_156,59.5180076,15.9964031
SE_155,59.5137434,15.9970475
SE_597,59.5137434,15.9970475
SE_162,57.6674439,14.9735595
SE_188,57.4902661,12.6433172
SE_206924,57.5080076,12.6970568
SE_615,57.5080076,12.6970568
SE_757,67.8490019,20.3027701
SE_758,67.8490019,20.3027701
SE_202867,67.8490019,20.3027701
SE_208482,67.8518066,20.243812
SE_278,67.8490019,20.3027701
SE_226564,67.862326,20.224622736
SE_211378,56.26350858,21.494722865
SE_756,67.8490019,20.3027701
SE_209930,67.849056633,20.250028207
SE_215,60.6218652,16.7759991
SE_291,58.359044,11.928497
SE_502,57.7072326,11.9670171
SE_201625,57.7134618,11.8426912
SE_668,58.359044,11.928497
SE_204881,58.3490555,11.9382855
SE_292,58.359044,11.928497
SE_516,58.359044,11.928497
SE_669,58.359044,11.928497
SE_670,58.359044,11.928497
SE_667,58.359044,11.928497
SE_213481,59.8586126,17.6387436
SE_481,62.7748274,17.912081
SE_458,59.7966916,13.1090966
SE_433,65.7996105,23.2892678
SE_432,59.3518935,13.1056834
SE_434,58.576409,15.9224585
SE_226,59.3649974,17.031435833
SE_513,58.359044,11.928497
SI_61,46.6624644,16.1655256
SI_44,46.2293889,15.2616828
SI_47,46.165274,14.3067474
SI_57,45.5636618,14.2453318
SI_74,46.236866,15.090544
SI_62,46.560672,16.452221
SI_28,46.0500268,14.5069289
SI_31,46.0661317,15.1818757
SI_32,46.3636679,14.3095397
SI_13,45.89,13.66861
SK_222671,48.7718361,18.6234916
SK_203784,48.8746597,21.8337692
SK_4,48.4833983,18.7215497
SK_174,49.4375146,18.7896041
SK_71,48.8922719,18.0387465
SK_111,48.2897126,18.5311304
SK_77,49.0835785,19.612785
SK_87,48.1557669,17.131420337823194
AT_205430,48.3069619,16.8293716
AT_205431,48.2083537,16.3725042
AT_205432,48.5576408,14.4764598
AT_50,48.3620058,14.0191063
AT_204,48.573304,12.412105
AT_47,47.750822,11.738955
AT_200,47.032639681,15.463111791
AT_199,47.032639681,15.463111791
AT_69,47.7910257,12.9651982
AT_71,47.8122366,13.7741666
AT_201690,47.373857715,15.093847475
AT_42,48.5282016,16.3628114
AT_202778,47.4712228,15.162775
AT_159,48.2214369,14.2368078
AT_167,47.215441,9.6318883
BE_179,51.0538286,3.7250121
BE_149,50.56261935,5.388190648822447
BE_276,51.2185443,4.3302898
BE_206066,51.2305657,5.3076895
BE_33,50.7048651,2.899345493293405
BE_32,50.7048651,2.899345493293405
BE_34,50.749517759,2.946654246
BE_132,51.1646685,4.1395124
BE_270,49.5677263,5.5329559
BE_206988,51.0802695,5.0073022
BE_209004,50.53332105,3.5636806619041073
BE_218300,46.654699842,14.457805509
BE_28,50.8074825,4.9371775
BE_728,51.3799481,5.020006396691279
BE_215240,51.0881287,4.3306925
BE_148,51.0762086,4.2817075
BE_215241,51.0881287,4.3306925
BE_102,51.1610826,4.9903187
BE_101,51.3191388,4.8564494
BE_241,50.999964750000004,3.3414263284671195
BE_735,51.4776,5.476148
BE_730,51.38525,4.565174345040151
BE_50,50.7423427,5.731253
BE_729,50.912395599999996,4.651740221504511
BE_206139,51.2185443,4.3302898
BE_206,50.6135424,5.8332027
BE_56,50.213464,3.832965
BE_55,50.213464,3.832965
BE_54,50.213464,3.832965
BE_52,50.213464,3.832965
BE_51,50.213464,3.832965
BE_53,50.213464,3.832965
BE_731,51.4776,5.476148
BE_162,50.9204857,3.8589196
BE_318,51.2516344,4.4980446
BG_142,42.09946,25.2247171
BG_119,43.0820584,25.6321312
BG_141,46.8546716,30.0711363
BG_146,42.09206664,25.2166284
BG_203780,42.1777683,24.2947645
BG_71,43.551821,10.979566
BG_2,42.6817633,26.3153528
BG_1,42.483935,26.5105553
BG_63,46.67426,15.045298
BG_20,42.586289774423555,23.05743973038554
BG_57,38.894095,-9.038505
BG_135,43.0820584,25.6321312
BG_145,46.8546716,30.0711363
BG_205061,43.2184213,27.5564948
BG_94,43.5688397,27.8297415
BG_121,45.595065,3.00174
CZ_179,50.104411691,13.730836717
CZ_370,50.2868003,16.0442801
CZ_371,50.369326,14.9623322
CZ_83,50.7392156,15.393650608939103
CZ_280,49.7317867,18.2903689
CZ_283,49.9070682,14.0338246
CZ_333,48.8266456,16.3979548
CZ_365,49.0663495,14.3660772
CZ_231,49.6126397,16.6794242
CZ_232,49.60569489810126,16.67993305341772
CZ_114,49.671010886,18.654985565
CZ_3,50.0385812,15.7791356
CZ_340,50.2415548,14.3106491
CZ_260,50.6009532,13.6110485
CZ_216561,50.3731536,13.6406811
CZ_204,49.9511458,15.7947559
CZ_352,49.6571124,15.6580813
CZ_375,49.1443265,15.003354
CZ_398,49.1922443,16.6113382
CZ_191,50.0288894,15.2011571
CZ_190,50.0288894,15.2011571
CZ_354,49.70527279238864,14.903670174498286
CZ_103,49.4023991,15.585198515
CZ_201994,50.1479146,14.1393843
CZ_206784,49.8188428,18.2833836
CZ_234,50.6009532,13.6110485
CZ_149,49.46453217680061,17.975624718555725
CZ_92,50.6009532,13.6110485
CZ_362,49.6324875,16.7118442
DE_304,50.9818378,6.075201
DE_287,51.6516157,8.0787633
DE_294,48.7001539,12.0282878
DE_309,49.5800045,10.6087584
DE_393,53.3576972,8.645642
DE_451,53.832978621,10.653475374
DE_182,52.1467353,7.9747711
DE_181,52.1467353,7.9747711
DE_188,48.371205139,10.906511721
DE_561,48.6904085,9.7395144
DE_524,48.774034,14.988525
DE_576,51.927128454,9.265793156
DE_550,50.9664763,13.2784375
DE_1863,50.694734178,10.297748094
DE_521,51.526917437,6.748173397
DE_25,53.447046018,9.988267886
DE_23,53.447046018,9.988267886
DE_21,53.447046018,9.988267886
DE_30,53.447046018,9.988267886
DE_26,53.447046018,9.988267886
DE_22,53.447046018,9.988267886
DE_29,53.447046018,9.988267886
DE_27,53.447046018,9.988267886
DE_24,53.447046018,9.988267886
DE_4005,51.361349995,6.728556844
DE_668,50.810902701,7.162051747
DE_687,51.7555148,8.041135
DE_728,51.90882653,11.864691375
DE_1854,48.7630165,11.4250395
DE_1326,51.173248791,6.822919188
DE_797,47.636494309,7.689266375
DE_1273,52.3805562,13.2685278
DE_835,50.938361,6.959974
DE_873,50.938361,6.959974
DE_1074,52.551833785,13.504651523
DE_1085,52.446615326,13.45006046
DE_1066,50.8090106,8.7704695
DE_1080,51.346719341,6.551216926
DE_2498,51.2405119,14.890363
DE_3598,50.9220931,6.3611015
DE_179,50.9371308,6.5698302
DE_3794,51.679001789,11.764466222
DE_3699,51.744507797,6.310281649
DE_3795,28.807322456,-81.539305232
DE_3796,50.659096089,6.786248654
DE_1400,51.66268,7.6355052
DE_1674,50.797762016,6.482502191
DE_1180,52.488060194,13.458085844
DE_785,53.901273661,9.130841732
DE_634,51.845177,12.3498845
DE_1758,49.643684,9.2225034
DE_1511,54.294995617,13.100749463
DE_822,51.4602168,8.8552071
DE_1505,49.86477,8.95669
DE_672,51.6398512,7.2605914
DE_815,51.408848788,7.278219025
DE_972,51.3157833,9.4978479
DE_650,51.320054106,6.567859754
DE_1451,52.2040839,10.9159208
DE_1472,51.3878458,10.3212678
DE_993,51.420086041,6.757966718
DE_931,49.3123993,12.1938198
DE_1508,51.961265132,8.531289694
DE_1548,51.222489838,6.463569727
DE_1616,51.8953514,11.0520563
DE_1200,52.841517675,13.736646775
DE_1500,52.246592275,7.474770892
DE_1868,51.1592018,13.6819406
DE_1319,51.137725567,6.901499987
DE_1095,51.202072397,6.753062506
DE_1323,51.202072397,6.753062506
DE_1441,51.2254018,6.7763137
DE_776,51.224172241,6.807622016
DE_784,51.9604088,8.6638732
DE_648,52.398841626,9.723853955
DE_1148,48.66897477,10.168281852
DE_217820,48.4487175,10.2213539
DE_2794,53.885183808,11.443314433
DE_1536,53.607431588,9.42219174
DE_206964,54.092891449999996,13.648600137344268
DE_4,51.598497614,7.041382645
DE_3,51.598497614,7.041382645
DE_1250,53.901273661,9.130841732
DE_56,49.357883099999995,6.73626683276364
DE_3902,49.357883099999995,6.73626683276364
DE_64,51.483616323,7.185182054
DE_68,51.304829779,6.584496025
DE_204300,51.3436532,8.2859257
DE_201734,51.444016507,6.898235465
DE_205538,51.304829779,6.584496025
DE_205539,51.164527876,6.872977223
DE_205540,50.75211,8.31573
DE_202378,49.357883099999995,6.73626683276364
DE_202382,49.357883099999995,6.73626683276364
DE_222820,47.817379695,12.942275062
DE_204196,51.4390092,12.3714685
DE_203532,50.751146824,6.21767396
DE_204198,50.75050756,6.274246685
DE_134,48.997557862,11.811944434
DE_122,50.76806535,12.14797325854277
DE_1875,50.9486186,11.9948444
DE_136,52.2103897,7.3218939
DE_157,52.1467353,7.9747711
DE_4134,52.2236431,7.7453168
DE_180,51.744507797,6.310281649
DE_176,50.9220931,6.3611015
DE_177,50.659096089,6.786248654
DE_183,51.679001789,11.764466222
DE_178,28.807322456,-81.539305232
DE_203844,53.4973636,8.4820227
DE_205616,53.4973636,8.4820227
DE_257,50.738955944,8.283444884
DE_1882,52.0432285,11.5802935
DE_4135,52.510550994,11.401316599
DE_77,50.3412072,6.7593491
DE_1858,50.004074063,8.232787414
DE_202530,51.5714513,14.3804302
DE_225001,51.5335089,11.0289545
DE_222465,53.1771495,10.3484577
DE_225302,49.8019103,10.1612139
DE_493,49.4892913,8.4673098
DE_492,49.4892913,8.4673098
DE_204581,49.4892913,8.4673098
DE_203642,53.168444031,8.648125061
DE_299,49.8986101,10.2699932
DE_427,52.7310691,8.2873162
DE_431,52.2069662,7.924473
DE_1401,50.988462571,7.109093217
DE_205509,52.1448863,14.6294413
DE_1774,49.4892913,8.4673098
DE_204582,49.4892913,8.4673098
DE_1577,50.9618156,12.7558573
DE_563,47.8760016,9.6359092
DE_572,51.5090795,8.9975827
DE_584,53.1645939,7.3536239
DE_510,51.341774855,9.856587863
DE_204565,53.607431588,9.42219174
DE_212540,53.607431588,9.42219174
DE_226953,50.0564941,7.1255275
DE_567,50.674805,7.6288485
DE_205528,51.8322137,6.2428283
DE_202804,51.456174621,6.657492252
DE_202799,51.537863255,7.224580413
DE_225521,51.456174621,6.657492252
DE_202802,51.456174621,6.657492252
DE_4146,48.2513878,11.6509662
DE_1028,54.326430811,10.113672038
DE_1023,54.355830238,10.119498279
DE_1218,54.331956076,10.195431614
DE_211019,54.331956076,10.195431614
DE_1015,54.321243754,10.058191058
DE_210483,54.331956076,10.195431614
DE_204213,51.598497614,7.041382645
DE_1794,51.6291126,12.1175042
DE_1119,51.4586736,12.6344389
DE_1330,50.87347866,12.056446085
DE_1331,50.88539186,12.091206139
DE_1236,47.764296633,9.604549689
DE_1268,53.11432903,8.762252774
DE_216601,48.813284327,10.163298793
DE_2894,49.9725016,10.6662064
DE_2798,49.0543232,8.2667399
DE_1101,48.488756686,9.216585657
DE_202822,50.8090106,8.7704695
DE_211499,50.8090106,8.7704695
DE_1775,50.8090106,8.7704695
DE_1492,51.304829779,6.584496025
DE_1002,52.421366564,13.419351809
DE_1211,52.411512301,13.494583118
DE_1090,52.437364333,13.544235554
DE_1086,49.357883099999995,6.73626683276364
DE_913,50.56761,10.4153029
DE_825,54.102500213,12.064835044
DE_827,54.399470189,10.162064258
DE_818,52.3805562,13.2685278
DE_1394,50.807926049,6.060817322
DE_1395,52.494350452,13.303149195
DE_1368,51.3233566,12.0242496
DE_1497,51.3233566,12.0242496
DE_210167,51.3233566,12.0242496
DE_206141,48.1667467,11.803713
DE_932,49.7933723,9.9309779
DE_1489,49.7209693,11.9018013
DE_1491,49.6124242,11.8070092
DE_936,48.1095685,11.7264765
DE_1442,53.3670541,7.2058304
DE_946,53.660816948,7.435961454
DE_1772,51.5050418,14.3356761
DE_1773,51.5050418,14.3356761
DE_1626,52.2646577,10.5236066
DE_1624,52.220951023,10.523529343
DE_1622,52.2646577,10.5236066
DE_1621,52.2646577,10.5236066
DE_1617,52.2646577,10.5236066
DE_1637,49.971547302,6.526966017
DE_619,49.3181673,7.3340336
DE_202509,50.5157382,7.3065922
DE_1285,51.456174621,6.657492252
DK_379,55.9719082,12.0174311
DK_202911,56.8033777,9.5168986
DK_203937,56.049638,9.961902
DK_205619,56.1496278,10.2134046
DK_20,50.348963748,5.469004046
DK_288,54.8304979,11.1493517
DK_287,54.7646137,11.8709918
DK_400,55.5154338,10.4004689
DK_99,56.3590324,8.6159188
DK_98,56.3590324,8.6159188
DK_97,56.3590324,8.6159188
DK_96,56.3590324,8.6159188
DK_95,56.3590324,8.6159188
DK_70,57.108701,12.244636
DK_81,47.000126,-120.417738
DK_84,,
DK_82,56.4617545,10.0371476
DK_83,47.000126,-120.417738
DK_85,56.3590324,8.6159188
DK_106,56.0893891,8.6295216
DK_228,55.6433478,12.0819247
DK_344,56.6371753,9.7939799
DK_91,55.0994511,14.7060906
DK_101,55.2464268,9.3082416
DK_382,56.1390178,9.1547931
DK_104,56.4778422,8.7828263
DK_281,56.0893891,8.6295216
DK_411,55.010111,11.907218
DK_405,56.1390178,9.1547931
DK_409,56.1244169,12.3124485
EE_55,58.884772006,25.537952284
EE_18,58.379994352467534,24.49581694961039
EE_17,58.38591398993056,24.558281133680556
EE_28,58.371294878,26.7077204
EE_29,57.785012741,26.039074205
EE_14,58.931051855335966,23.540682507114624
EE_16,58.744087246,26.380837893
EE_15,59.31123591547619,24.42082655952381
EE_217700,58.508626,24.722095
ES_829,41.2798081,1.2970011
ES_466,41.47739425,1.635018453270908
ES_467,41.3169975,1.1771329
ES_278,41.4870645,-2.5335988
ES_177,42.0798561,0.2199004
ES_451,41.4408877,1.8634309
ES_220694,38.096787,-3.7765601
ES_202102,39.9621514,-0.2593846
ES_203223,39.9372616,-0.1004465
ES_201993,40.06975030769231,-0.2075002
ES_207695,39.9621514,-0.2593846
ES_205622,40.1126075,-0.0541178
ES_202768,40.0607474,-0.1373779
ES_206061,40.0746619,-0.2142146
ES_202255,39.9621514,-0.2593846
ES_202256,39.9621514,-0.2593846
ES_522,41.28562677737408,1.5577102453532867
ES_221,36.7617688,-5.3118528
ES_758,42.063972,-1.6053391
ES_554,40.0220526,-0.2782945
ES_516,41.6138122,2.0875963
ES_565,39.9621514,-0.2593846
ES_564,,
ES_384,44.309777046,8.473711105
ES_143,38.096787,-3.7765601
ES_694,42.4451704,-2.2913654
ES_246,43.416836055,-3.841517606
ES_533,39.9621514,-0.2593846
ES_984,40.155220811,0.044922372
ES_506,41.6651189,0.5560656
ES_353,38.6419862,-3.4666934
ES_354,38.6419862,-3.4666934
ES_669,42.806066435,-7.617944835
ES_293,41.6521807,-4.728605
ES_370,40.1248436,-3.8492688
ES_294,41.3577746,-5.7252637
ES_120,38.096787,-3.7765601
ES_609,38.2987026,-0.6785498
ES_755,42.063972,-1.6053391
ES_363,40.0454287,-3.8354787
ES_361,40.0454287,-3.8354787
ES_362,40.0454287,-3.8354787
ES_757,42.063972,-1.6053391
ES_753,42.5646889,-1.2541073021205065
ES_220382,39.9503682,-2.0210007
ES_227312,40.535276,-3.662524
ES_90056,28.4204111,-14.0130914
ES_1506,41.2870705,-0.3249532
ES_90031,38.6852161,-4.1111749
ES_169,41.66875282,-0.82935392
ES_901,41.6715067,-3.6851172
ES_902,41.670138548,-4.736241156
ES_1049,43.2684642,-2.0193784
ES_1048,42.8465088,-2.6724025
ES_1053,40.0086075,-3.0102243
ES_863,37.183774158,-5.783886023
ES_955,41.287682428,1.251966447
ES_899,41.6521807,-4.728605
ES_1027,35.6903048,4.7749868
ES_1032,38.00198108919966,-1.1610906652549886
ES_465,41.5551874,1.6747485
ES_743,42.782578599999994,-1.3711469491762205
ES_90066,40.203264,-88.961671
ES_267,41.7179987,-2.4766302
ES_767,43.24687,-1.9917045
ES_30,37.387395,-4.7716241
ES_176,30.573567253,31.489566879
ES_549,39.2854089,-0.426264
ES_724,37.844244529,-1.419724364
ES_1001,38.97990646,-5.79863128
ES_214601,41.6111953,-3.4004797
ES_842,41.6111953,-3.4004797
ES_870,37.173063349,-3.609487022
ES_890,43.3080667,-4.2358532
ES_206149,43.50271,-5.742197
ES_827,43.553210279,-5.883511931
ES_212480,42.366489425,-3.66261532
ES_213,43.2624403,-5.6740521
ES_196,43.3330274,-5.7730318
ES_389,41.9793006,2.8199439
ES_739,42.685360155,-1.662235754
ES_203623,39.8519011,-0.4895537
ES_1039,43.2473784,-2.8898182
ES_393,41.482812342,2.182897314
ES_545,39.718371323,-0.246397253
ES_306,40.0271087,-3.9115161
ES_250,42.8029091,-5.6292227
ES_197,43.3330274,-5.7730318
ES_198,43.564256522,-5.727855
ES_202493,39.0916315,-5.4681268
ES_202143,43.338724613,-8.416818194
ES_297,42.5989995,-5.5682413
ES_89,38.096787,-3.7765601
ES_116,37.1416926,-2.7792318
ES_355,38.6419862,-3.4666934
ES_73,37.3841757,-6.5517596
ES_486,41.64750335,2.3066305679612547
ES_515,41.6472222,0.6944444
ES_788,43.0848925,-2.1486222
ES_469,42.051345467,2.962983067
ES_780,43.2661107,-1.9747419
ES_464,41.3246333,2.0952568
ES_439,41.43475662092562,2.166809222252788
ES_834,38.718088131,-0.662142254
ES_632,43.473674,-8.1625614
ES_1503,38.758696,-75.236045
ES_90010,37.3886303,-5.9953403
ES_205784,41.124562175,1.17777995
ES_205841,41.6756178,2.7932391
ES_637,43.457326756,-8.251557814
ES_551,39.9860347,-0.0377354
ES_201766,43.3045943,-8.508275
ES_201765,38.6852161,-4.1111749
ES_206347,40.481954,-3.363981
ES_220343,40.430232299,-3.623614882
ES_203767,43.335987505,-4.098071935
FI_631,60.484849436,22.315866133
FI_119,66.7161179,27.4333534
FI_118,66.7154855,27.5177454
FI_117,66.723706654,27.386830977
FI_120,66.752331158,27.342213931
FI_492,63.6744703,22.7055385
FI_57,60.4688687,22.0291149
FI_121,66.7161179,27.4333534
FI_445,64.6845313,24.4816349
FI_500,60.9966192,24.465141
FI_476,65.0117869,25.4701983
FI_218720,18.47339967,-69.884480595
FI_576,65.972113913,29.183899353
FI_643,62.2417066,25.7495727
FI_231,60.484849436,22.315866133
FI_499,60.485513,22.1692664
FI_501,61.1159763,28.4835375
FI_204381,61.1163997,22.1624101
FR_562,48.0301287,0.3718076
FR_289,49.4151549,1.089746
FR_470,48.6762624,5.8941759
FR_206056,43.397499,5.033925
FR_206055,43.4380714,4.945595
FR_204944,43.397499,5.033925
FR_608,44.0708455,5.9927311
FR_204945,45.708491,4.8532593
FR_784,43.0538068,2.2176533
FR_635,43.526046,5.44467
FR_1007,50.5326276,3.1740541
FR_991,50.639561903,3.002637269
FR_786,36.466215136,-5.414431373
FR_692,48.9931578,1.909928
FR_160,46.910578,4.7523461
FR_787,43.2951,2.04596
FR_785,43.3192021,1.9533495
FR_1021,45.90572,0.585504033893077
FR_888,43.6112476,1.3367443
FR_790,43.2996,2.01924
FR_1148,46.910578,4.7523461
FR_114,49.2298878,-0.1878736
FR_879,43.477798366,2.49109934
FR_1130,43.0538068,2.2176533
FR_945,50.3579317,3.5234846
FR_648,42.954345,-75.201657
FR_1161,49.6980622,4.4194543
FR_1028,45.8765414,0.5814368
FR_305,50.0656442,1.3892492
FR_1058,46.745713,-0.2254772
FR_599,43.9567795,4.9294712
FR_338,45.8872222,0.9011111
FR_500,48.1449607,6.6176758
FR_405,45.4401467,4.3873058
FR_509,47.659182,9.454022
FR_826,48.6583055,7.8277685
FR_215780,44.914572,2.431326
FR_234,49.3624227,4.1719947
FR_206222,47.9102341,-2.7232008
FR_105,44.8552882,-0.5239863
FR_225689,45.7512575,3.1144195
FR_808,48.584614,7.7507127
FR_855,48.5146952,7.6437386
FR_217880,48.6427131,2.230811
FR_898,50.9870697,2.1273118
FR_598,43.9787328,4.9035659
FR_209522,48.6530512,6.1947541
FR_713,48.6998552,2.4172117
FR_203713,48.0408514,7.5448609
FR_75,44.9015003,-0.5163222
FR_797,43.8374249,4.3600687
FR_468,48.6599676,6.1724618
FR_217260,48.6599676,6.1724618
FR_588,43.455613,5.4710661
FR_439,45.7490363,6.4205158
FR_188,48.04274,-2.99076
FR_266,49.4966218,0.3167449
FR_949,50.7235038,3.1605714
FR_788,43.1837757,3.0041906
FR_853,47.7467233,7.3389937
FR_927,50.9946103,2.2192457
FR_309,49.0932008,1.4857205
FR_1067,47.3900474,0.6889268
FR_1088,46.947766,1.9882811
FR_1094,46.784506,2.372408
FR_970,50.3644331,3.1117295
FR_412,45.5844238,4.7696529
FR_202,46.3400296,2.6073963
FR_1076,47.9978628,2.7310072
FR_719,48.986025,2.2303498
FR_199,46.3400296,2.6073963
FR_747,48.934231,2.499789
FR_676,48.268026,2.6953079
FR_773,48.8478753,2.136145
FR_732,48.753613,2.2958034
FR_328,19.003292385,-69.36252687
FR_1106,46.3870276,6.5436956
FR_238,49.2577886,4.031926
FR_169,48.46244615,-2.516502292079859
FR_154,47.7961287,3.570579
FR_718,48.9911296,2.2792058
FR_65,62.714393688,23.101516962
FR_499,48.1725865,6.8785935
FR_45,49.892081939,2.299024273
FR_698,48.7809496,2.1900052
FR_140,47.288535,6.5245688
FR_1137,49.5188282,0.534411
FR_680,48.1868057,2.7426674
FR_448,45.3969746,4.7749904
FR_671,48.3849647,2.9557006
FR_868,44.0717128,2.0964783
FR_1147,45.1133022,7.398247
FR_803,43.4014434,3.6959771
FR_76,44.9015003,-0.5163222
FR_268,49.3534994,1.0043489
FR_619,43.4380714,4.945595
FR_1037,46.5802596,0.340196
FR_933,50.7016015,3.2153907
FR_100,43.5236127,-1.4857538
FR_1151,50.2215226,3.8485702
FR_582,48.023611828768146,0.34331023542963224
FR_809,48.0697228,7.3603178
FR_667,49.0155891,3.0284612
FR_552,47.969283,0.1578819
FR_203582,45.8354243,1.2644847
FR_551,48.0073849,0.1967849
FR_184,48.1113387,-1.6800198
FR_212100,45.1584982,1.5332389
FR_206243,45.1584982,1.5332389
FR_209325,45.1584982,1.5332389
FR_206363,44.112008169,9.829050959
FR_206365,45.1584982,1.5332389
FR_206364,45.1584982,1.5332389
FR_206194,46.9040348,6.3546345
FR_205878,43.6604837,-1.3029669
FR_205877,43.8227791,-0.8489899
FR_205876,43.8911318,-0.500972
FR_347,45.8333789,5.0969884
FR_618,43.4380714,4.945595
FR_1127,47.640821,6.852154
GB_421,52.622042188,1.239703378
GB_205950,51.03249636,-0.08971664
GB_205465,51.51647,0.14448
GB_206934,51.59069,-3.12398
GB_205754,51.5037,-0.44592
GB_210303,51.6714842,-1.2779715
GB_205755,51.2294852,-2.319846671158359
GB_439,51.77046785,0.46466977412300386
GB_177,53.76983,-0.34368
GB_224,54.6179021,-1.0687914
GB_878,54.5760419,-1.2344047
GB_438,51.8653705,-2.2458192
GB_449,52.45022386666667,0.7217408333333333
GB_518,53.38792,-2.29318
GB_572,55.1511124,-6.6766429
GB_573,54.9978678,-7.3213056
GB_584,54.864725500000006,-6.143637910742768
GB_589,52.274923033,-1.566136
GB_614,56.3417113,-2.7977093
GB_617,55.916667,-3.5
GB_375,52.199054,-4.1741458
GB_390,51.5074456,-0.1277653
GB_423,51.87397975,0.9452081
GB_659,55.71806,-4.71857
GB_324,52.0679197,-0.5096445
GB_323,51.9158024,-1.0013525
GB_754,53.79098,-1.04153
GB_757,53.487328,-2.07863
GB_1257,53.692959079,-1.488195279
GB_1256,51.35357,-0.4937
GB_893,53.7974185,-1.5437941
GB_1007,52.9148537,-1.4655926
GB_894,51.99803275,-0.47915142854055964
GB_896,51.99803275,-0.47915142854055964
GB_292,52.7622274,-1.2954013
GB_737,52.4796992,-1.9026911
GB_1273,53.60516,-2.2245
GB_206228,54.9448,-1.594719
GB_207546,51.4065052,-3.2666925
GB_673,52.4796992,-1.9026911
GB_672,52.4796992,-1.9026911
GB_674,52.4796992,-1.9026911
GB_205764,52.9089585,-3.8335244282124785
GB_207922,33.69659,-117.770842
GB_207665,53.35253,-2.74675
GB_192,52.9434616,-1.1854889294117645
GB_210519,52.39232,-1.26785
GB_209344,57.166667,-2.666667
GB_208342,57.166667,-2.666667
GB_210488,53.736563,-0.2358004
GB_210454,52.95669,-1.06992
GB_210466,53.3820315,-2.5989726
GB_210467,53.74743,-0.22914
GB_206046,51.28775,1.34435
GB_709,57.14533766,-2.28255996
GB_137,51.5074456,-0.1277653
GB_169,53.7035625,-0.8715949
GB_428,53.414721,-4.483023
GB_427,37.8708393,-122.272863
GB_406,53.80684695,-1.55522003
GB_1005,39.5506029,-90.4801247
GB_337,52.9148537,-1.4655926
GB_205867,51.533543,-2.570758
GB_794,53.41582765,-2.8156668489442156
GB_205045,53.7830505,-1.5115052
GB_205046,55.93406,-3.39575
GB_208464,53.50523,-2.29425
GB_205043,53.88321,-2.38668
GB_205044,53.5965599,-0.60109
GB_205070,52.217617,-3.11616
GB_205068,51.5035346,-0.409105
GB_205066,51.809477,-4.184883
GB_205069,51.17948,0.83345
GB_298,50.8178906,-0.4759664
GB_309,50.8364862,-0.7791721
GB_458,50.8496934,-1.07102708
GB_997,53.4794892,-2.2451148
GB_202585,50.9025349,-1.404189
GB_175,51.493534,-3.539649
GB_233,53.3646888,-2.7283328
GB_875,51.30695,0.45581
GB_739,52.4796992,-1.9026911
GB_731,52.4796992,-1.9026911
GB_734,52.4796992,-1.9026911
GB_935,52.4796992,-1.9026911
GB_936,53.208413,-1.856508
GB_204661,53.1754917,-3.1494867
GR_66,40.945742,24.405788
GR_207652,38.755486,23.5819098
GR_216940,39.2555538,22.0524356
GR_87,40.6403167,22.9352716
GR_89,38.047608,23.5348663
GR_86,44.2312674,22.529844
GR_127,10.446603,-75.280144
GR_206162,44.834944,14.411839
HR_203861,45.684938846,18.404661617
HR_206341,46.1643817,16.3348602
HR_204298,45.1933954,14.0951678
HR_205104,45.4907759,18.0938075
HR_205953,45.2883771,18.8045248
HR_205956,45.2883771,18.8045248
HU_1004,47.1753833,20.1946279
HU_154,47.9557802,21.7167982
HU_41,47.531399,21.6259782
HU_35,45.7847076,18.4345572
HU_213600,47.531399,21.6259782
HU_210166,47.9557802,21.7167982
HU_211678,48.1267635,22.312647
HU_90,47.601529,19.3476981
HU_252,46.9649048,18.9405047
HU_270,46.9073883,19.6917206
HU_72,47.0620043,18.0409677
HU_256,47.1056579,17.5587276
IE_14,53.33852415,-6.205315044351925
IE_31,44.2699904,-88.1109349
IE_38,54.6456134,-8.430599
IE_97,53.8568418,-9.297967
IE_111,53.626853,-8.184814
IE_21,51.8985136,-8.4726423
IE_206992,53.36153295,-6.312670259218896
IE_35,52.69078865,-6.825145150844913
IE_116,52.8435152,-8.983747
IS_229567,26.2768744,50.6662646
IS_209622,64.125327895,-21.871994189
IT_737,43.860297258,10.580446628
IT_60,44.1488707,7.9126065
IT_189,45.1762691,10.3129568
IT_838,45.0531228,12.0572
IT_242,45.4560104,11.3842392
IT_456,41.498319,13.752311
IT_481,42.0474231,13.927011
IT_16,45.034045,7.518419
IT_524,40.9961268,15.6556545
IT_763,41.9983273,14.9939366
IT_947,41.88423,13.583912
IT_995,42.353166,10.89642944345152
IT_592,39.0806223,17.127196
IT_162,45.5258193,10.21441
IT_428,43.3517605,12.5772959
IT_1086,45.5128319,9.2846717
IT_204901,42.9074021,10.8519749
IT_203023,42.443684,-83.051316
IT_1224,45.65245845,9.354341941243387
IT_214220,37.496305638,15.080775282
IT_535,38.0173961,12.5160225
IT_537,37.983651,13.695554
IT_1042,46.6695547,11.1594185
IT_1143,46.4984781,11.3547399
IT_209504,45.879860964,7.622308979
IT_518,40.6375408,17.9454957
IT_301,45.8049454,13.5330592
IT_543,38.169727,15.2725271
IT_899,46.3305243,12.3228878
IT_930,44.6934008,10.4224798
IT_711,44.7520202,10.2166909
IT_11,45.062216948,7.586095995
IT_238,45.7081441,11.5647668
IT_868,44.9455937,10.2799467
IT_98,45.8960048,8.7329793
IT_225,45.421687,11.09689
IT_1078,45.4424748,11.5844477
IT_593,39.25001682,17.08726004
IT_944,43.878042974,11.101243724
IT_131,45.6087178,9.5198437
IT_1057,45.5426768,9.1175818
IT_1035,45.1372206,7.7712531
IT_1092,40.7499887,14.5269491
IT_1120,45.5640412,11.3748519
IT_1126,45.519292,11.338594
IT_1124,46.2841073,12.308138
IT_1190,40.7499887,14.5269491
IT_218320,43.3358407,12.9046187
IT_207014,40.8370333,8.4013292
IT_222689,45.617409401,13.807281547
IT_600,43.825696,10.560605575
IT_825,45.894748102,13.233219435
IT_290,45.0619946,12.1889247
IT_285,45.0531228,12.0572
IT_432,42.8774972,12.7474547
IT_226,45.3826109,10.9955815
IT_43,45.5748887,8.5561394
IT_202733,43.9275158,10.644575
IT_802,40.886431,17.165495
IT_252,45.4024774,11.5337205
IT_18,45.334155,7.796819
IT_21,44.9491112,7.7718109
IT_204382,45.0061458,8.9269892
IT_228120,47.433602,8.037517
IT_201859,41.8933203,12.4829321
IT_201869,44.732601464,10.788162045
IT_202578,44.540718603,10.784777052
IT_202463,44.3436928,10.838079634
IT_202103,44.539143,10.8118482
IT_217220,44.540718603,10.784777052
IT_202031,38.275048,16.2973958
LI_2,47.2122144,9.5062136
LT_24,55.7344985,24.3578055
LT_31,54.3961344,24.0459268
LT_43,55.3413747,21.4605697
LT_84,54.7520669,23.4985141
LT_79,56.1999121,24.7571107
LT_82,55.6294679,22.9313095
LT_78,54.0171932,23.9772282
LT_81,55.9846135,22.2490753
LT_100,55.7175688,21.3950166
LT_103,54.7520669,23.4985141
LT_206910,39.990184,-75.217795
LU_1,49.811143,6.0910235
LV_55,36.134422,-115.179275
LV_16,56.9493977,24.1051846
LV_42,56.492389498,25.866969646
LV_51,56.8192045,24.6074393
LV_67,36.134422,-115.179275
LV_1,56.7905906,23.9331981
LV_56,44.870652,10.0753079
NL_252,51.8860697,6.3045083
NL_253,51.96043114347826,6.686303808695652
NL_269,51.874499325,6.049055225
NL_277,51.95093586666667,5.657917033333334
NL_204315,51.3366613125,6.1581881125
NL_268,51.9685528625,5.745682125
NL_204314,51.3429314,6.1362198
NL_204316,51.8905065625,5.675197975
NL_227272,51.670464325,4.8360338
NL_95,51.231394,6.0356507
NL_150,51.454677,3.617856
NL_369,51.4944756,4.2871541
NL_204638,51.0094043,5.8376057867167965
NL_204634,51.0094043,5.8376057867167965
NL_204636,51.0094043,5.8376057867167965
NL_204627,51.0094043,5.8376057867167965
NL_204633,51.0094043,5.8376057867167965
NL_204631,51.0094043,5.8376057867167965
NL_204629,51.0094043,5.8376057867167965
NL_204637,51.0094043,5.8376057867167965
NL_204628,51.0094043,5.8376057867167965
NL_107,51.0094043,5.8376057867167965
NL_204626,51.0094043,5.8376057867167965
NL_204635,51.0094043,5.8376057867167965
NL_204630,51.0094043,5.8376057867167965
NL_204632,51.0094043,5.8376057867167965
NL_29,51.45909283333333,3.9500314
NL_440,13.955391,100.783071
NL_33,52.4952218,4.7876566
NL_206980,52.98016475,5.9399058625
NL_207744,51.887168,4.3536
NL_210396,57.06689,25.458464
NL_205922,51.47048773333333,5.668298318518518
NL_215880,52.6312592,4.7503798
NL_216700,51.4515013,3.6260715
NL_290,51.66277225,4.525592212905146
NL_119,51.6097531,4.76581635
NL_327,51.578817417241375,4.563886493103448
NL_1,52.64889849047619,4.742371171428571
NL_2,52.07894772826087,4.3373521239130435
NL_146,50.8780883,6.0385117
NL_68,51.519054766101696,5.611030040677966
NL_273,50.944157875409836,6.001838663934426
NL_266,51.4618953,5.1371625
NL_264,51.96688338333333,5.7777906041666665
NL_271,51.71833499090909,5.940103427272727
NL_272,51.8809642,5.6367377
NL_274,51.9093134,5.4989961
NL_261,51.87754312222222,5.921568511111111
NL_263,52.0446265,4.3188215
NL_270,51.874499325,6.049055225
NL_276,51.9187914,5.8452555
NL_267,51.81731696666667,5.194242083333333
NL_278,51.85790466666667,5.4116205
NL_265,51.84502715,5.958782732755655
NL_262,51.861132,4.360066
NL_203655,52.535294925,5.5227534375
NL_203946,52.3526228,5.6263458
NL_203199,52.2904866508772,4.70185259122807
NL_205346,53.459038675,6.69880815
NL_247,52.31107806666667,4.935860566666666
NL_248,51.867136,5.402663
NL_156,52.38662089756098,5.215405156097561
NL_188,52.4716457,4.63257805
NL_183,52.341565460000005,5.0101102200000005
NL_157,52.380602829,5.2165528
NL_186,52.504374,4.985385
NL_213842,52.343262291,4.830648173
NL_185,52.4738528,4.6379311
NL_184,52.40855143333333,4.850778677777778
NO_203077,58.9699675,5.7318101
NO_37,59.715626,7.5764981
NO_58,59.9133301,10.7389701
NO_204072,61.1254821,5.814139388881717
NO_67,47.40938465,15.27177155
NO_98,58.9699675,5.7318101
NO_120,58.9699675,5.7318101
NO_97,58.9699675,5.7318101
NO_203106,58.9699675,5.7318101
NO_101,62.4405047,6.1908603
NO_39,59.2133614,10.9361604
NO_50,59.043879,9.6952755
PL_207962,52.9732912,17.0948899
PL_215940,53.1020938,16.8843061
PL_210718,53.5976095,19.5612175
PL_641,49.8834484,19.4925345
PL_649,49.6890338,19.20305
PL_433,52.332229404,20.298413413
PL_210720,52.332229404,20.298413413
PL_720,54.2842481,20.4916449
PL_869,50.438651,16.6551878
PL_202552,51.3701692,20.0355889
PL_674,50.9398768,21.38743
PL_682,51.3782439,20.2931754
PL_518,50.8760012,19.2412444
PL_414,50.806088777,16.284578053
PL_684,51.0518865,21.0761377
PL_219660,53.5486435,14.5657399
PL_212780,51.562491,21.8654383
PL_387,52.68395,18.56443
PL_712,53.4109383,21.9312439
PL_65,51.26528245,15.569802749758065
PL_267,52.68395,18.56443
PL_693,50.9398768,21.38743
PL_873,50.5568625,20.2867686
PL_208202,51.2328742,15.2750761
PL_217541,53.5656939,14.8299285
PL_202386,52.314485,22.8898812
PL_208923,53.9097477,14.2510703
PL_217460,51.575634,17.669346
PL_217140,50.3448836,18.2109594
PL_202387,49.8546897,22.7018597
PL_202388,50.0159029,22.6796573
PL_217540,52.6048164,18.9015463
PL_928,50.0619474,19.9368564
PL_803,51.575634,17.669346
PL_202,54.0358356,19.0368496
PL_37,51.7624752,18.0895358
PL_33,54.1558708,19.4044583
PL_745,52.2440088,19.6260932
PL_866,53.5834201,20.2816198
PL_888,53.0328933,23.6066858
PL_80,53.132398,23.1591679
PL_580,50.5612276,21.1677849
PL_582,53.269745,16.4670655
PL_581,53.269745,16.4670655
PL_563,51.2951647,18.1510623
PL_534,51.2951647,18.1510623
PL_890,51.2951647,18.1510623
PL_570,54.0410287,15.8793019
PL_208562,52.819174,20.2862655
PL_298,51.0392894,16.9686781
PL_32,50.0374531,22.0047174
PL_719,50.3351358,19.5608326
PL_675,49.6938045,21.7651458
PL_311,51.374845,20.6488967
PL_949,50.5109033,18.3004547
PL_324,51.3782439,20.2931754
PL_858,51.4730031,21.4438404
PL_197,53.565489,20.991589
PL_242,50.1855079,18.7598719
PT_120,41.0615476,-8.4344016
PT_92,41.3440057,-8.4772021
PT_64,40.8084233,-8.5853802
PT_227,38.7723657,-9.3256751
PT_238,40.6901731,-8.053
PT_282,39.919297167,-8.629551633
PT_75,41.5959943,-8.5230863
PT_40,45.494389,9.156155
PT_20,39.4116137,-8.859511
PT_185,41.118073,-8.551862
PT_186,41.1054014,-8.5507083
PT_205572,39.602643,-8.8745557
PT_205074,40.659419549999996,-8.616056618774824
PT_128,39.1464872,-9.2321523
PT_164,39.467005614,-8.548492236
PT_44,40.9908653,-8.5940565
PT_205623,-14.106274800000001,-46.34433513259286
PT_62,40.98297575,-8.582534473619049
PT_131,40.1485808,-8.855655
PT_210683,40.6855872,-8.5902595
RO_162,45.9208326,23.5607939
RO_141,45.2792608,26.6705279
RO_210540,47.090223525,21.882498475
RO_240,46.9319894,26.3695046
RO_293,46.203774,28.0233526
RO_3,44.3190159,23.7965614
RO_5,47.17725475,24.54115916965413
RO_88,44.6799099,23.3728695
RO_63,43.904243449999996,25.959150744987323
SE_65,61.3774428,15.8181755
SE_637,57.2632811,16.4443478
SE_635,57.2632811,16.4443478
SE_638,57.2632811,16.4443478
SE_658,57.6583613,12.1135762
SE_849,64.6256988,16.6543924
SE_321,65.8589171,23.1403303
SE_797,55.6052931,13.0001566
SE_210611,57.6583613,12.1135762
SE_344,55.5513322,14.3441327
SE_220260,47.042522,-68.139954
SE_726,58.4488105,14.8915928
SE_259,57.6583613,12.1135762
SE_504,59.0567823,16.5893
SE_701,39.333374194,22.910983141
SE_700,57.0429558,16.4448013
SE_101,57.9173188,12.0657986
SE_74,58.1695083,13.5542412
SE_217861,47.042522,-68.139954
SE_217860,47.042522,-68.139954
SE_205808,61.3774428,15.8181755
SE_234,48.787151947,4.900910089
SE_207004,59.4823516,18.2943981
SE_73,58.1695083,13.5542412
SE_264,64.6256988,16.6543924
SE_246,59.5187493,15.0387972
SE_673,59.43674,18.05614
SE_439,59.032659,12.219105
SE_440,59.032659,12.219105
SE_470,56.9999142,13.2403039
SE_359,57.5668748,16.2462046
SE_62,55.6052931,13.0001566
SE_191,58.3955804,15.0867705
SE_217,55.393439,13.3754255
SE_364,55.4524524,13.9354174
SE_203763,57.0308057,16.0729231
SE_634,57.2632811,16.4443478
SE_204,57.2632811,16.4443478
SE_365,55.8374959,13.3036265
SE_362,55.6378013,13.0777501
SE_384,57.2632811,16.4443478
SE_636,48.817696746,6.748208056
SE_202297,57.2632811,16.4443478
SE_84,57.2632811,16.4443478
SE_352,61.2594925,17.1635332
SE_211078,65.8275004,21.6964105
SE_211083,65.8275004,21.6964105
SE_211080,65.8275004,21.6964105
SE_211082,65.8275004,21.6964105
SE_211081,65.8275004,21.6964105
SE_53,65.8275004,21.6964105
SE_211079,65.8275004,21.6964105
SE_241,57.4081804,16.6418709
SE_790,55.6052931,13.0001566
SE_240,55.441010579,26.1478297
SE_445,-7.28046024,112.70272316
SE_369,58.083333,11.916667
SE_588,57.9431759,13.664268
SE_139,57.9431759,13.664268
SE_140,59.3291667,14.5176911
SE_190,58.320045818,15.0988909
SE_189,58.3254361,15.131448
SE_192,58.3955804,15.0867705
SE_501,56.241797865,15.273832657
SE_95,59.487486344,17.730093774
SE_94,59.516927404,17.636342025
SE_789,59.2747287,15.2151181
SE_730,55.6052931,13.0001566
SE_559,56.6827,16.344869
SE_788,59.2747287,15.2151181
SE_207522,42.536915,-82.918038
SE_239,55.7632132,13.0003944
SE_138,57.4081804,16.6418709
SE_242,55.6052931,13.0001566
SE_206541,65.619137838,22.123993124
SI_22,46.5632435,16.1384021
SI_221386,46.0500268,14.5069289
SK_205082,48.9144118,20.8754977
SK_190,48.3948069,19.7084748
SK_181,13.7869858,-85.797094
SK_221869,48.8730129,21.7306581
SK_206195,48.5595662,19.4205586
SK_205645,48.4685203,16.9261847
SK_80,48.3746452,16.9990157
SK_118,48.6557161,20.1945771
SK_45,47.9956165,17.6162934
SK_140,48.1516988,17.1093063
AT_234,48.0255094,16.7790041
AT_62,48.1140284,15.5326299
AT_210,47.373857715,15.093847475
AT_12,47.373857715,15.093847475
AT_13,47.373857715,15.093847475
AT_209,47.373857715,15.093847475
AT_157,47.725642795,13.040724469
AT_203,47.5967154,13.1674472
AT_88,48.2608261,13.4169031
AT_175,47.025026421,15.431944126
AT_176,47.373857715,15.093847475
AT_195,47.373857715,15.093847475
BE_205763,50.9048236,3.5281805
BE_205720,50.4749304,4.1217689
BE_741,51.2390765,5.1128221
BE_264,50.4760502,3.903746
BE_231,50.749517759,2.946654246
BE_272,51.0792853,4.4240472
BE_215,51.3503707,4.758514
BE_246,50.8868222,3.4323622
BE_196,-40.931836868,145.005766096
BE_18,50.1592006,5.0613886
BE_163,51.0947181,5.791733
BE_31,43.637021,6.643407
BE_263,48.172979,11.583242
BE_275,50.53332105,3.5636806619041073
BE_141,50.8731885,2.9874678
BE_228,51.3191388,4.8564494
BE_244,50.8656032,5.6323789
BE_134,50.99519,3.2667652
BE_278,50.7436672,3.2142729
BE_245,51.0676205,5.0878638
BE_214,51.3191388,4.8564494
BE_185,51.2970123,4.6933094
BE_271,51.0792853,4.4240472
BE_201,50.9303735,5.3378043
BE_16,51.028529,3.0441144
BE_146,50.593109,5.8952801
BE_221,51.2729451,4.271945345753663
BE_242,50.4760289,4.0062232
BE_204,50.6152381,5.5089437
BE_197,50.5822766,5.4523491
BE_35,50.9654864,5.5001456
BE_104,50.4046075,4.5243511
BE_103,50.4046075,4.5243511
BE_205739,51.2519515,4.27803
BE_61,51.0068804,3.8855494
BE_96,51.0538286,3.7250121
BE_151,50.6682012,4.6128839
BE_3,50.6682012,4.6128839
BE_732,51.10713715,5.163134944846995
BE_160,50.928711,4.423126
BE_172,50.978285850000006,4.575800524999997
BE_97,50.912395599999996,4.651740221504511
BG_120,45.595065,3.00174
BG_14,43.3252321,25.095534
BG_22,44.118308,27.2600031
BG_24,-2.863955,-78.988988
BG_77,42.695711981,23.3697632
BG_86,41.4421542,23.2413635
BG_113,28.2197971,121.2932448
BG_202492,43.2073873,27.9166653
BG_203779,42.501606574509836,24.179627987995207
BG_202758,47.379442,12.562032
BG_151,51.940771,4.558046
BG_38,42.2792893,22.7603406
BG_125,42.6817633,26.3153528
BG_150,43.0820584,25.6321312
CY_212200,34.7487249,33.3169499
CY_210000000000002,34.6852901,33.0332657
CY_210000000000003,34.9236095,33.6236184
CY_210000000000001,34.6852901,33.0332657
CZ_246,49.559801,15.8573798
CZ_265,50.1228126,16.2121972
CZ_4,49.8542719,18.5416556
CZ_178,50.136969,14.5148858
CZ_198,50.068417952,14.385675137
CZ_304,49.300901,16.6544811
CZ_406,49.0350896,16.5223776
CZ_296,49.7769472,16.9196183
CZ_202156,49.4553775,17.4508621
CZ_226380,50.350317159,13.80634365
CZ_385,49.9534727,16.1616455
CZ_319,50.6978299,15.2702627
CZ_115,50.4013853,14.929580997961398
CZ_402,50.07375065,14.43054348068166
CZ_403,50.07375065,14.43054348068166
CZ_207543,48.7742466,14.2861607
CZ_185,49.87550538718097,14.288129194914925
CZ_2,50.024638198,15.72151401
CZ_192,50.2262937,14.4189142
CZ_368,49.8931303,13.3829479
CZ_224,49.80973216946202,18.26372264802215
CZ_188,50.0602278,14.5062526
CZ_195,49.399451,17.6737912
CZ_196,49.399451,17.6737912
CZ_6,50.4167025,16.1622871
CZ_7,50.0855259,14.4106677
CZ_79,49.014533712,17.117814911
DE_218480,50.8337233,10.9456139
DE_224424,48.2242434,11.6715263
DE_1376,51.3902906,11.9854347
DE_646,49.4669206,9.4889012
DE_4127,42.537276033,-4.831661233
DE_206289,49.0543232,8.2667399
DE_1120,48.8030291,8.3201799
DE_1121,48.8030291,8.3201799
DE_205778,53.579146099,8.08278026
DE_1443,52.29317776,8.883985243
DE_212260,53.579146099,8.08278026
DE_34,53.579146099,8.08278026
DE_37,42.52519,-82.978389
DE_45,51.526874967,6.9561941
DE_60,53.11432903,8.762252774
DE_1034,49.874897758,8.673083568
DE_210532,47.493765102,11.096047509
DE_210476,50.0373241,12.0027278
DE_267,50.687942162,10.932780643
DE_187,49.7599825,9.5166598
DE_206,50.781519662,6.459793687
DE_224,49.4424184,6.8524925
DE_221,51.173248791,6.822919188
DE_4139,52.0432285,11.5802935
DE_205462,51.649852239,11.496123975
DE_204904,49.20121816,7.05027039
DE_204192,53.11432903,8.762252774
DE_204194,53.11432903,8.762252774
DE_202584,49.4892913,8.4673098
DE_202866,51.382498562,6.762139919
DE_202301,50.9169415,13.3428889
DE_517,51.2841166,7.2924712
DE_593,50.7676913,13.1535581
DE_518,47.6313782,10.820091
DE_204156,51.288306423,6.368572119
DE_202931,50.3283544,7.2215134
DE_205507,52.2705632,11.8588198
DE_210670,50.4649527,7.8273153
DE_420,52.1990346,8.7141587
DE_388,51.8322137,6.2428283
DE_356,52.3702697,7.7175072
DE_450,51.8019566,9.6899606
DE_841,49.204382285,7.575536506
DE_849,47.7507322,11.8394101
DE_903,52.609709273,12.337477691
DE_992,51.412837617,12.429945191
DE_1174,51.382498562,6.762139919
DE_1160,51.361349995,6.728556844
DE_1664,51.438461706,6.789167615
DE_219840,51.420086041,6.757966718
DE_1666,51.420086041,6.757966718
DE_1671,51.512096054,6.762283985
DE_1005,47.7892574,12.1100042
DE_762,53.579146099,8.08278026
DE_790,49.879024815,8.633710431
DE_1038,52.481689663,13.449453276
DE_1364,53.11432903,8.762252774
DE_4112,51.526874967,6.9561941
DE_742,48.7180364,10.7807299
DE_637,49.6477941,10.4263507
DE_1701,51.90508624,7.643882585
DE_688,48.8333535,12.96205
DE_702,48.536814909,9.054282314
DE_1228,53.095338538,8.80892852
DE_1614,53.526037973,9.834995804
DE_938,48.309454218,10.902080346
DE_1214,32.098847305,-110.789357718
DE_1234,51.515862897,14.001780041
DE_1068,52.011098283,11.731540912
DE_1087,51.9773625,7.290923
DE_1152,52.510885,13.3989367
DE_1790,51.705401,9.9972782
DE_305,49.7613991,9.7087047
DE_306,48.2562497,10.0939037
DE_352,50.4667,7.73333
DE_360,51.9928346,6.9173072
DE_202010,43.6369552,-81.48680905
DE_203110,53.579146099,8.08278026
DE_204862,52.280223034,7.722332819
DE_1611,52.279318912,7.710171972
DE_1171,52.2102308,7.188806
DE_1093,50.938361,6.959974
DE_1130,51.041436439,12.131407001
DE_1136,50.938361,6.959974
DE_1061,50.626263043,12.313089375
DE_987,48.1371079,11.5753822
DE_1396,48.221764,10.1058969
DE_1471,49.4025,8.63306
DE_1631,50.582807063,8.708416804
DE_1756,50.963605,6.1199802
DE_1657,48.1794705,11.2547202
DE_1658,48.0769935,11.6615136
DE_1734,52.115769,8.2034345
DE_170,49.9447973,7.7763627
DE_483,51.6253296,9.4431158
DE_481,52.3702697,7.7175072
DE_456,51.1621957,13.2952562
DE_459,51.017439834,13.795908534
DE_366,50.5976965,6.7868187
DE_382,51.164527876,6.872977223
DE_380,48.8012983,9.0150026
DE_381,51.2440301,9.80537
DE_396,48.4514051,11.7727339
DE_574,49.0259996,9.1560581
DE_201489,51.3955721,8.5677743
DE_207766,49.3164661,6.749846
DE_201917,50.938361,6.959974
DE_1642,48.0734281,10.9267421
DE_1754,51.9625101,7.6251879
DE_622,51.0552368,6.2247322
DE_1687,52.897103,8.4364342
DE_1695,52.0266526,11.227781
DE_1696,51.8956168,12.2009067
DE_1700,52.7905619,7.2400267
DE_1630,50.586012742,8.675413066
DE_1628,50.565625802,8.642847117
DE_1639,51.534346183,9.905884285
DE_1755,50.938361,6.959974
DE_4147,52.7848305,9.91166497661562
DE_202632,51.036364306,6.99320568
DE_1522,51.036364306,6.99320568
DE_1531,50.9185261,14.0732271
DE_1809,52.4571526,14.4901521
DE_1867,50.875227053,10.98030184
DE_4163,54.092891449999996,13.648600137344268
DE_1807,50.821221,12.2190339
DE_1810,50.7703444,9.8385732
DE_4155,52.054571,13.5551095
DE_213360,42.407288,-83.210847
DE_1808,50.6564031,13.345242
DE_1869,52.058150333,8.722636737
DE_209444,52.6094678,8.4806645
DE_211738,51.316274732,9.466183882
DE_1845,49.0895249,8.4856806
DE_1816,48.4656356,9.9431286
DE_222548,48.96321435,8.31007936487845
DE_204361,50.8337233,10.9456139
DE_1151,51.209111232483224,3.226326333251234
DK_267,56.7943811,8.8594834
DK_266,56.46634,15.5944006
DK_210419,57.108701,12.244636
DK_203614,55.4894999,9.47905
DK_217120,55.565268,9.7562169
DK_228102,55.6522136,12.292049
DK_228100,55.4565009,12.1818964
DK_228061,55.7718649,12.5051413
DK_219161,55.3098281,10.7976604
DK_124,55.565268,9.7562169
DK_125,55.565268,9.7562169
DK_200,55.3582245,10.5831493
DK_165,55.4532771,10.6547783
DK_202700,55.4568372,10.5536985
DK_137,55.7247018,9.1195835
DK_198,56.879055,9.991597
DK_197,56.879055,9.991597
DK_150,56.879055,9.991597
DK_105,56.0893891,8.6295216
DK_394,54.9380637,8.8629408
DK_332,50.695918556,3.438464397
DK_89,55.3098281,10.7976604
DK_136,55.7247018,9.1195835
EE_206959,59.353026400000005,26.96946970763556
EE_41,59.4551194,26.868073268210487
EE_10,59.36313452095808,28.197200616167663
EE_4,59.4025488,27.2880288
EE_19,58.25550929773463,22.49904181407767
EE_53,58.3835136,24.5081751
ES_206034,38.3201991,-6.7713389
ES_203118,42.8164756,-1.7470153
ES_548,39.4939368,-0.6842101
ES_209,37.551705,-122.269751
ES_210,37.551705,-122.269751
ES_90017,38.0931247,-3.6357207
ES_925,41.1172364,1.2546057
ES_1036,43.17086745,-1.8648482
ES_857,37.3886303,-5.9953403
ES_146,38.096787,-3.7765601
ES_72,37.2217446,-3.5942908
ES_108,37.13257725,-3.694362820083108
ES_112,43.885858267,8.026315096
ES_126,36.78455337,-4.106209107
ES_481,41.8155343,2.213984918399576
ES_715,40.4021516,-3.360625
ES_137,38.096787,-3.7765601
ES_571,39.9621514,-0.2593846
ES_192,41.5113985,-0.6286721
ES_613,38.988085,-0.5200428
ES_459,41.4627909,1.6652161
ES_706,40.4949232,-3.9600065
ES_792,43.2201761,-2.7323154
ES_818,43.348927811,-4.048950117
ES_205577,41.4769177,1.9283971
ES_227625,40.0235161,-3.8581058
ES_208922,43.3080667,-4.2358532
ES_203651,40.0746619,-0.2142146
ES_201796,39.9621514,-0.2593846
ES_202373,40.0746619,-0.2142146
ES_202466,40.0607474,-0.1373779
ES_202025,39.9621514,-0.2593846
ES_203664,39.9621514,-0.2593846
ES_576,39.9372616,-0.1004465
ES_586,39.4751444,-0.4179125
ES_791,43.06727782891195,-2.4905225542818195
ES_752,43.0806959,-1.9163064
ES_778,43.1302284,-2.5856042
ES_214520,40.0746619,-0.2142146
ES_332,39.9381943,-3.9168339
ES_589,38.6305367,-0.7646666
ES_372,40.013303,-3.7968786
ES_625,36.62811565,4.68527555
ES_80,36.7213028,-4.4216366
ES_684,38.955286,1.466732
ES_345,38.6419862,-3.4666934
ES_205232,39.9621514,-0.2593846
ES_113,54.101761807,10.825513255
ES_1,38.184385167,-5.028460433
ES_671,42.434401833,-8.848016022
ES_673,42.434401833,-8.848016022
ES_79,37.35113,-3.1636896
ES_187,41.721179,0.1172654
ES_693,36.3620816,2.767105
ES_496,41.6383547,2.4033771
ES_94,38.096787,-3.7765601
ES_802,43.309341,-3.0074501
ES_67,36.190838706,-5.430633583
ES_205813,43.506114,-70.380817
ES_763,43.2065921,-2.8873537
ES_762,43.2961969357037,-2.0086944887407405
ES_510,41.4783206,2.066731767
ES_626,38.562077168,-6.338446446
ES_300,42.5989995,-5.5682413
ES_556,39.9621514,-0.2593846
ES_552,39.8532265,-0.1550092
ES_817,42.654327,-83.041553
ES_227308,40.4167047,-3.7035825
ES_90070,37.54139409,-5.079782413
ES_887,43.3538905,-3.951932
ES_918,39.2681742,-2.6042132
ES_212682,41.3825802,2.177073
ES_216621,37.844244529,-1.419724364
ES_216520,42.107864283,-0.4561219
ES_216540,41.7679783,-0.8216753
ES_216541,41.6521342,-0.8809428
ES_894,40.656478,-4.7002172
ES_28054674,43.21731905210865,-2.021513976769121
ES_90018,37.3864113,-6.2024485
ES_905,41.6521807,-4.728605
ES_906,41.6521807,-4.728605
ES_904,41.9515154,-4.5151999
ES_907,41.6521807,-4.728605
ES_1009,42.34475155,-7.9811467
ES_204961,40.4167047,-3.7035825
ES_1014,42.2376602,-8.7247205
ES_35,36.212391575,-5.385443361
ES_65,36.212391575,-5.385443361
ES_66,32.617866767,-115.4411432
ES_34,37.225734567,-6.891538733
ES_856,37.7728858,-3.7883289
ES_1024,40.566166567,-3.607454667
ES_858,37.3886303,-5.9953403
ES_983,39.4827253,-0.4438854
ES_722,38.0418669,-1.4906872
ES_238,43.348927811,-4.048950117
ES_90045,38.878187,-6.9701115
ES_163,40.6735981,-0.7033638
ES_90006,37.7049553,-5.099948
ES_928,41.1680845,0.9746249
ES_927,41.8499308,0.5860359
ES_916,39.9847858,-3.3667545
ES_257,42.4197032,-3.1917821
ES_259,41.3667221,-4.7179864
ES_830,38.2356802,-0.8105482
FI_224,62.7255326,29.0186972
FI_221,62.7255326,29.0186972
FI_363,61.8041608,22.3937178
FI_359,61.8041608,22.3937178
FI_361,61.8041608,22.3937178
FI_362,61.8041608,22.3937178
FI_364,61.8041608,22.3937178
FI_613,60.4017496,25.0280695
FI_215540,60.4017496,25.0280695
FI_440,61.8637802,25.1897493
FI_216300,60.5327072,25.1102705
FI_651,60.4743601,25.0925118
FI_612,60.4017496,25.0280695
FI_54,60.4743601,25.0925118
FI_217400,60.544664849,27.155814035
FI_388,60.5154611,26.9354215
FI_209046,60.3479805,25.4765342
FI_532,60.4688687,22.0291149
FI_222435,61.063149977,28.23051096
FI_220809,61.3125216,22.1357413
FI_403,60.9069347,26.6241933
FI_402,61.063149977,28.23051096
FI_439,61.9191417,25.1793075
FI_405,61.28260985,23.9618161
FI_404,61.1289148,21.5039401
FI_441,60.9412868,26.6195422
FI_401,64.2247169,27.7337773
FI_406,63.6744703,22.7055385
FI_391,60.9826014,25.6613764
FI_390,60.5154611,26.9354215
FI_471,61.9191417,25.1793075
FI_579,62.1143416,21.9587762
FI_146,64.1261745,29.519515
FI_360,61.8041608,22.3937178
FI_77,60.311486587,24.960431527
FI_470,60.484849436,22.315866133
FI_533,41.4483971,-8.3427349
FI_206135,61.4866126,21.7972071
FI_578,63.1022061,22.7543727
FI_474,63.1781571,26.3396637
FI_216120,66.7154855,27.5177454
FI_210413,63.03034038,23.68774914
FR_206189,48.4372905,-4.2350745
FR_206356,45.6754284,5.677885
FR_206351,45.746890237,4.84168245
FR_206352,45.3391102,5.0551546
FR_206353,45.2928424,5.6361825
FR_206355,45.8677365,5.1280072
FR_206354,46.3036683,4.8322266
FR_206358,46.0013674,5.0293204
FR_206357,45.9864749,4.726611
FR_206370,45.509,4.58024
FR_204444,48.23764,2.24573
FR_754,48.9636566,2.5347541
FR_205588,44.9015003,-0.5163222
FR_205590,47.7888815,7.5094906
FR_205589,44.9015003,-0.5163222
FR_204055,44.366969255,2.587157629
FR_204088,48.1244503,-1.214331
FR_623,43.4380714,4.945595
FR_1107,16.326292616666667,-61.357981252777776
FR_294,49.4068986,1.0507926
FR_693,48.9274192,2.0426301
FR_776,48.9582708,2.8773541
FR_1093,48.02164585,2.737976600142728
FR_206308,48.3176305,-0.0298182
FR_64,49.4300997,2.0823355
FR_181,48.3199378,-1.2174729
FR_515,49.20715,5.36177
FR_206004,43.9351768,-0.9224427
FR_113,48.5124998,0.5392884
FR_94,44.2014405,0.6033889
FR_354,46.2533181,5.2167876
FR_21,49.9833333,3.6402778
FR_960,50.5391865,2.5696057
FR_1164,43.42033235,-0.615214205804367
FR_205864,43.3708943,-0.6294321
FR_663,48.6066366,2.8904431
FR_135,47.3215806,5.0414701
FR_982,50.6767018,3.1043032
FR_463,48.701373,6.149437
FR_269,49.5188282,0.534411
FR_537,48.0306873,0.2068691
FR_82,44.805615,-0.6308396
FR_80,44.842411,-0.570437
FR_565,47.84831,-0.9518383
FR_528,47.1858,-1.68457
FR_1046,47.776632,7.313724
FR_780,34.199824,-118.447609
FR_848,48.584614,7.7507127
FR_831,48.058929,7.215907
FR_145,46.7831001,4.8534326
FR_210395,47.6373804,-2.1625362
FR_503,48.1955731,6.4364631
FR_561,47.2186371,-1.5541362
FR_567,47.690447,0.2671194
FR_820,47.7815801,7.3471832
FR_264,49.3818,1.0333
FR_672,33.669173,-116.30565
FR_205428,50.9870697,2.1273118
FR_424,45.6977109,4.8855966
FR_758,48.937634,2.5298164
FR_984,50.6428547,3.1093516
FR_696,48.93560465,2.0917742569617808
FR_119,49.1460831,0.2255168
FR_165,46.6740455,4.3631681
FR_203712,45.5432962,3.2501874
FR_205944,47.6241674,4.3373194
FR_205670,45.2775258,6.3453329
FR_216920,47.3900474,0.6889268
FR_557,47.4243064,-0.5587967
FR_218941,47.459684443,-0.57348141
FR_206590,43.7009358,7.2683912
FR_533,47.3648141,-1.1816088
FR_206562,46.0345572,4.0729178
FR_204209,49.4068986,1.0507926
FR_204210,48.6066366,2.8904431
FR_204205,49.4068986,1.0507926
FR_204207,49.4068986,1.0507926
FR_204211,48.6066366,2.8904431
FR_204907,45.708491,4.8532593
FR_204921,45.3441237,4.8189855
FR_206232,47.7888815,7.5094906
GB_777,54.990717,-1.533469
GB_338,54.5430645,-3.597816293788375
GB_367,54.5430645,-3.597816293788375
GB_937,56.14732,-3.83993
GB_958,53.8852975,-1.2595975
GB_730,50.33814,-4.794184
GB_1088,51.5317099,-2.67258
GB_1090,55.7893512,-3.9904173
GB_1074,53.77971,-1.74484
GB_209,54.56154,-1.30552
GB_1113,52.2055314,0.1186637
GB_202976,51.486691,-0.32778
GB_1118,53.4310417,-1.355187
GB_157,52.3995375,-1.8078254
GB_953,51.3093091,0.4867331707150007
GB_984,51.7685568,0.0949036
GB_320,53.00882,-3.02704
GB_1025,50.3714122,-4.1424451
GB_931,52.1363806,-0.4675041
GB_1026,50.33814,-4.794184
GB_1,57.146751867,-2.088245817
GB_31,39.5120347,-76.1643289
GB_213,53.36196,-2.9976
GB_72,53.73726,-0.23974
GB_594,39.5506029,-90.4801247
GB_90,51.57597,-1.75549
GB_103,54.8908157,-2.9223991
GB_149,53.3899497,-2.5943178
GB_918,54.575852,-1.244942
GB_275,53.23358,-0.51964
GB_214,53.23358,-0.51964
GB_238,53.0620173,-1.4711472
GB_1124,51.524588833,0.077109567
GB_283,51.61913,-0.50121
GB_183,52.511446,-0.676568
GB_282,51.61913,-0.50121
GB_284,51.61913,-0.50121
GB_281,51.61913,-0.50121
GB_343,54.5474199,-3.5885335
GB_378,51.0690613,-1.7954134
GB_422,53.4705834,-2.238299967
GB_431,51.8653705,-2.2458192
GB_434,43.03333,-2.41667
GB_446,51.5074456,-0.1277653
GB_445,51.5074456,-0.1277653
GB_1133,57.141416828,-2.13679065
GB_560,43.03333,-2.41667
GB_613,56.021417,-3.8306342
GB_680,51.53732,-0.48736
GB_646,55.06971,-3.60959
GB_208902,54.60368,-1.26582
GB_212521,53.52735,-2.16627
GB_1081,50.380873,-4.081552
GB_949,52.802742,-1.629917
GB_981,51.14602,-0.98932
GB_593,56.1156137,-3.7922423
GB_93,51.7620752,0.00714055
GB_73,51.3883811,0.504925
GB_1085,51.47348,0.258
GB_241,51.1103444,-0.1801094
GB_373,51.8653705,-2.2458192
GB_286,51.61913,-0.50121
GB_201839,51.51831,0.1857099
GB_222,53.32578,-2.69447
GB_221,54.1392092,-0.799531
GB_1027,52.7876264,-0.1526099
GB_1028,52.6705237,0.1658192
GB_751,51.3883811,0.504925
GB_769,53.2789347,-2.9022507
GB_921,51.30695,0.45581
GB_917,53.58272,-0.10347
GB_119,50.8271645,-0.2033945
GB_1010,53.71807,-2.53817
GB_84,54.55608,-0.82168
GB_204541,56.82908,-5.07261
GB_792,51.5074456,-0.1277653
GB_206920,51.69829,-4.13132
GB_210349,53.88392,-3.00222
GB_207231,53.88392,-3.00222
GB_208022,53.7593363,-2.6992717
GB_207547,50.87241,-1.25682
GB_208963,51.52169,-0.62312
GB_209938,51.7867676,-3.2266569
GB_210523,53.245664,-1.442264
GB_359,51.59822,-3.07916
GB_266,53.63993,-0.25759
GB_531,51.9445801,1.2898522
GB_1087,51.565380262,-3.024257375
GB_983,56.11113,-3.80083
GB_194,54.6072779,-1.2910885
GB_148,53.282051,-2.788743
GB_208884,53.32491084,-2.754996296
GB_886,54.6218534,-1.5663624
GR_201547,51.796464,-0.800021
GR_185,38.2465122,23.016756555609607
GR_154,40.6403167,22.9352716
GR_174,45.4149,2.029961
GR_54,42.332146,-83.376812
GR_133,40.6403167,22.9352716
GR_164,40.6403167,22.9352716
GR_163,40.6403167,22.9352716
GR_145,41.1182,25.4035708
GR_125,38.4257809,23.6713883
GR_131,38.2633501,21.7520876
GR_5,42.336366,-83.377942
GR_6,38.3463664,23.5805849
GR_102,40.6403167,22.9352716
GR_37,41.072259,23.479806
GR_117,38.8993832,22.433582
GR_88,37.9863988,23.03508958807216
GR_91,38.07521864615384,23.588465646153846
GR_96,39.3810537,22.7458478
GR_81,39.3624833,22.9401864
GR_52,42.298982,-83.379678
GR_63,38.07521864615384,23.588465646153846
GR_49,39.3624833,22.9401864
GR_70,35.5120831,24.0191544
GR_214180,37.9755648,23.7348324
HR_205486,46.221884,15.7004123
HR_205677,46.2807993,16.183986
HR_203858,44.1168594,15.2353257
HU_201935,46.810432,18.9222921
HU_206836,46.9649048,18.9405047
HU_55,47.4978789,19.0402383
HU_212,47.6827581,19.263848
HU_217,47.4992603,18.0300173
HU_68,47.1910169,18.410811
HU_211,47.5913333,18.9284943
HU_221,47.5502015,17.7541679
HU_216,46.6921957,17.2999871
HU_222,46.8527111,16.7781438
HU_215,47.1887402,20.0047823
HU_223,45.9933836,18.6821079
HU_218,47.6803063,16.5983457
HU_220,46.6798003,21.0985425
HU_133,47.4349579,18.9130312
HU_219,47.455073,19.025708
HU_214,46.1932111,18.7231457
HU_53,47.4978789,19.0402383
HU_92,47.956619,21.3680532
HU_32,47.0186153,20.2813933
HU_138,47.8731793,17.2722342
HU_194,47.9280341,21.0467056
HU_248,47.9280341,21.0467056
HU_257,46.9649048,18.9405047
HU_233,46.6245749,16.5366668
HU_150,46.4548261,16.9923923
HU_209202,47.6827581,19.263848
HU_210522,46.6798003,21.0985425
HU_210,47.4978789,19.0402383
HU_232,47.4978789,19.0402383
HU_271,46.6921957,17.2999871
HU_213,47.386622319,16.53925328
HU_207499,47.0004724,20.6299513
HU_217042,48.0703015,20.8819968
HU_49,46.9649048,18.9405047
HU_50,46.9649048,18.9405047
HU_52,46.9649048,18.9405047
HU_225322,47.4897011,18.3148401
HU_203,47.7782873,19.1278294
HU_99,46.9073883,19.6917206
HU_100,46.9073883,19.6917206
HU_11,46.8399054,20.2908813
HU_158,46.0765092,18.2280317
HU_79,47.687609,17.6346815
HU_216220,47.9280341,21.0467056
HU_266,47.7616355,21.901328
IE_88,53.822778,-6.750556
IE_30,53.9541528,-7.4353377
IE_39,51.8985136,-8.4726423
IE_51,52.3367671,-6.4601397
IE_57,52.5725905,-9.3745404
IE_58,54.209310650000006,-9.229289594651897
IE_108,53.3503752,-7.1966793
IS_201351,26.2310984,50.5817422
IT_684,43.90171,10.6897811
IT_821,44.6434282,10.3004841
IT_984,45.415181,10.390675
IT_319,44.5535604,10.4119138
IT_102,45.909499600000004,8.611986418683628
IT_599,43.860297258,10.580446628
IT_207572,44.314628,7.482432
IT_760,43.7876351,11.7228059
IT_202933,44.396340732,8.280895492
IT_584,45.5946318,8.2242487
IT_205530,42.7824434,12.4062554
IT_205393,43.393162197,10.441788574
IT_210541,44.613057,9.97548
IT_202445,44.539143,10.8118482
IT_202444,44.376357,10.561197
IT_202443,56.2000988,24.743483233
IT_201666,41.5082727,15.3376465
IT_205986,44.2957717,10.573046
IT_210898,41.7447015,13.1526343
IT_202109,44.4876004,10.678927149673871
IT_205349,40.8370333,8.4013292
IT_579,45.9145042,12.8565956
IT_286,45.0601694,11.2529005
IT_205525,41.0370179,14.3362944
IT_213280,46.1709743,12.7073987
IT_567,40.5731874,9.693975
IT_281,45.2417684,11.7508534
IT_555,37.2369363,15.2196575
IT_506,41.3214976,16.2868696
IT_442,41.970433461,12.704301495
IT_315,44.7994378,9.8306675
IT_63,44.2941824,7.5111781
IT_578,46.1871178,12.7530826
IT_1030,39.324736,8.648734
IT_817,40.578224,17.037395
IT_402,43.031177817,10.609014753
IT_818,42.5195891,12.5152257
IT_907,45.781783,9.624051
IT_906,45.781783,9.624051
IT_819,41.2910946,13.5304238
IT_908,45.8553764,9.389605
IT_48,44.385329,7.436329
IT_84,44.413634682,8.921773445
IT_909,37.310464,-79.903046
IT_229348,40.1742781,18.1678388
IT_180,45.102259,8.906348
IT_512,40.4786981,17.246286122
IT_403,43.5507317,10.3091256
IT_268,45.418481,12.141668
IT_205481,44.392944249,7.819721492
IT_724,44.5880091,10.7373209
IT_211218,43.3115068,11.2401828
IT_207769,45.8320236,13.2111453
IT_406,42.958256901,10.581394865
IT_202,45.0064835,11.2988715
IT_1068,42.0212271,14.5457485
IT_311,45.043941814,9.701129314
IT_654,45.528624267,9.515621221
IT_201,45.4125151,10.6872208
IT_6,45.1909588,7.8871864
IT_207746,45.5050793,11.4084448
IT_1070,45.0698166,11.78882
IT_200,45.0703901,11.13641
IT_212720,42.213035,13.826202
IT_206826,44.5055011,12.0409852
IT_205586,44.479240138,12.208125209
IT_453,41.692932,13.2534215
IT_689,44.5127578,11.8291743
IT_284,45.6140864,11.6693937
IT_136,45.7336026,9.730494
IT_658,42.8546185,13.5755038
IT_873,46.0453055,12.8679995
IT_119,45.499414866,9.142754804
IT_149,45.6977541,9.5872254
IT_355,44.513377338,11.988841412
IT_54,44.389633,7.5479007
IT_33,45.0677551,7.6824892
IT_885,43.878042974,11.101243724
IT_932,44.858765,10.17518
IT_939,44.7520202,10.2166909
IT_918,44.558659108,10.923702154
IT_892,44.732601464,10.788162045
IT_902,46.050768,11.117367843
IT_112,45.52437,8.90154
IT_10,45.062216948,7.586095995
IT_946,44.2855555,11.8832055
IT_1168,40.742455239,14.678800929
IT_1201,40.7499887,14.5269491
IT_1173,40.7499887,14.5269491
IT_1175,40.7338419,14.597044
IT_441,41.727033,13.0041576
IT_395,43.937616125,10.917097597
IT_206155,45.5220266,11.7134998
IT_202836,45.769414121,12.813968828
IT_626,43.6170137,13.5170982
IT_623,44.434168392,12.238229225
IT_620,40.340114,15.9018352
IT_497,41.7468728,15.0063901
IT_624,42.6077714,14.0671028
IT_630,39.0806223,17.127196
IT_404,43.554367448,10.43413473
IT_629,44.434168392,12.238229225
IT_1242,40.6375408,17.9454957
IT_628,44.479240138,12.208125209
IT_627,43.6170137,13.5170982
IT_625,45.4319961,8.7349702
IT_621,43.8424173,13.0146632
IT_513,40.4786981,17.246286122
IT_203789,44.9287557,10.591879
IT_203815,45.10967484,10.78869012
IT_205429,44.75764,10.41171
IT_943,44.7551915,10.3175566
IT_877,44.7520202,10.2166909
IT_207648,45.268011239,11.194268727
IT_199,45.1566683,10.7917191
IT_91,45.611932,8.8518269
IT_207704,45.518562,8.077522
IT_901,45.518562,8.077522
IT_499,41.9983273,14.9939366
IT_2,44.917042,7.484321
IT_1005,16.33333,74.75
IT_154,45.904689,9.930855
IT_1123,40.8674331,14.5499642
IT_1137,40.2334988,9.0445989
IT_894,39.0806223,17.127196
IT_1163,40.6375408,17.9454957
IT_1247,41.727033,13.0041576
IT_633,45.5449159,8.8129426
IT_673,44.831365262,10.3310633
IT_517,40.6375408,17.9454957
IT_179,45.115059,8.864347
IT_151,45.710782,9.735055
IT_419,43.5649304,11.5305954
IT_124,45.41558164,9.262078522
IT_490,42.0898152,14.2053326
IT_851,45.7464568,8.4360668
IT_105,45.7892571,8.935608
GB_740,52.8003771,-0.1357492
LT_58,55.2533635,22.2903395
LT_75,55.3398975,26.1614043
LT_11,55.7344985,24.3578055
LT_40,55.2477293,24.7599714
LT_48,54.6870458,25.2829111
LT_44,54.6870458,25.2829111
LT_18,43.817974,-121.444196
LU_206912,49.5062732,6.0118175
LV_206239,56.7905906,23.9331981
LV_15,57.03105574,24.032651125
LV_103,44.870652,10.0753079
LV_106,44.870652,10.0753079
LV_78,56.6257485,23.277275
LV_69,44.870652,10.0753079
LV_92,45.02824,38.969294
DE_474,52.280223034,7.722332819
NL_246,52.502500319999996,4.96264292
NL_206587,52.5109629,4.9360304
NL_205804,52.728407571428576,6.996888671428572
NL_203994,52.399946825,4.7823748083333335
NL_206048,52.6488689,6.73904765
NL_206007,51.8869152,4.3541157
NL_99,51.8652855,4.3641111
NL_286,52.5633577,5.9403387
NL_129,53.30411798,6.98930925
NL_296,52.695352093333334,6.90646721
NL_342,51.3827044,5.72986052
NL_423,51.380627816,5.777167156
NL_169,51.45173242,5.71471586
NL_174,51.702770380000004,4.84315036
NL_442,51.5337801,5.6329857
NL_236,52.97477368235294,5.4510016
NL_36,52.85625497777778,6.519139288888889
NL_41,53.31173225,6.5985622
NL_234,53.19101359,5.64127069
NL_235,52.690955923809526,6.168332228571428
NL_42,53.197377305882355,5.818018405882353
NL_419,51.5676405,4.300119027272728
NL_120,51.8443643,4.987171295454545
NL_309,53.2428463,5.6484978
NL_80,53.098545575,6.9890977
NL_138,51.565102536000005,4.611126564
NL_83,51.204900708695654,5.998391673913043
NL_205924,51.9543525,4.0197987
NL_439,51.925385883333334,4.181580833333333
NL_136,53.173477514285715,6.687743428571428
NL_212482,52.302100529,4.939107614
NL_214561,52.794349276999995,5.043857623
NL_55,51.50584,3.903677
NL_354,51.4944756,4.2871541
NL_421,,
NL_193,51.4944756,4.2871541
NL_172,51.702770380000004,4.84315036
NL_170,52.7379,7.0136
NL_167,52.695352093333334,6.90646721
NL_35,52.1171408,6.529172075
NL_40,52.16453226666667,6.423424333333333
NL_165,52.18985485,4.414558264500643
NL_173,36.13793,138.441899
NL_194,51.704738992258065,5.281817848387097
NL_171,51.67909498333333,4.5841099125
NL_391,51.98369193714286,4.154157854285714
NL_399,51.8757624,4.2618477
NL_322,51.80692333333333,4.6182351
NO_35,59.043879,9.6952755
NO_33,59.5415387,10.5569937
NO_44,47.40938465,15.27177155
NO_46,59.323271,5.489151
NO_108,59.2981963,9.1024578
NO_202505,69.2296016,17.9812966
NO_211259,59.5044211,11.25506934796748
NO_206984,59.8149894,11.6554745
PL_705,53.9671805,18.532113
PL_722,50.8614882,17.470497
PL_77,50.19247197,18.982685126
PL_247,50.26563999,18.970753197
PL_244,50.2780834,19.1342944
PL_78,50.24390255,19.07919787
PL_245,50.2414715,19.1414528
PL_248,50.199112223,19.100778823
PL_243,50.2780834,19.1342944
PL_246,50.2598987,19.0215852
PL_42,50.2598987,19.0215852
PL_249,50.253231496,18.905560709
PL_889,51.6385162,15.1422487
PL_62,51.250559,22.5701022
PL_99,50.6841718,16.6118259
PL_136,53.8660707,21.3045796
PL_254,51.1477005,15.0079028
PL_349,49.6249173,20.691346
PL_209143,52.3082096,17.5345024
PL_358,52.4082663,16.9335199
PL_604,54.4397259,16.9968076
PL_208,50.6794436,18.192024
PL_165,50.4738029,17.3324733
PL_344,51.0674769,19.4446109
PL_29,50.3230785,19.1322201
PL_390,53.2134724,18.3852102
PL_389,53.0656011,19.287152
PL_742,52.7952408,18.2595624
PL_704,50.4844179,19.4333887
PL_738,52.0543308,20.4435009
PL_870,53.153829101,18.163137789
PL_153,49.9693563,20.430541
PL_585,54.1210215,17.9781656
PL_269,53.2134724,18.3852102
PL_268,53.0656011,19.287152
PL_639,54.455234638,18.537745417
PL_544,52.5359736,17.595889
PL_560,51.2222897,16.2498929
PL_203354,51.6385162,15.1422487
PL_421,50.294113,18.6657306
PL_420,50.294113,18.6657306
PL_202217,50.9844757,23.1635704
PL_202139,51.3782439,20.2931754
PL_202140,51.3782439,20.2931754
PL_202141,51.3782439,20.2931754
PL_202433,50.7659054,16.2825424
PL_849,53.34171,16.84779
PL_203135,50.5201929,20.5256241
PL_514,50.3308692,19.2078918
PL_411,50.3357187,19.5983795
PL_946,50.3308692,19.2078918
PL_772,49.6249173,20.691346
PL_786,51.9802935,20.8339613
PL_361,54.3482907,18.6540233
PL_648,54.3482907,18.6540233
PL_379,50.6668184,17.9236408
PL_492,51.1301965,18.9215954
PL_419,51.8778633,17.0167637
PL_513,52.5928035,21.4584581
PL_413,53.0531546,16.7324266
PL_509,51.9465787,21.6116948
PL_380,51.1191844,23.2467333
PL_491,50.8864089,21.6656244
PL_202232,50.1500892,18.8390661
PL_619,51.4022557,21.1541546
PL_637,54.6026348,18.247934
PL_694,54.040092,21.7713092
PL_567,52.5359736,17.595889
PL_297,51.7850969,21.1833835
PL_309,49.6890338,19.20305
PL_314,52.4082663,16.9335199
PL_315,50.114397,18.9965933
PL_235,51.3782439,20.2931754
PL_531,52.4082663,16.9335199
PL_628,50.0123784,20.9880739
PL_763,54.07921,18.73778
PL_755,53.9671805,18.532113
PL_306,50.114397,18.9965933
PT_270,41.3440057,-8.4772021
PT_269,41.3574416,-8.4062436
PT_297,38.7560499,-8.9608437
PT_260,39.6545418,-7.6723114
PT_205196,40.9945859,-8.5247192
PT_206190,40.49453,-8.57847
PT_205553,-9.6651815,-36.309535681575326
PT_205552,40.3792003,-8.4517733
PT_122,39.7117769,-8.6024919
PT_125,51.9496948,4.545009122024089
PT_8,41.0083643,-8.6394111
PT_210678,40.60507935,-8.71763495
PT_41,39.1332403,-9.2340393
PT_102,41.3934992,-8.3834061
PT_254,40.4426833,-8.4359581
PT_265,40.387318,-104.784344
PT_11,40.4426833,-8.4359581
PT_155,40.7523494,-8.5703455
PT_162,40.3602946,-8.0284641
PT_167,40.1204296,-8.5343384
PT_80,40.927166,-8.574803
PT_111,38.245903,16.138677
PT_13,38.9826508,-8.8095788
PT_74,40.7523494,-8.5703455
PT_42,40.7594293,-8.5729234
PT_3,38.6831302,-9.1576301
RO_69,46.5471807,23.8869669
RO_99,45.687332928,21.903124559
RO_121,47.14938116,21.92041124
RO_270,45.710944492,25.579951152
RO_112,47.090223525,21.882498475
RO_136,45.6634951,25.5066416
RO_156,45.8449461,24.9703211
RO_195,47.1426672,23.8759884
RO_220945,45.5226459,23.065062
RO_215040,45.8052412,24.6880361
RO_213540,45.143715479,26.819788621
RO_159,46.3173875,24.287924167
RO_43,46.92528,26.9284165
RO_285,44.9149346,25.4504509
RO_192,44.3505305,24.0992581
RO_221,45.3076642,21.8828785
RO_40,46.5161305,26.94472965
SE_746,47.042522,-68.139954
SE_748,47.042522,-68.139954
SE_749,47.042522,-68.139954
SE_747,47.042522,-68.139954
SE_794,57.0936267,12.2765242
SE_682,-7.6950816,110.6181694
SE_485,59.612451,16.226342
SE_393,-26.598698,27.822904
SE_367,56.0842983,12.9167304
SE_728,60.0038627,15.7906054
SE_462,65.303388,21.497988
SE_476,59.1763516,12.5508503
SE_442,62.9768,17.70996
SE_472,56.0392881,14.4640354
SE_409,59.9043329,17.0610626
SE_216041,54.4854137,9.0537941
SE_435,59.3113619,14.11176
SE_52,59.6543555,12.5916225
SE_92,56.6628826,16.3662382
SE_558,56.6827,16.344869
SE_601,59.7445004,17.4035776
SE_568,60.290966795,15.983420965
SE_567,60.290966795,15.983420965
SE_566,60.290966795,15.983420965
SE_565,60.3469718,15.7486886
SE_569,60.290966795,15.983420965
SE_120,60.290966795,15.983420965
SE_717,56.6827,16.344869
SE_93,56.693935309,16.338312449
SE_827,57.0936267,12.2765242
SE_725,45.404824,-97.913423
SE_848,45.404824,-97.913423
SE_313,45.404824,-97.913423
SE_681,57.4260178,15.0870226
SE_680,57.4260178,15.0870226
SE_207654,45.404824,-97.913423
SE_683,57.4260178,15.0870226
SE_275,42.859865875,-105.87511675
SE_207698,61.279531,16.9640369
SE_208543,59.6543555,12.5916225
SE_207555,59.6543555,12.5916225
SE_509,59.6543555,12.5916225
SE_357,58.083333,11.916667
SE_358,58.083333,11.916667
SE_207667,60.1224538,18.4568911
SE_209074,36.428077276,-88.06815646
SE_91,57.7258433,18.8583755
SE_207669,60.1224538,18.4568911
SE_207668,60.1224538,18.4568911
SE_207666,60.1224538,18.4568911
SE_500,57.7189496,12.1400857
SE_671,58.3490555,11.9382855
SE_205665,58.2611293,12.9561832
SE_706,56.6827,16.344869
SE_378,59.6543555,12.5916225
SE_270,59.1329314,12.9248679
SE_828,57.0936267,12.2765242
SI_39,46.2293889,15.2616828
SI_73,46.4043948,15.7965329
SI_95,46.366164,15.102456
SI_15,46.1342168,14.9952714
SI_86,46.6624644,16.1655256
SK_117,48.4464898,19.6498623
SK_158,48.4655654,17.4933242
SK_159,48.3833333,18.4
SK_103,48.7951387,19.0783321
SK_62,49.0582357,20.1965291
SK_110,48.6843471,18.5245602
SK_109,48.5696123,21.9899835
SK_203669,48.26053665,18.46002857010527
SK_147,48.56299521,18.16354133
SK_201,47.7574079,18.1298249
SK_48,48.3833603,20.0180584
SK_191,47.7574079,18.1298249
SK_175,49.0000074,21.2392122
SK_113,48.5895247,17.8213848
SK_72,48.1516988,17.1093063
SK_173,48.8167474,20.8999535
SK_189,49.0815718,19.3034168
AT_90,46.8298662,12.7681269
AT_207681,46.8298662,12.7681269
AT_231,48.3059078,14.286198
AT_15,48.3059078,14.286198
AT_14,48.3059078,14.286198
AT_208,48.2701198,14.339743
AT_155,47.069615048,15.417161531
AT_16,48.3059078,14.286198
AT_202703,47.4958502,15.4231524
AT_17,48.3059078,14.286198
AT_205911,47.5712911,14.203174
AT_221968,47.5712911,14.203174
AT_171,47.992055,13.8059584
BE_152,51.2211097,4.3997081
BE_204158,51.2211097,4.3997081
BE_220832,51.139407389,3.805191867
BE_528,48.7591144,15.9530677
BE_159,50.580370205,4.063557502
BE_326,50.8465573,4.351697
BE_200,51.0538286,3.7250121
BE_205718,50.59250815,3.4283733333333335
BE_12,50.8433705,3.6041443
BE_119,43.553632,7.040452
BE_217,50.5368559,5.2143865
BE_218,50.4984249,5.0805501
BE_216,50.4048557,4.6513189
BE_38,51.0676205,5.0878638
BE_19,51.139407389,3.805191867
BE_258,50.9135381,2.9183672
BE_257,51.2519515,4.27803
BE_307,51.2211097,4.3997081
BE_745,51.2258565,2.919496
BE_748,51.2516344,4.4980446
BG_110,-35.305292,149.113596
BG_149,42.6191296,25.3933333
BG_152,42.1390164,25.867346
BG_206125,42.47141546666667,27.44467786666667
BG_26,43.5258211,26.5230603
BG_28,43.2028209,23.548027
BG_50,41.4989159,23.4821738
BG_51,42.4936616,27.4721276
BG_85,42.6977028,23.3217359
BG_132,47.142224,13.676898
BG_98,-38.0174857,-57.6196324
BG_105,28.2197971,121.2932448
BG_107,42.3076287,23.8588278
BG_47,54.419323,86.303429
BG_109,42.199981,25.3256972
CZ_275,49.35178912492725,13.656725366576142
CZ_202,49.198815209,16.641472748
CZ_353,50.767898,15.066679
CZ_366,49.50025241038411,17.483372362485433
CZ_389,49.5930718,18.3596301
CZ_138,50.0874654,14.4212535
CZ_160,49.7013305,17.0758784
CZ_162,49.67105200877708,17.818381689166362
CZ_189,50.3442064,16.1512997
CZ_252,49.6773634,18.6708131
CZ_376,49.0389132,17.8148347
CZ_20,50.0874654,14.4212535
CZ_341,44.160214,12.133295
CZ_158,49.8229045,16.920398
CZ_295,48.6204563,14.2574142
CZ_338,49.6049791,18.0038333
DE_203015,49.2222749,8.36659
DE_774,51.198439395,6.78745155
DE_830,53.068214897,8.790252439
DE_759,48.1371079,11.5753822
DE_758,48.1371079,11.5753822
DE_741,48.1920628,11.6401877
DE_766,48.1371079,11.5753822
DE_767,48.162605331,11.559810863
DE_807,48.1371079,11.5753822
DE_756,48.1371079,11.5753822
DE_757,48.1371079,11.5753822
DE_1526,51.257732,7.7642148
DE_1410,51.393581897,7.47973007
DE_1409,51.4001119,7.4330062
DE_1432,51.266398057,6.748606889
DE_1349,50.4837077,9.6002656
DE_1296,49.2942599,8.698707
DE_633,51.849727526,11.583774077
DE_4167,49.9740542,9.1493636
DE_4156,51.0547592,10.2451435
DE_694,54.0994542,13.6987412
DE_700,51.7930788,11.7391606
DE_750,48.1371079,11.5753822
DE_201870,48.1371079,11.5753822
DE_755,48.1371079,11.5753822
DE_747,48.1371079,11.5753822
DE_744,48.1920628,11.6401877
DE_1145,51.600403073,7.456670981
DE_1198,51.54267012,6.814399805
DE_1186,54.3615914,11.083755
DE_1839,51.45,11.8
DE_1332,53.787927,9.4238157
DE_1355,52.2884504,11.6752462
DE_1344,50.8168388,9.9768184
DE_1348,52.4257979,9.4294425
DE_1350,52.2884504,11.6752462
DE_1343,52.3144002,9.9647193
DE_1347,50.8868593,9.9746798
DE_1342,50.8868593,9.9746798
DE_1353,50.4837077,9.6002656
DE_1345,50.845143008,9.980211616
DE_1351,50.845143008,9.980211616
DE_1352,50.8168388,9.9768184
DE_1341,52.4257979,9.4294425
DE_1019,51.288306423,6.368572119
DE_1089,51.85042985,12.270401048987663
DE_1588,51.820477725,12.250199573
DE_1108,51.4458105,8.3536824
DE_2499,53.898623815,11.491239351
DE_1862,51.990344689,8.626184139
DE_1861,51.990344689,8.626184139
DE_1819,49.6428282,12.4955813
DE_1820,49.8565075,9.9571081
DE_1817,37.750022,-122.415201
DE_1818,49.677433159,12.151896099
DE_1821,49.3708476,7.549097
DE_4113,49.7466,8.5112
DE_1746,49.230125026,7.03345844
DE_215840,49.230125026,7.03345844
DE_621,52.1873798,9.0804584
DE_1739,49.41344416,11.123198512
DE_1857,50.4341326,8.6719889
DE_285,49.5653661,8.1634571
DE_1792,43.247976134,13.703376962
DE_248,48.9077789,13.3815091
DE_748,48.1371079,11.5753822
DE_778,48.1371079,11.5753822
DE_752,48.1371079,11.5753822
DE_1530,51.359166281,7.478408772
DE_781,49.41344416,11.123198512
DE_859,52.4009309,13.0591397
DE_922,51.162229166,6.478577276
DE_1159,48.9414188,8.4076347
DE_1314,51.45,11.8
DE_1199,52.834252329,13.819964311
DE_1237,53.8560526,13.688091
DE_1354,52.3144002,9.9647193
DE_502,54.763425291,9.403744776
DE_1793,48.1371079,11.5753822
DE_4126,50.753335541,6.153331195
DE_1721,49.9178,8.5924
DE_771,49.96233505,8.20340806
DE_219001,52.0306058,7.1057295
DE_212600,47.7617515,8.8348709
DE_211,51.5054285,14.6381818
DE_237,49.9947528,9.573777
DE_264,51.920855089,10.44984192
DE_75,52.3144002,9.9647193
DE_74,53.8865297,9.5767969
DE_87,51.61431,8.3396662
DE_173,49.368761,11.6039669
DE_389,51.5959761,13.7779089
DE_202376,32.602744,-88.656165
DE_202379,50.3783074,10.2561983
DE_434,51.7938902,9.348855
DE_441,47.775262072,9.170807039
DE_202642,49.4946086,10.7948937
DE_204882,49.4427023,6.6374902
DE_203170,52.2737857,8.6704486
DE_203168,52.2737857,8.6704486
DE_201664,49.5589556,8.0732258
DE_203410,51.4121605,13.4473168
DE_203443,51.4121605,13.4473168
DE_72,51.4121605,13.4473168
DE_204219,51.0905783,6.5835365
DE_204255,48.7128008,9.3864523
DE_204254,48.2547192,12.5864967
DE_206997,51.801284,11.3342273
DE_206284,53.447046018,9.988267886
DE_14,53.550341,10.000654
DE_505,50.5788781,13.0106108
DE_523,51.6565219,10.3428415
DE_579,51.990344689,8.626184139
DE_953,51.521697961,7.087403539
DE_575,53.787927,9.4238157
DE_226543,42.686104,-82.782094
DE_202145,50.797762016,6.482502191
DE_210542,53.898623815,11.491239351
DE_213981,50.86514105,10.914327894573947
DE_227056,51.9503235,14.7153567
DE_202638,51.54267012,6.814399805
DE_206241,51.54267012,6.814399805
DE_202639,51.54267012,6.814399805
DE_206242,51.54267012,6.814399805
DE_202640,51.54267012,6.814399805
DE_202636,51.54267012,6.814399805
DE_205427,31.090455,-85.9799385
DE_205421,31.090455,-85.9799385
DE_226202,50.6477963,12.1734848
DE_205422,31.090455,-85.9799385
DE_203153,52.588357,12.9958846
DE_226882,51.9752481,9.5139063
DE_203152,51.596316,7.0154142
DE_1894,51.5869442,9.9265526
DE_229271,51.600403073,7.456670981
DE_229270,51.600403073,7.456670981
DE_1469,43.247976134,13.703376962
DE_616,43.247976134,13.703376962
DE_608,51.2894732,12.7517578
DK_331,56.5120126,9.6099502
DK_323,56.5857922,9.136184582277407
DK_338,56.6371753,9.7939799
DK_330,57.06234,10.154852
DK_280,56.0893891,8.6295216
DK_100,55.097087,10.2428246
DK_353,55.4284473,9.2889565
DK_351,56.6371753,9.7939799
DK_187,55.1866229,9.0669072
DK_233,55.6441712,12.4772091
DK_141,56.049638,9.961902
DK_300,56.380151,10.503586
DK_151,55.6433478,12.0819247
DK_152,55.6433478,12.0819247
DK_163,56.1390178,9.1547931
DK_195,57.3532646,9.9452931
DK_225,55.2869915,9.0463292
DK_319,54.9089186,9.7897999
DK_199,55.621368,12.615056
DK_316,55.4565009,12.1818964
DK_202996,55.0636625,10.6084725
DK_204462,50.194507,12.300395
EE_54,58.371154795,26.794871171
EE_57,33.932538,-84.385947
EE_45,59.4551194,26.868073268210487
EE_38,58.987758858,26.242196103
ES_158,41.4734914,-1.5650865
ES_698,40.076093,-3.489944
ES_569,39.9621514,-0.2593846
ES_202928,39.782029,-0.1876251
ES_206584,39.9621514,-0.2593846
ES_205747,42.5278279,-1.6744823
ES_205306,43.1781602,-2.3114989
ES_204968,42.8465088,-2.6724025
ES_249,41.9206919,-4.4931598
ES_699,40.2294297,-3.4366925
ES_7,37.343193503,-5.839991215
ES_741,42.87011864,-2.22797956
ES_395,41.32140525,1.658443933
ES_394,41.239446267,1.835172425
ES_217920,40.0746619,-0.2142146
ES_231,10.211927,-85.688665
ES_64,32.617866767,-115.4411432
ES_63,36.212391575,-5.385443361
ES_216640,39.665270326,-0.223930432
ES_1061,41.6521342,-0.8809428
ES_243,43.0010076,-4.1378363
ES_811,43.235372,-2.8920543
ES_68,37.343193503,-5.839991215
ES_227406,37.2575874,-6.9484945
ES_214801,28.9528697,-13.7642134
ES_201,43.5577345,-5.7229707
ES_770,42.836476404,-2.663870849
ES_563,39.9860347,-0.0377354
ES_185,41.6521342,-0.8809428
ES_740,42.6191551,-1.2748872
ES_39,36.5286856,-6.1902161
ES_1029,40.4167047,-3.7035825
ES_872,38.0931247,-3.6357207
ES_701,40.498763844,-3.372036385
ES_424,41.124562175,1.17777995
ES_221942,39.81460232,-0.42798736
ES_205285,40.2110462,-3.5771806
ES_874,41.4248588,-0.4976071
ES_226861,42.3082258,-2.5337834
ES_225020,37.1215305,-5.4559583
ES_226463,40.2110462,-3.5771806
ES_202181,44.227583302,2.506666632
ES_109,38.096787,-3.7765601
ES_193,41.721179,0.1172654
ES_973,39.8532265,-0.1550092
ES_287,41.9889037,-5.6036131
ES_145,38.096787,-3.7765601
ES_756,42.90664258,-2.06523926
ES_347,38.9293858,-1.74318125
ES_374,40.0785096,-3.8569693
ES_596,38.436906,-0.6396687
ES_204982,39.9621514,-0.2593846
ES_831,39.9621514,-0.2593846
ES_539,39.9621514,-0.2593846
ES_205770,39.9621514,-0.2593846
ES_291,43.609196703,3.800514951
ES_281,41.1223601,-4.2652816
ES_479,41.4379916,2.0108896
ES_606,38.436906,-0.6396687
ES_202179,40.0746619,-0.2142146
ES_201854,43.5554436,-5.9222466
ES_201856,38.6852161,-4.1111749
ES_979,39.665270326,-0.223930432
ES_201855,37.225734567,-6.891538733
ES_748,42.5673713,-2.0211169
ES_826,41.5722233,-0.74244
ES_183,41.5722233,-0.74244
ES_182,41.5722233,-0.74244
ES_181,41.6521342,-0.8809428
ES_203654,37.6949622,-5.2804262
ES_203078,38.039264664,-4.052491586
ES_703,40.452699,-3.535853
ES_206935,42.800721,-7.412495
ES_206366,42.501141,-83.073339
ES_205812,40.3837901,-3.4092281
ES_630,43.3045943,-8.508275
ES_90069,37.54139409,-5.079782413
ES_854,37.265491,-6.942441
ES_416,41.156333997,1.099155613
ES_165,41.6521342,-0.8809428
ES_170,35.2190017,128.777747
ES_90050,41.5722233,-0.74244
ES_913,40.5683808,-3.2627134
ES_959,41.5515189,2.2480812
ES_997,38.9540269,-5.8619466
ES_240,43.348927811,-4.048950117
ES_241,43.348927811,-4.048950117
ES_824,41.9137506,0.1930705
ES_209080,41.9137506,0.1930705
ES_742,42.3327818,-1.9336689
ES_38,37.251136162,-3.750991945
ES_37,37.1831293,-4.449969
ES_269,41.670138548,-4.736241156
ES_764,42.8465088,-2.6724025
ES_1045,43.217319052,-2.021513977
ES_23,37.1215305,-5.4559583
ES_90053,20.383333,-98.137778
ES_866,36.212391575,-5.385443361
ES_90061,38.6180189,-6.7966844
ES_849,37.9623001,-4.5459147
ES_1023,40.59970205,-3.515264394
ES_90002,42.6522082,-1.3083408
ES_90057,42.318377,-2.093425
ES_851,37.225734567,-6.891538733
ES_90001,38.837484436,0.106669387
ES_938,41.0416528,0.7346523
ES_1031,14.9255916,101.9936443
ES_937,42.299634,-83.47013
ES_978,39.511458614,-0.458099343
ES_90003,39.3899806,-3.2101376
ES_876,42.518364,-0.3647899
ES_915,38.7083953,-4.1760555
ES_850,37.261570822,-5.8949469
ES_1018,42.5768922,-2.8466768
ES_939,41.3825802,2.177073
ES_203736,43.4194242,-2.7231562
ES_205656,39.873312,4.297511
ES_204964,39.873312,4.297511
ES_90074,38.9293858,-1.74318125
ES_896,41.5485022,-5.6208725
ES_877,41.6521342,-0.8809428
ES_90004,38.9481556,-0.6492732
ES_977,38.2356802,-0.8105482
ES_1003,38.6846791,-6.4067802
ES_1000,39.0111846,-6.0102155
ES_672,42.6672017,-8.7218548
ES_611,39.6251478,-0.5952749
ES_779,43.0848925,-2.1486222
FI_193,62.0294216,24.6232138
FI_194,62.02427644,24.6477352
FI_195,62.0294216,24.6232138
FI_614,50.493676300000004,19.38763905289634
FI_13,60.2049651,24.6559808
FI_51,50.493676300000004,19.38763905289634
FI_544,60.4017496,25.0280695
FI_28,60.2049651,24.6559808
FI_50,36.8240951,128.0991777
FI_58,60.4743601,25.0925118
FI_60,60.4743601,25.0925118
FI_61,60.4743601,25.0925118
FI_17,60.2049651,24.6559808
FI_611,61.276195266,24.010941855
FI_327,61.2637921,24.0301278
FI_329,61.2637921,24.0301278
FI_209052,61.2637921,24.0301278
FI_326,61.2637921,24.0301278
FI_216380,61.276195266,24.010941855
FI_15,60.2049651,24.6559808
FI_637,60.1574075,24.5319207
FI_188,61.069167431,28.284170908
FI_14,62.603678439,29.730331509
FI_187,61.0583713,28.1862742
FI_185,61.050855007,28.237706587
FI_59,60.7390089,24.7728148
FI_52,60.633023226,24.844840222
FI_26,60.2049651,24.6559808
FI_3,45.5558431,15.974074
FI_526,60.455017,26.2220972
FI_47,60.1227857,24.4406694
FI_30,60.2049651,24.6559808
FI_27,60.2049651,24.6559808
FI_23,60.2049651,24.6559808
FI_16,60.2049651,24.6559808
FI_62,60.4017496,25.0280695
FI_632,61.4866126,21.7972071
FI_18,60.2049651,24.6559808
FI_186,61.025195296,28.162155926
FI_190,61.051890451,28.06001072
FI_189,61.076837091,28.153362581
FI_222720,65.0117869,25.4701983
FI_512,60.8468055,26.6021559
FI_328,61.2637921,24.0301278
FI_477,61.4866126,21.7972071
FI_2,18.47339967,-69.884480595
FI_489,62.0294216,24.6232138
FI_1,64.1378737,25.3658176
FI_437,63.066072,28.3420836
FI_204524,60.4674228,26.9450844
FI_398,65.0117869,25.4701983
FI_219880,61.062639357,28.321129839
FI_219920,61.1911427,28.6940326
FI_443,61.1923342,28.7716996
FI_513,44.987656,-101.215915
FI_514,64.0018526,24.75126648
FR_517,49.1132483,6.8314333
FR_915,50.7396639,2.3062068
FR_206374,46.8054064,4.4285961
FR_918,57.76608945,16.59322525
FR_205947,50.3710165,3.5547336
FR_205948,49.4695338,1.0495889
FR_632,43.6405237,5.0980225
FR_260,49.430184,1.074652
FR_594,43.7009358,7.2683912
FR_222500,45.708491,4.8532593
FR_821,48.6483814,7.7537839
FR_205949,50.2002502,3.8336383
FR_1133,49.1043397,6.7071754
FR_536,46.3316667,-0.9480556
FR_923,50.3694,3.33736
FR_587,43.4867359,5.4952155
FR_143,46.673369,4.397739
FR_224720,50.6093554,2.9864421
FR_706,48.655886,2.3860488
FR_705,48.629965,2.3609313
FR_206722,49.1715929,6.935203
FR_210535,-21.341298,55.4776174
FR_30,49.2607914,2.4733771
FR_981,50.630088382,3.076849636
FR_772,48.9479069,2.2481797
FR_1077,47.9027336,1.9086066
FR_209702,48.9611722,2.3439698
FR_272,49.8114921,0.8511793
FR_210,45.7774551,3.0819427
FR_244,48.5348122,4.101141
FR_1086,48.1637984,2.2071788
FR_205904,49.3624227,4.1719947
FR_1054,48.1962708,1.9363143
FR_230,49.1971054,4.1305935
FR_205620,49.8114921,0.8511793
FR_205797,49.8250834,2.9293933
FR_249,49.3624227,4.1719947
FR_1087,48.071556099999995,2.554950462336592
FR_60,49.976534,3.1029906
FR_840,48.4227385,7.6632641
FR_209932,48.9026,2.30551
FR_996,35.0438456,-3.4541189
FR_729,48.8588897,2.3200410217200766
FR_721,48.9917676,2.2585679
FR_720,48.986025,2.2303498
FR_131,42.654382,-78.692124
FR_931,51.020070947,2.335942238
FR_134,47.1097018,5.2610058
FR_23,49.434164,2.087193
FR_1154,50.7396639,2.3062068
FR_576,46.5416667,-0.9033333
FR_581,47.0636081,-0.9399268
FR_206,45.7774551,3.0819427
FR_738,48.892956,2.2881683
FR_752,48.906387,2.4452231
FR_24,49.3758211,2.4513755
FR_1153,47.0811658,2.399125
FR_1001,50.4745024,3.2425313
FR_206343,50.9288207,2.0781576
FR_575,47.2903154,-1.188348209759353
FR_205436,45.2023158,4.8144436
FR_579,47.2323136,-1.220173
FR_872,43.6112476,1.3367443
FR_346,46.0860078,4.0644726
FR_1103,45.4972427,4.1670428
FR_112,44.5908772,-0.0862738
FR_204,45.3714301,3.3206935
FR_209262,45.2399639,4.6675475
FR_475,49.4916388,5.1883537
FR_280,49.3534994,1.0043489
FR_597,44.284759,6.865744
FR_1073,47.90289,1.90389
FR_223,49.49497,4.36469
FR_331,45.8872222,0.9011111
FR_1068,47.2774354,0.831494
FR_101,43.42033235,-0.615214205804367
FR_205995,48.6076865,-0.924256777713777
FR_206033,50.2729141,3.3461187
FR_206583,45.473408,4.3792689
FR_283,49.3424375,1.0957098
FR_935,50.3812113,2.3361053
FR_205263,48.4727706,4.4078347
FR_205264,48.403192,3.7366675
FR_205261,48.3582724,4.1989782
FR_204057,49.787987,4.4949105
FR_141,46.7831001,4.8534326
FR_147,46.7831001,4.8534326
FR_775,48.9461437,2.1450951
FR_204313,48.7443189,2.4699741
FR_256,42.496834,-82.959738
FR_1052,46.784506,2.372408
FR_333,45.4243023,1.5636393
FR_356,45.2399639,4.6675475
FR_103,43.4874963,-0.7738363
FR_332,45.1678293,1.6324484
FR_741,48.894435,2.208686
FR_1,49.7652778,3.3763889
FR_656,48.268026,2.6953079
FR_369,45.1236837,5.6978136
FR_104,43.367242,-0.5887876
FR_710,48.7144587,2.2453842
FR_372,48.8256683,2.2392613
FR_912,50.7515771,2.2534183
FR_1084,47.0811658,2.399125
FR_546,47.4683081,-0.4932941
FR_526,49.2052869,6.6963095
FR_514,49.1043397,6.7071754
FR_467,48.6762624,5.8941759
FR_477,49.1043397,6.7071754
FR_957,50.703612,2.8403065
GB_11,39.5120347,-76.1643289
GB_218,39.5506029,-90.4801247
GB_219,39.5506029,-90.4801247
GB_366,51.8660404,-2.2332675
GB_377,42.3432499,-72.6213339
GB_454,52.39627005,0.13284065
GB_463,54.0494235,-2.7980011
GB_465,50.482286033,-3.553696333
GB_545,53.5520871,-2.1213768
GB_558,43.03333,-2.41667
GB_909,53.777778,-2.576444
GB_237,53.777778,-2.576444
GB_576,54.58333,-5.91667
GB_582,33.381916,-84.507566
GB_609,56.01256,-3.69872
GB_619,55.910283633,-3.32135335
GB_648,51.3713049,-0.101957
GB_656,52.9148537,-1.4655926
GB_666,51.434012,-0.511044
GB_846,55.861155,-4.2501687
GB_839,53.4071991,-2.99168
GB_848,53.587495,-0.1139565
GB_1084,50.79677,-3.91232
GB_938,51.4357312,-3.175096
GB_900,52.86420315,-1.6777078
GB_1002,53.55258,-2.68571
GB_396,53.5227681,-1.1335312
GB_205861,54.9764518,-2.0834333
GB_205862,55.46902,-4.29966
GB_901,44.00011,-79.46632
GB_1022,53.37141275,-2.6017645
GB_211,51.3713049,-0.101957
GB_902,51.5077154,-0.4181471
GB_212,55.01215,-1.65477
GB_793,53.34881,-2.84814
GB_1051,51.258849,-1.107544
GB_1065,53.25044,-3.14378
GB_859,51.54539,-3.49988
GB_996,51.4434752,0.3389091
GB_365,53.2382197,-3.0350565
GB_497,53.31899,-3.26894
GB_413,53.4794892,-2.2451148
GB_1266,56.2018,-3.15969
GB_618,56.20199,-3.01692
GB_550,51.48556,-0.4819
GB_549,51.4816546,-3.1791934
GB_547,51.5074456,-0.1277653
GB_798,51.5074456,-0.1277653
GB_799,51.24257,-0.23193
GB_551,51.5074456,-0.1277653
GB_548,51.9988612,-0.727281
GB_39,57.1423037,-2.1488849
GB_844,53.17599,-2.42495
GB_206104,51.50457,-0.42112
GB_634,57.144760333,-2.107723067
GB_212520,53.5268299,-2.76363
GB_209026,53.276819,-1.857059
GB_210536,57.12706,-2.07482
GB_210669,53.5799854,-0.101956
GB_280,53.546215,-2.6319112
GB_912,53.71906,-1.5967
GB_914,40.735657,-74.1723667
GB_939,52.5993374,-1.6775512
GB_934,52.5652199,-0.14295
GB_209242,54.09144,-2.67156
GB_910,52.65545,-1.31759
GB_843,53.1666927,-1.5833223
GB_883,39.5506029,-90.4801247
GB_913,51.57199,-3.62013
GB_995,53.785097,-1.099040720243205
GB_1072,53.25044,-3.14378
GB_1015,54.1113351,-3.2289494
GB_1073,53.25044,-3.14378
GB_376,55.20293,-1.52207
GB_800,53.785097,-1.099040720243205
GB_205071,51.70229,-0.31885
GB_205072,52.73088,-1.15767
GB_206721,51.47348,0.258
GB_206947,53.77068,-2.35333
GB_205756,54.09144,-2.67156
XI_219000,54.726971633,-5.764778767
XI_207642,54.9978678,-7.3213056
GB_675,36.140807,-5.3541295
GR_204623,38.494349,23.163391
GR_183,38.3200705,23.3175613
GR_126,38.226205,22.104232
GR_129,46.176825802,9.861039464
GR_85,39.61300005,22.039089222572507
GR_203866,40.9369224,24.4122766
GR_100,39.6234586,22.392669025
HR_203878,45.8130967,15.9772795
HR_204086,45.4891806,16.374592
HR_204425,45.5548793,18.6953685
HR_203950,45.2981626,14.510908
HR_204942,46.0521,16.17264
HR_203977,45.1380212,14.1801746
HR_203974,45.1380212,14.1801746
HR_203879,45.8130967,15.9772795
HR_211261,19.2231929,-70.5174086
HR_203883,46.3079645,16.3378198
HU_209147,47.2145342,20.3172973
HU_218961,46.9649048,18.9405047
HU_1006,46.8621434,20.5521466
HU_5,47.3576246,21.2742641
HU_96,46.3564692,17.7886886
HU_269,47.7331432,17.8279231
HU_167,47.687609,17.6346815
HU_251,46.9649048,18.9405047
HU_65,47.9539113,22.3208477
HU_152,47.382688668,16.753765839
HU_98,46.9073883,19.6917206
HU_38,47.6134153,17.2497955
HU_190,48.0960676,19.8005642
HU_146,48.1030643,20.7900429
HU_200,47.9280341,21.0467056
HU_207,47.1910169,18.410811
HU_186,47.6677606,19.0760467
HU_66,47.4978789,19.0402383
HU_209,47.4897011,18.3148401
HU_201,47.4978789,19.0402383
HU_71,47.4978789,19.0402383
HU_70,48.2239095,20.2895983
HU_206,47.0933824,17.9080406
IE_70,53.4027828,-6.398205
IE_100,53.386613600000004,-6.292626932293775
IE_20,52.2609997,-7.1119081
IS_204602,64.9299647,-14.01125370514213
IS_208833,63.9832697,-22.5561494
IT_36,44.9564642,7.5110517
IT_212320,44.63194,10.32264
IT_697,43.34419,13.5675945
IT_827,45.6443309,8.8978959
IT_218,46.2591565,11.1016547
IT_267,45.550156,12.0720437
IT_516,40.4786981,17.246286122
IT_764,37.8224449,15.2276362
IT_1073,44.479240138,12.208125209
IT_279,45.2240069,11.659796
IT_172,45.5552224,10.073946
IT_168,45.64685,10.3884485
IT_296,46.247185200000004,13.0696370223726
IT_17,45.1353087,7.2129198
IT_249,45.5488306,11.5478825
IT_205777,43.5649304,11.5305954
IT_216000,45.630609977,13.786737438
IT_104,45.7878508,9.2464576
IT_97,45.7719597,8.6743917
IT_448,41.288885258,13.236868246
IT_329,44.4805382,11.0351093
IT_852,45.6376293,11.7521976
IT_217542,45.8320236,13.2111453
IT_202619,44.4805382,11.0351093
IT_202617,43.929222392,12.635798042
IT_202500,44.6532007,10.781081
IT_201923,45.468361,8.068123
IT_205535,43.891147194,12.88827535
IT_201680,43.341715,11.92378
IT_569,39.291538,9.001542
IT_38,45.6142424,8.3711382
IT_1015,45.820035156,8.708542538
IT_74,44.368432,8.323321
IT_211398,44.91078685,8.614688594
IT_205811,45.446469457,10.933962705
IT_220601,45.4794715,9.0546807
IT_202935,45.062216948,7.586095995
IT_730,45.6229111,9.6631272
IT_197,45.1566683,10.7917191
IT_612,40.6482675,14.8352179
IT_205541,40.2334988,9.0445989
IT_202087,37.1782878,15.1266212
IT_218740,43.860297258,10.580446628
IT_617,35.0,105.0
IT_236,45.3751312,11.1358815
IT_611,44.314628,7.482432
IT_831,44.8873086,7.3319454
IT_383,43.847934691,10.506398186
IT_1090,45.8035167,11.3504042
IT_205823,44.671447,8.64845
IT_677,45.82028802,9.21011484
IT_202460,44.540718603,10.784777052
IT_99,45.7784026,8.7718279
IT_729,45.7279673,7.3522207
IT_731,40.5888311,17.1169895
IT_121,45.5586385,8.9479761
IT_244,45.7588257,11.4301268
IT_743,45.5978467,9.07803338
IT_879,45.564475,8.1045374
IT_615,44.831365262,10.3310633
IT_616,45.5761735,9.3509475
IT_796,42.5641417,12.6405466
IT_911,45.032761,9.244856
IT_681,39.8781783,8.6099732
IT_299,45.822216,13.276933
IT_1060,45.617409401,13.807281547
IT_1075,45.9441278,13.6252288
IT_935,21.98928748,-79.588043285
IT_1188,40.783712,14.698841
IT_1220,39.42404,8.923138
IT_1012,40.401825,17.633511
IT_164,45.5258193,10.21441
IT_207225,39.0655592,9.0108295
IT_202895,39.0806223,17.127196
IT_367,44.030428031,10.125235305
IT_923,45.0677551,7.6824892
IT_739,42.0347963,13.4265048
IT_797,43.9352396,11.0158786
IT_905,41.8933203,12.4829321
IT_202655,44.494425183,11.381527841
IT_108,45.3491567,9.1644272
IT_1225,44.834121585,11.622055962
IT_157,45.537634294,10.199388348
IT_1037,45.463664491,7.88093754
IT_1157,45.479379267,9.191002911
IT_1167,45.1790124,11.0637333
LT_57,55.4984381,25.6025772
LT_76,55.9139294,21.8533903
LT_94,34.713561,-92.355844
LU_10,49.60440639666666,6.103948716666666
LV_18,56.94731169,24.051759448
LV_17,56.9493977,24.1051846
LV_21,56.8192045,24.6074393
LV_14,57.03105574,24.032651125
LV_31,36.134422,-115.179275
LV_94,56.953262398,24.145475608
LV_38,55.893256454,26.555839769
LV_85,56.9685757,21.960778
LV_34,55.895206,27.1619304
LV_65,56.5048435,21.0070903
MT_210138,17.3250071,76.8200096
MT_209863,17.3250071,76.8200096
NL_401,52.2209855,6.8940537
NL_279,51.56633517037037,4.288247003703704
NL_108,52.39424335,4.825227
NL_420,51.84038635238095,5.092384461904762
NL_368,51.6465922,5.71425055945946
NL_408,51.9328725,4.1736499
NL_192,51.33351445238095,3.7892989047619046
NL_205886,52.975750739999995,6.56235544
NL_9,52.7512671,6.938975994117647
NL_205917,53.281426321428576,6.3049792857142855
NL_441,52.680040257142856,6.898385307142857
NL_47,53.1671992,6.7211866
NL_205892,53.0918625,6.4464547
NL_205889,53.281426321428576,6.3049792857142855
NL_206188,53.306974922222224,6.980228933333333
NL_204688,51.33351445238095,3.7892989047619046
NL_204685,51.33351445238095,3.7892989047619046
NL_204683,51.33351445238095,3.7892989047619046
NL_204681,51.33351445238095,3.7892989047619046
NL_407,51.33351445238095,3.7892989047619046
NL_204687,51.33351445238095,3.7892989047619046
NL_204686,51.33351445238095,3.7892989047619046
NL_204684,51.33351445238095,3.7892989047619046
NL_204682,51.33351445238095,3.7892989047619046
NL_110,51.8757624,4.2618477
NL_205725,51.88656743,4.27992959
NL_204,52.29400468857143,4.9578600942857145
NL_210685,50.83480466,5.71331722
NL_221970,52.2784339,4.7525241
NL_203009,16.888341,79.714079
NL_203650,51.310963,6.1128183
NL_134,51.90717672857143,5.446593942857143
NL_131,51.882941071428576,5.0857006
NL_132,50.85951295,5.7034813
NL_133,-31.564658875,-60.233662975
NL_46,53.0807517,6.877303483300453
NL_48,52.98776767647059,6.858375911764705
NL_49,52.9093231,7.0482534
NL_15,52.92154443902439,4.788241656097561
NL_14,52.9952273,6.560498
NL_12,52.9952273,6.560498
NL_16,53.281426321428576,6.3049792857142855
NL_13,52.9952273,6.560498
NL_398,51.3571605,5.7340559
NL_71,51.4944756,4.2871541
NL_353,51.56633517037037,4.288247003703704
NL_308,51.573777773684206,4.30047627368421
NL_318,51.9905590375,4.51636356875
NL_122,51.88656743,4.27992959
NL_89,52.193543,5.940257
NL_258,51.8464881,4.3287681
NO_202876,58.9699675,5.7318101
NO_202608,48.608727364,15.163099215
NO_202629,48.152551959,14.467269582
NO_202628,41.0483837,14.3705368
NO_203944,63.4304475,10.3952118
NO_203894,59.4347974,10.6619753
NO_5,59.254955,11.229781140849298
PL_208442,50.294113,18.6657306
PL_953,53.0843135,21.5668607
PL_203608,51.5316918,20.0084195
PL_203610,51.30598,20.11393
PL_203609,51.5316918,20.0084195
PL_203611,51.3782439,20.2931754
PL_203607,51.5316918,20.0084195
PL_203112,50.0123784,20.9880739
PL_202073,50.3448836,18.2109594
PL_779,50.3057269,16.609364
PL_626,50.8494747,15.5976047
PL_216741,50.8120466,19.113213
PL_605,53.6952912,17.5614973
PL_363,50.8120466,19.113213
PL_364,50.1449958,18.6531994
PL_653,50.3308692,19.2078918
PL_366,50.322041579,18.822153948
PL_365,50.0486957,18.4791456
PL_512,53.1511324,16.7380343
PL_415,49.6938045,21.7651458
PL_810,50.8120466,19.113213
PL_205935,50.8120466,19.113213
PL_224129,53.2535889,14.4924243
PL_257,53.1511324,16.7380343
PL_714,50.8424835,16.4870549
PL_209933,51.5849678,21.549883
PL_4,51.5849678,21.549883
PL_209934,51.5849678,21.549883
PL_7,49.972666709,19.826502807
PL_453,49.65829,21.1593832
PL_345,50.294113,18.6657306
PL_610,52.9908208,22.883005
PL_300,50.0931922,19.0918262
PL_578,52.4081717,22.2525679
PL_334,52.2019866,18.6359912
PL_525,50.9844757,23.1635704
PL_935,50.3308692,19.2078918
PL_207262,50.3308692,19.2078918
PL_715,40.766744,-73.790599
PL_746,51.1971363,15.3987046
PL_819,51.1971363,15.3987046
PL_818,51.1971363,15.3987046
PL_867,51.5316918,20.0084195
PL_556,51.5316918,20.0084195
PL_717,49.7181505,18.8028338
PL_709,53.8660707,21.3045796
PL_708,53.6469842,22.4548627
PL_97,50.3116630391422,19.02211934228607
PL_216,51.05536,18.4485221
PL_793,51.2325336,22.9270288
PL_904,50.294113,18.6657306
PL_333,49.6249173,20.691346
PL_332,49.6249173,20.691346
PL_685,54.228188,16.2942839
PL_552,51.30598,20.11393
PL_549,51.3782439,20.2931754
PL_752,50.2916337,16.8736919
PL_203200,50.3448836,18.2109594
PL_769,50.382893273,18.88412026
PL_829,50.9398768,21.38743
PL_228,51.0518865,21.0761377
PL_227,51.0518865,21.0761377
PL_280,50.3197908,22.3434799
PL_290,50.0123784,20.9880739
PL_175,52.0543308,20.4435009
PL_195,50.9031028,15.7344306
PL_194,50.914820698,15.769648738
PL_130,51.562491,21.8654383
PL_131,53.7766839,20.476507
PL_137,49.6890338,19.20305
PL_96,50.3052029,19.0275635
PL_69,50.2216536,18.6706574
PL_68,50.1449958,18.6531994
PL_174,50.2216536,18.6706574
PL_70,52.1663751,22.2765138
PT_85,39.753333,-8.931411
PT_159,40.4782058,-8.4523964
PT_176,39.7997283,-8.7098847
PT_196,40.0941517,-8.3336555
PT_88,41.487791,-8.601507
PT_29,41.749058,-7.477068
PT_106,37.627421,-0.995106
PT_174,40.60354,-7.7656
PT_253,41.1621464,-8.625116789017678
PT_259,37.956549,-8.8689639
PT_290,38.6671253,-9.0542164
PT_170,39.7495952,-8.9298895
PT_205533,40.5141351,-8.52045135
PT_205284,40.2030424,-8.5027967
PT_205127,41.5763504,-8.5181525
PT_205642,40.0686632,-8.861842047380147
PT_95,39.0206646,-8.9683438
PT_91,38.8584196,-9.1320264
PT_207706,41.6307082,-8.7714025
PT_206093,52.195182,5.468073
PT_67,42.440947,-2.641904
PT_10,40.4782058,-8.4523964
PT_234,44.282241,-81.502861
PT_145,40.6855872,-8.5902595
RO_207680,47.1819416,23.0562143
RO_62,46.3173875,24.287924167
RO_147,45.030893649999996,23.242798491221002
RO_45,45.77144765,22.910933225
RO_170,45.2716092,27.9742932
RO_214,45.2890106,21.8877676
RO_215,45.2890106,21.8877676
RO_174,45.2929422,21.9284252
RO_175,45.46987605,23.1656162
RO_199,46.7093988,26.8580446
RO_279,47.0363513,21.939187
RO_254,46.5851589,24.0013791
RO_177,44.315688863,28.617818467
RO_204,44.919295233,25.43943615
RO_205,46.626554633,27.7222822
RO_212,46.2520269,26.770213
RO_268,45.7582584,25.605622267
RO_272,43.6542344,25.3655464
RO_222,44.6419986,27.6530653
RO_232,44.315688863,28.617818467
RO_47,47.6829338,22.4695102
RO_61,46.3173875,24.287924167
SE_643,59.9202268,16.6056444
SE_599,55.8698007,12.8296734
SE_381,58.233333,12.416667
SE_206002,60.6750132,17.1467019
SE_659,57.184902,14.0410977
SE_523,57.184902,14.0410977
SE_326,57.184902,14.0410977
SE_522,55.22785035,25.4386046
SE_354,59.1964289,17.6271663
SE_61,57.693685971,12.777623029
SE_60,57.693685971,12.777623029
SE_210594,57.5668748,16.2462046
SE_210595,57.5668748,16.2462046
SE_57,57.5668748,16.2462046
SE_59,57.73101995,12.9231079
SE_58,56.3598289,44.0542641
SE_165,37.2200032,128.800324
SE_158,55.8698007,12.8296734
SE_157,42.43861465,-2.417327575
SE_159,37.264475017,128.739618067
SE_178,65.5831187,22.1459535
SE_598,55.8698007,12.8296734
SE_219360,55.8698007,12.8296734
SE_379,48.302218455,1.005817103
SE_315,58.1803687,13.9596994
SE_711,58.1803687,13.9596994
SE_754,58.1803687,13.9596994
SE_679,58.1803687,13.9596994
SE_677,22.78919394,-80.2518135
SE_708,57.7072326,11.9670171
SE_775,65.6751413,20.9969227
SE_215620,65.6751413,20.9969227
SE_390,59.93070925,16.603224658
SE_382,59.91753655,16.6280785
SE_716,62.6323084,17.9379914
SE_410,59.5137434,15.9970475
SE_389,-23.511794100000003,-46.90938989488561
SE_204842,59.7591735,18.7037476
SE_212782,56.07518905,12.92875675
SE_676,56.086337733,12.916137267
SE_776,58.4248905,14.1631194
SE_308,57.4,15.8
SE_151,62.9306117,17.7839901
SE_314,58.4248905,14.1631194
SE_218260,56.123683267,12.9271449
SE_205887,56.086337733,12.916137267
SE_203399,59.7625867,12.362227
SE_208832,59.2445614,14.4375157
SE_752,59.266667,14.433333
SE_221484,63.8516664,15.5582353
SE_221481,63.8516664,15.5582353
SE_221485,47.767928932,12.747360161
SE_449,56.766667,15.266667
SE_475,59.3238493,13.4701864
SE_204256,59.5137434,15.9970475
SE_477,57.9773272,15.6133594
SE_455,52.56473,9.250838
SE_437,24.6513486,74.82533184967883
SI_30,46.1402285,14.4130728
SI_1,46.0500268,14.5069289
SI_5,46.0500268,14.5069289
SI_6,46.1558964,15.0540204
SI_19,46.4072383,16.1489255
SI_42,46.1402285,14.4130728
SI_55,46.560672,16.452221
SI_63,46.4198096,15.8717378
SI_65,46.1537984,15.2354706
SI_68,45.8040475,15.1696684
SI_94,45.5479864,13.7304781
SK_205067,49.2251922,18.7943585
SK_86,48.7633248,17.8303857
SK_39,48.105899,17.10646012442944
SK_34,48.1516988,17.1093063
SK_32,48.1224937,17.114979540537696
SK_22,48.1516988,17.1093063
SK_25,48.1516988,17.1093063
SK_23,48.099891299999996,17.104959789977997
SK_41,48.1516988,17.1093063
SK_31,48.099891299999996,17.104959789977997
SK_28,48.12243895,17.127968598380665
SK_35,48.1154639,17.11822691823062
SK_30,48.1516988,17.1093063
SK_38,48.1516988,17.1093063
SK_40,48.099891299999996,17.104959789977997
SK_37,48.105899,17.10646012442944
SK_24,48.1154639,17.11822691823062
SK_184,48.151379,17.8748587
SK_153,48.9900623,22.1556248
SK_160,48.4278838,17.798782
SK_84,48.8922719,18.0387465
SK_27,48.1154639,17.11822691823062
SK_42,48.9574049,18.1662967
SK_74,48.4384497,19.5908581
SK_101,49.0815718,19.3034168
SK_26,48.1224937,17.114979540537696
SK_33,48.1516988,17.1093063
SK_29,48.105899,17.10646012442944
SK_36,48.12243895,17.127968598380665
AT_44,48.292591188,14.294486519
AT_221,46.833348331,14.542726033
AT_4,48.1286816,14.9898085
AT_114,47.960676,13.817269
AT_43,48.3059078,14.286198
AT_45,48.341847349999995,14.306947049672583
AT_46,48.3059078,14.286198
AT_56,47.206807,15.3451254
AT_55,46.833348331,14.542726033
AT_67,46.9661342,15.4026678
AT_115,47.0499925,16.0816815
AT_111,47.2147399,14.8297233
AT_65,46.7530485,15.3665385
AT_107,46.765471506,14.819832223
AT_119,48.1543823,13.1185247
AT_113,48.1116298,16.3622404
AT_66,47.3473047,16.1327297
AT_112,48.492749,16.1208031
AT_116,48.2052471,13.9556822
AT_117,48.209528,16.373176
AT_120,47.6821521,13.0956313
AT_87,47.390333,12.828139
AT_158,47.3969055,15.1571394
BE_175,51.2185443,4.3302898
BE_177,51.1317433,5.0772388
BE_62,50.466423,4.696551
BE_747,51.1438611,4.8597257
BE_207,50.025637494,4.16691666
BE_93,50.466423,4.696551
BE_218200,50.85275695,2.712323097125296
BE_221284,50.432102099999994,4.546709543978205
BE_221286,-42.369257,147.920689
BE_206202,50.4843055,3.8344295
BE_127,40.8349546,44.4265833
BE_176,40.8349546,44.4265833
BE_309,51.139407389,3.805191867
BE_282,51.2211097,4.3997081
BE_204195,51.1610826,4.9903187
BE_628,50.85169675,2.891473683275896
BE_734,50.878734361,4.477780729
BE_744,51.139407389,3.805191867
BE_205737,51.2270761,4.5225318
BE_46,40.8349546,44.4265833
BE_212,51.2516344,4.4980446
BG_74,-31.735926514,-60.525187211
BG_202072,42.4936616,27.4721276
BG_11,-35.305292,149.113596
BG_29,42.8910697,24.7123534
BG_112,51.940771,4.558046
BG_210496,42.017027,25.2961377
BG_53,42.1884549,24.3318993
BG_67,42.0073633,24.8762702
BG_210588,43.251196,26.5727944
BG_49,46.946159,-120.497768
BG_114,47.968033,15.971353
BG_100,41.9345727,25.5556639
BG_130,54.2177925,49.6254435
CZ_356,49.24330155,17.206235551736224
CZ_328,50.382319,13.273051
CZ_349,49.8188428,18.2833836
CZ_318,49.409145,16.6270226
CZ_21,49.70406,14.24935
CZ_34,50.6271452,15.6095779
CZ_53,49.938996291,17.886169238
CZ_94,49.6901444,14.0103663
CZ_152,49.069367482,17.452567549
CZ_397,50.743129971,15.149007853
CZ_148,50.0874654,14.4212535
CZ_124,50.497509917,13.6479283
CZ_200,49.598913,18.1452134
CZ_32,49.2606367,15.7783316
CZ_105,50.261147988,14.513109053
CZ_381,48.8368228,16.1634429
CZ_272,49.8725491,16.3101243
CZ_203591,49.9041537,18.3574288
CZ_61,48.7594008,16.8813137
CZ_37,49.8349139,18.2820084
CZ_202027,50.464641056,13.401973399
CZ_183,50.2030082,16.2383273
CZ_145,50.62396985,15.4962093
CZ_49,49.9116692,17.3710729
CZ_347,48.8299011,16.4022403
CZ_29,49.70527279238864,14.903670174498286
CZ_423,49.8349139,18.2820084
CZ_1,50.1041136,13.7310462
CZ_309,49.7631096,15.904617019305448
DE_227048,49.0261475,10.392936
DE_695,47.6120896,7.6607218
DE_206316,52.070448773,11.660164133
DE_225164,50.3366253,8.7536637
DE_1593,51.8311002,7.0441764
DE_213180,51.526874967,6.9561941
DE_202695,50.878524406,8.006449747
DE_203619,50.87745,8.4373
DE_38,49.2751251,6.7956291
DE_48,50.878524406,8.006449747
DE_204421,50.810902701,7.162051747
DE_174,50.5753618,9.5502218
DE_3799,53.8560526,13.688091
DE_76,48.8966726,10.9977662
DE_238,51.442790363,7.105718716
DE_260,50.716269811,7.047451996
DE_191,50.5333,11.2167
DE_192,51.2979627,13.1081103
DE_281,48.3881928,11.089332
DE_203128,51.2430813,6.1812296
DE_359,50.4719516,7.8374406
DE_402,53.1614211,8.046023
DE_203130,53.4159196,7.9704832
DE_485,48.5537747,12.5565127
DE_202667,48.5537747,12.5565127
DE_220935,48.5537747,12.5565127
DE_202665,48.5537747,12.5565127
DE_410,48.5537747,12.5565127
DE_486,48.5537747,12.5565127
DE_202664,48.5537747,12.5565127
DE_390,48.479788,11.7099759
DE_308,48.8083671,11.6878119
DE_311,48.8193223,11.3197041
DE_313,53.3916452,8.0161221
DE_463,48.4591478,11.1309953
DE_322,49.3028611,10.5722288
DE_398,48.2642881,11.1823258
DE_478,48.2828519,9.7262175
DE_464,49.341854,12.5319894
DE_458,48.3006126,12.83895
DE_462,48.2120342,12.0571384
DE_480,48.8403472,11.22192
DE_202045,51.7826993,14.0747958
DE_204562,53.607431588,9.42219174
DE_204563,53.607431588,9.42219174
DE_204564,53.607431588,9.42219174
DE_226204,53.607431588,9.42219174
DE_227083,53.607431588,9.42219174
DE_201343,50.8247166,6.9810852
DE_210878,51.173248791,6.822919188
DE_202878,31.090455,-85.9799385
DE_204401,51.067721586,12.195965313
DE_201646,49.629697952,8.361998147
DE_205543,51.67499777,7.130309077
DE_222691,52.4842914,8.366579
DE_205544,51.67499777,7.130309077
DE_210271,52.610586801,8.492469327
DE_210270,52.610586801,8.492469327
DE_210019,51.3902906,11.9854347
DE_225750,51.3902906,11.9854347
DE_227084,53.607431588,9.42219174
DE_227085,53.607431588,9.42219174
DE_321,51.6926147,6.870219
DE_216560,48.371205139,10.906511721
DE_205181,48.371205139,10.906511721
DE_649,51.320054106,6.567859754
DE_1543,50.044301392,10.210068155
DE_1069,50.046397574,10.225239908
DE_202975,48.890447511,8.711716841
DE_1077,48.890447511,8.711716841
DE_214061,48.890447511,8.711716841
DE_1109,50.750377041,12.482534779
DE_901,50.629419397,10.761112933
DE_904,50.607143293,10.64689378
DE_949,52.692534433,7.283893419
DE_1802,52.9356656,8.3820642
DE_1806,52.9423834,8.2509759
DE_924,52.9423834,8.2509759
DE_925,52.6081821,8.9226462
DE_1803,52.8367274,8.2115203
DE_927,52.416496347,9.758485116
DE_739,51.041065664,13.69602685
DE_813,51.083524746,13.695712398
DE_751,51.069799341,13.761651562
DE_753,51.037323399,13.79879736
DE_754,51.116674842,13.760293748
DE_1859,51.041436439,12.131407001
DE_777,48.91849,11.8722777
DE_4145,49.629697952,8.361998147
DE_1690,52.7363493,7.7570655
DE_1706,50.6301029,12.8131994
DE_201647,49.629697952,8.361998147
DE_202848,50.8247166,6.9810852
DE_1549,53.607431588,9.42219174
DE_1537,53.607431588,9.42219174
DE_4141,53.607431588,9.42219174
DE_1540,50.80472499,8.779164886
DE_1573,45.999192518,12.860918787
DE_1424,52.568395039,13.881654601
DE_1310,52.6787254,13.5881114
DE_1311,48.9493243,9.1364229
DE_1509,53.898623815,11.491239351
DE_1372,48.1371079,11.5753822
DE_1406,49.403924763,8.681943969
DE_1404,49.403924763,8.681943969
DE_1407,49.403924763,8.681943969
DE_1336,51.378209617,7.71129667
DE_1189,50.7206063,11.3401985
DE_1197,51.2254018,6.7763137
DE_1188,50.908328858,11.575408513
DE_1164,48.1371079,11.5753822
DE_1878,49.42550069,11.053549242
DE_1255,51.4824354,11.9712985
DE_1886,51.4824354,11.9712985
DE_1262,48.034820183,7.831070044
DE_1272,52.038723091,13.483198426
DE_857,49.2367495,8.4546679
DE_1146,48.00285162,7.840573189
DE_203793,52.0462945,13.5019022
DE_202537,50.08429,8.5467874
DE_203612,51.359981503,6.635694742
DE_203613,51.359981503,6.635694742
DE_1128,49.407071184,11.039169293
DE_684,51.3161354,13.6731506
DE_1725,49.879024815,8.633710431
DE_4137,49.357883099999995,6.73626683276364
DE_1112,49.2187372,8.7102268
DE_665,53.8560526,13.688091
DE_834,53.732895,9.902929
DE_655,50.5542328,9.6770448
DE_671,51.2979627,13.1081103
DE_1745,49.230125026,7.03345844
DE_1233,53.424765373,11.84374456
DE_1390,51.4824354,11.9712985
DE_1534,52.568395039,13.881654601
DE_1467,49.8237774,9.0297787
DE_1523,48.2650708,10.4445686
DE_1582,51.581655857,7.306873003
DE_1584,51.581655857,7.306873003
DE_1670,48.2592477,11.4354419
DE_301,48.2678312,10.9868769
DE_408,51.2136798,7.8745627
DE_409,51.000545212,13.815942929
DE_383,51.6926147,6.870219
DE_415,51.7895571,6.1376008
DE_603,48.2592477,11.4354419
DE_4123,50.42497,8.16703
DE_442,48.8092638,11.7638295
DE_465,48.7965192,12.3169072
DK_335,54.9089186,9.7897999
DK_192,57.457183,9.9855998
DK_246,55.68391205,12.412926193799077
DK_210,55.9719082,12.0174311
DK_239,55.590215,9.291159
DK_346,57.034773,9.902536
DK_13,54.7758018,11.5054333
DK_41,55.647564,12.518654
DK_245,55.68391205,12.412926193799077
DK_214,41.3151685,19.446591238
DK_182,54.8892125,9.6675155
DK_395,55.647564,12.518654
DK_324,57.371884,10.172766
DK_333,54.8892125,9.6675155
DK_328,54.8892125,9.6675155
DK_322,50.695918556,3.438464397
DK_336,54.9089186,9.7897999
DK_334,55.265798,9.9002174
DK_219,55.2328252,11.7674102
DK_205515,55.2328252,11.7674102
DK_258,55.62551845,8.372566863776013
DK_205663,57.0607251,9.9241319
DK_23,47.491683,9.234153
DK_24,57.0462626,9.9215263
DK_25,56.9773211,9.8525837
DK_26,57.0462626,9.9215263
DK_22,57.0462626,9.9215263
DK_209,55.2328252,11.7674102
DK_208,55.2328252,11.7674102
DK_164,55.9217056,11.6733626
DK_244,55.68391205,12.412926193799077
DK_193,57.457183,9.9855998
DK_194,57.457183,9.9855998
DK_201,43.661833,17.756834
DK_205991,43.661833,17.756834
DK_27,56.8847204,9.833064
DK_208984,55.7493484,12.3192001
DK_12,55.8101232,12.3702505
DK_11,55.8101232,12.3702505
DK_62,55.7718649,12.5051413
DK_224203,55.8101232,12.3702505
DK_242,55.7303589,12.3612313
DK_241,55.68391205,12.412926193799077
DK_142,46.30359,9.029502
DK_212420,55.4664892,8.4520751
DK_143,46.30359,9.029502
DK_145,46.354378,8.985328
DK_129,55.6176702,8.4811757
DK_144,46.438789741,8.954119224
DK_128,55.6176702,8.4811757
DK_247,56.4778422,8.7828263
DK_216200,56.879055,9.991597
DK_380,57.0607251,9.9241319
DK_218,55.704111,12.4985492
DK_217,55.736468,12.5088728
DK_213,55.7336657,12.5655408
DK_361,55.9719082,12.0174311
DK_216,55.736468,12.5088728
DK_215,41.3151685,19.446591238
DK_207003,55.736468,12.5088728
DK_387,55.6378428,12.6379955
DK_212,-33.011502497,-58.522725304
EE_9,59.392680535,27.250671714
EE_56,58.061150427,27.070007516
EE_32,58.3384637796875,26.313846630937498
EE_3,59.460544715,24.98377728
EE_36,59.4372155,24.7453688
EE_35,59.426390574,24.688604046
EE_34,59.400875242,24.653784281
EE_58,59.4034594,27.729193909271594
ES_708,40.2877169,-4.014299
ES_209043,36.212391575,-5.385443361
ES_220730,37.2575874,-6.9484945
ES_210003,41.6147605,0.6267842
ES_206701,20.383333,-98.137778
ES_206080,39.336979,-5.4924596
ES_228488,41.6342812,0.8739685
ES_228984,40.4167047,-3.7035825
ES_865,37.104189,-5.916694467
ES_226040,37.1094973,-6.0163905
ES_214821,41.35291732,2.109926025
ES_891,42.5989995,-5.5682413
ES_638,42.540351844,-9.002635563
ES_315,39.2681742,-2.6042132
ES_1026,40.4167047,-3.7035825
ES_438,41.124562175,1.17777995
ES_58389123,41.5729887,2.2329289
ES_966,41.7896408,0.8050711
ES_32002644,42.194969,-7.801375
ES_1012,43.098966684,-7.61691942
ES_314,39.5982659,-3.1186131
ES_1016,42.974215647,-7.514940806
ES_723,43.988294942,4.100645875
ES_888,43.3598835,-4.0876115
ES_1041,43.235372,-2.8920543
ES_892,42.354244566,-3.655315165
ES_828,41.3825802,2.177073
ES_1042,42.65408,-82.938345
ES_1035,43.988294942,4.100645875
ES_90016,37.16195465,-3.072436225
ES_1022,40.3007708,-3.4380688
ES_203954,40.0746619,-0.2142146
ES_206725,40.0746619,-0.2142146
ES_203692,40.0746619,-0.2142146
ES_206315,42.343926,-3.696977
ES_224825,43.4195639,-3.749259321692027
ES_789,43.3150168,-1.8992856
ES_796,43.2557918,-2.2362989
ES_653,42.868185664,-8.559192643
ES_203891,42.343926,-3.696977
ES_203660,43.4195639,-3.749259321692027
ES_1033,37.690672425,-1.060363414
ES_463,41.45358815,1.701793156588542
ES_202276,40.0607474,-0.1373779
ES_203075,40.0746619,-0.2142146
ES_689,42.4670856,-2.5614574
ES_114,37.2217446,-3.5942908
ES_303,39.5823444,-3.8702361
ES_359,40.0235161,-3.8581058
ES_334,40.0785096,-3.8569693
ES_87,36.942845500000004,-3.5303126769619655
ES_969,40.0746619,-0.2142146
ES_527,40.0746619,-0.2142146
ES_86,38.096787,-3.7765601
ES_333,38.9293858,-1.74318125
ES_754,42.063972,-1.6053391
ES_348,39.5823444,-3.8702361
ES_1051,39.9435743,-0.0634783
ES_90,38.096787,-3.7765601
ES_125,37.3653148,-4.8502348
ES_283,42.24776496,-5.65248165
ES_523,12.83333,124.11667
ES_61373717,42.8465088,-2.6724025
ES_232,27.9984538,-15.4166761
ES_203629,42.66639975,-7.3632244684035975
ES_3,23.262102,-106.380388
ES_386,42.2145207,2.6414922
ES_237,43.4195639,-3.749259321692027
ES_90071,37.13528,-4.7298858
ES_174,41.2870705,-0.3249532
ES_54,36.212391575,-5.385443361
ES_769,42.65408,-82.938345
ES_972,39.4697065,-0.3763353
ES_1005,43.316045691,-8.368676661
ES_967,41.9945762,1.5184038
ES_910,41.670138548,-4.736241156
ES_933,41.646088111,2.508623967
ES_21,38.0931247,-3.6357207
ES_307,39.3335028,-2.3703374
ES_110,38.096787,-3.7765601
ES_336,40.0454287,-3.8354787
ES_119,38.096787,-3.7765601
ES_809,43.281522219,-2.987578605
FI_389,60.942400109,27.517989057
FI_223881,61.3402939,22.9097256
FI_223880,61.1159763,28.4835375
FI_206287,65.0117869,25.4701983
FI_624,37.573100273,-6.753415997
FI_625,61.050855007,28.237706587
FI_206070,65.0117869,25.4701983
FI_98,62.2417066,25.7495727
FI_206842,60.383333,24.75
FI_95,62.2417066,25.7495727
FI_577,60.884323713,21.707587007
FI_206187,60.5688901,27.1881877
FI_219703,60.9966192,24.465141
FI_219700,60.9966192,24.465141
FI_378,60.9204847,24.6510032
FI_370,60.9966192,24.465141
FI_219702,60.9966192,24.465141
FI_219701,60.9966192,24.465141
FI_640,60.9966192,24.465141
FI_479,60.8673772,25.2779161
FI_451,41.916663,12.50901
FI_531,61.23723285,21.438646569149824
FI_351,62.317870578,27.835978971
FI_582,61.1289148,21.5039401
FI_598,60.5288653,24.7582108
FI_210,60.4628627,24.8051725
FI_208,63.5422079,29.14101
FI_365,60.9966192,24.465141
FI_583,64.260017,23.950545
FI_53,60.9966192,24.465141
FI_369,61.000039877,24.435309497
FI_381,61.2027188,26.031371
FI_93,62.2417066,25.7495727
FI_97,62.2417066,25.7495727
FI_209,63.5422079,29.14101
FI_659,66.486728494,25.695678033
FI_206840,60.4628627,24.8051725
FI_599,60.5288653,24.7582108
FI_206841,60.5288653,24.7582108
FI_94,62.2417066,25.7495727
FI_92,62.2417066,25.7495727
FI_102,62.2417066,25.7495727
FI_211,60.4628627,24.8051725
FI_99,62.2417066,25.7495727
FI_559,62.305639246,27.874092676
FI_353,62.343127245,27.815060091
FI_350,62.302361659,27.859608651
FI_355,62.3171127,27.8698472
FI_352,62.32841845,27.891880463
FI_354,62.305639246,27.874092676
FI_657,33.730564,-116.289585
FI_356,62.3171127,27.8698472
FI_380,60.9966192,24.465141
FI_591,60.9966192,24.465141
FI_375,60.9966192,24.465141
FI_376,60.9966192,24.465141
FI_213823,61.0322053,24.36413
FI_367,61.2027188,26.031371
FI_90,60.9204847,24.6510032
FI_208142,60.9966192,24.465141
FI_368,60.9966192,24.465141
FI_377,61.2027188,26.031371
FI_629,61.2027188,26.031371
FI_372,60.9966192,24.465141
FR_498,48.1725865,6.8785935
FR_381,35.659289,-89.704618
FR_817,47.7467233,7.3389937
FR_7,49.419674,3.9515822
FR_61,49.3012483,2.6045838
FR_1000,50.2644717,3.9623154
FR_214,45.649908,3.7088801
FR_543,46.857152,19.56309
FR_846,48.0408618,7.1371568
FR_774,48.8208816,3.1363451
FR_374,45.2013065,5.8388954
FR_860,42.9841865,1.1464455
FR_490,49.1043397,6.7071754
FR_303,49.7705,1.75454
FR_828,47.758716,7.5063314
FR_204214,51.0134813,2.3029972
FR_465,48.6155888,6.1035434
FR_71,45.1395393,1.2751917
FR_226,49.2577886,4.031926
FR_40,49.4790123,2.8832881
FR_896,50.3126398,3.2549696
FR_359,44.6497262,4.3673255
FR_407,45.5622913,4.2892399
FR_84,44.8974025,-0.3205945
FR_502,48.3121,5.9345
FR_800,43.7426569,4.2204128
FR_213,45.9598042,3.4755085
FR_990,50.4953,2.85813
FR_801,43.3426562,3.2131307
FR_641,43.3557165,5.2036311
FR_1101,45.2494,5.47147
FR_423,45.3333031,5.6203141
FR_564,46.2176269,5.6242149
FR_1057,46.634348,1.4192711
FR_98,44.5905556,1.0152778
FR_229,33.6451071,-5.5895696
FR_204299,48.6217058,6.1609279
FR_205891,48.583365891,7.755922711
FR_205893,47.7888815,7.5094906
FR_57,49.6986186,2.7930755
FR_117,49.1465743,-0.254525
FR_295,49.3065762,1.6110749
FR_52,49.7413575,3.0512443
FR_602,43.355699192,5.357221003
FR_975,51.018623,2.380982
FR_291,49.3831,1.09163
FR_871,32.074679,-81.088261
FR_473,48.9251583,5.511673
FR_607,40.242573,-89.036095
FR_606,43.2961743,5.3699525
FR_209982,50.3126398,3.2549696
FR_1140,46.353363,1.9920346
FR_204035,48.9297086,0.1970867
FR_204087,49.3780921,2.4141907
FR_205659,46.6005232,4.0633825
FR_205660,50.6245173,2.4516565
FR_209263,47.1905456,-1.5695287
FR_550,47.2186371,-1.5541362
FR_206320,47.9036655,-2.1221276
FR_170,48.5076599,-2.9150434
FR_214746,50.9466619,2.1973702
FR_213060,43.4136059,4.7339545
FR_213120,49.2052869,6.6963095
FR_805,44.167041,4.1594591
FR_243,48.2971626,4.0746257
FR_453,48.7342216,6.1651167
FR_206412,49.6425343,-1.6249565
FR_211358,43.4758249,5.1673492
FR_214700,44.9332277,4.8920811
FR_367,44.9332277,4.8920811
FR_553,48.0706687,-0.7734022
FR_495,49.3579272,6.1675872
FR_205506,50.2026418,3.8123133
FR_1005,50.3710165,3.5547336
FR_202377,49.044765,2.1059841
FR_725,49.044765,2.1059841
FR_218981,47.3340704,5.0821629
FR_226527,50.681639,2.9975834
FR_218980,47.2547643,5.1450375
FR_743,48.8841522,2.2368863
FR_215160,48.656251,6.2314017
FR_326,47.8849389,6.2731365
FR_220060,48.681708,2.1701573
FR_206368,48.8051624,2.4197113
FR_206143,35.0438456,-3.4541189
FR_206792,43.354402500000006,-1.0134552905462049
FR_210023,44.8538889,0.6902778
FR_110,44.8538889,0.6902778
FR_969,50.6350772,3.1146324
FR_760,48.7771486,2.4530731
FR_216100,48.7771486,2.4530731
FR_1123,48.7771486,2.4530731
FR_762,48.7771486,2.4530731
FR_761,48.7771486,2.4530731
FR_62,49.8941708,2.2956951
FR_207558,44.082656,-121.249506
FR_882,43.2597,0.642893
FR_37,49.4448759,1.7799792
FR_220,48.7676192,4.8449444
FR_889,43.5997844,1.23445
FR_416,45.9143,4.77378
FR_983,50.5172168,3.0180377
FR_319,46.8022,5.45154
FR_857,43.6515183,1.9748983
FR_419,45.7077152,4.4716329
FR_91,43.7567212,-0.8365424
FR_1012,50.6929737,2.3567744
FR_237,48.7676192,4.8449444
FR_972,50.7051363,2.12179
FR_496,48.1851024,6.9469287
FR_812,48.2626905,7.2259565
FR_205423,47.8208892,7.5410482
GB_205170,52.5265561,-2.4050837
GB_202375,53.3820928,-2.5458998
GB_957,53.70664,-1.2421
GB_803,53.3885307,-2.6067365
GB_1017,53.781901,-1.756191
GB_204525,50.5719404,-3.6485553
GB_311,53.9112323,-0.5813105
GB_288,51.28775,1.34435
GB_210007,51.262826,-1.0861976
GB_210,53.31243,-2.94591
GB_210107,51.46937,0.28796
GB_210087,52.52882,-1.39269
GB_210106,52.0292246,0.7755975
GB_33,57.1447088,-2.29589755
GB_32,57.1447088,-2.29589755
GB_207523,60.45967,-1.18157
GB_297,51.2474823,0.7105077
GB_1047,51.72583,-5.08683
GB_907,56.00381,-3.67555
GB_994,54.2122087,-2.7729325
GB_1092,51.5846103,-2.8442654
GB_1056,53.7593363,-2.6992717
GB_83,51.380458825,-0.184936225
GB_204922,51.41213,-3.23785
GB_199,54.551666167,-1.214638667
GB_1060,56.4170304,-3.4661614
GB_302,53.3421509,-2.7334941
GB_530,51.496776312,-2.592160662
GB_559,51.4538022,-2.5972985
GB_513,52.6281703,-1.136094
GB_460,51.45867775,-2.596141275
GB_341,54.5760419,-1.2344047
GB_381,53.783293,-1.067336
GB_202236,51.135811944,-0.038671735
GB_130,51.567238457,-2.969688114
GB_210135,52.900850825,-1.265777925
GB_208748,51.77088275,-0.44500995
GB_208811,53.13183,-1.21801
GB_209467,53.42725,-2.43235
GB_134,51.713353,-3.445555
GB_201735,53.5227681,-1.1335312
GB_209468,51.572803779,-2.996520463
GB_208644,51.62838,-3.45647
GB_209466,53.40194,-3.04762
GB_208747,51.5074456,-0.1277653
GB_210503,53.4530667,-2.6263483
GB_135,51.1283378,-3.0037046
GB_210504,29.7446869,73.6054373
GB_208845,51.4143513,-0.7449925
GB_201736,53.66562804,-1.5080446
GB_220,53.4434151,-2.7354016
GB_209745,53.4794892,-2.2451148
GB_210627,51.5927099,-3.80014
GB_210505,50.4226596,-3.5917632
GB_216,53.4434151,-2.7354016
GB_208844,53.61751,-0.19678
GB_210502,52.0406502,-0.7594092
GB_208643,51.8653705,-2.2458192
GB_209744,51.43618,0.7508399
GB_313,51.5,-3.45
GB_131,51.12911,0.89151
GB_208645,53.4794892,-2.2451148
GB_208808,53.278955,-2.8725189
GB_208749,51.567238457,-2.969688114
GB_209469,53.541449833,-2.14076425
GB_308,53.3604333,-2.2474728
GB_208809,53.61597,-0.18719
GB_210501,53.3829538,-2.5437528
GB_210586,52.91099245,-1.41321425
GB_299,50.97383,-2.9127
GB_215,53.4013379,-2.9927496
GB_205464,52.73515,-1.33645
GB_202518,51.47646,-3.14844
GB_176,51.5074456,-0.1277653
GB_877,54.17485,-3.1988
GB_118,52.4145963,-1.9164079
GB_972,51.7176703,-2.5360779
GB_622,57.1482429,-2.0928095
GB_10,51.5074456,-0.1277653
GB_41,57.1382874,-2.1131039
GB_234,51.68465,-3.93525
GB_333,43.1897632,-96.1338818
GB_389,52.59972,-2.09556
GB_433,37.8708393,-122.272863
GB_456,53.583735,-2.437376
GB_459,51.49174,0.17102
GB_489,52.824694199999996,-2.0074546723348115
GB_500,50.9155097,-1.4416813
GB_521,53.53078,-1.10894
GB_536,51.5074456,-0.1277653
GB_557,51.5074456,-0.1277653
GB_566,53.78918,-1.54643
GB_569,54.592456,-5.9619
GB_627,60.167198,-1.164664
GB_728,52.5630425,-0.259708
GB_727,52.56191,-0.2547499
GB_725,52.5630425,-0.259708
GB_726,52.5630425,-0.259708
GB_724,52.5630425,-0.259708
GB_759,50.7350812,-3.5327569
GB_637,57.47814,-1.78834
GB_604,56.252747,-3.132819
GB_316,51.4587621,-2.1159032
GB_863,53.28414145,-2.8815381260381256
GB_950,51.4443059,0.21807
GB_926,54.9625789,-1.6019294
IE_74,51.8149556,-8.3922675
GR_83,38.0850569,23.7059206
GR_64,44.019464,-121.290062
GR_84,40.279738,23.4443034
GR_158,41.072259,23.479806
GR_136,39.620478392,22.420839869
GR_9,40.518801,21.266827
GR_205899,40.6705055,22.8032086
GR_205898,38.246242,21.7350847
GR_205354,40.81809,29.307871
GR_182,51.796464,-0.800021
GR_206233,40.7515206,22.7702834
GR_205640,40.5146139,21.6812621
GR_97,39.174140584444444,22.77813978
GR_29,38.07521864615384,23.588465646153846
GR_116,35.3676472,24.4736079
GR_141,37.0744494,22.4301778
GR_40,40.6403167,22.9352716
GR_179,40.9935874,22.8741455
GR_56,40.9369224,24.4122766
GR_7,41.1182,25.4035708
HR_205570,44.9693545,14.1199235
HR_229940,46.1640284,15.8700586
HR_229952,44.04085,16.199433
HR_206319,44.04085,16.199433
HU_220442,48.2318559,20.6645424
HU_15,48.2544414,20.6223251
HU_220322,47.1473327,18.8311498
HU_153,47.170920949999996,18.135843857684744
HU_246,46.9649048,18.9405047
HU_48,45.7847076,18.4345572
HU_47,47.7782873,19.1278294
HU_188,47.2291184,16.6187625
HU_89,46.6798003,21.0985425
HU_173,47.6803063,16.5983457
HU_58,47.0126655,16.6010475
HU_57,47.4978789,19.0402383
HU_3,47.9280341,21.0467056
HU_64,47.531399,21.6259782
HU_63,46.9649048,18.9405047
HU_16,48.1696732,20.7761614
HU_263,48.1633851,21.2010881
HU_141,48.1633851,21.2010881
HU_140,47.1753833,20.1946279
HU_165,47.4978789,19.0402383
HU_164,47.1910169,18.410811
HU_195,46.3484884,18.701663
HU_40,48.1030643,20.7900429
IE_129,51.8985136,-8.4726423
IE_211260,53.4594799,-6.219175
IE_218161,53.3493795,-6.2605593
IE_9,53.4228434,-7.9425897
IE_10,52.4734839,-8.1614446
IE_130,,
IT_202272,38.2208049,15.2415129
IT_205601,44.3497559,9.3456502
IT_223084,43.020876878,11.115911944
IT_223082,43.020876878,11.115911944
IT_210668,43.752550939,10.932869208
IT_202100,45.059183,11.639009
IT_205583,45.8319666,12.0080268
IT_205310,45.6279075,12.3747797
IT_668,44.575685,11.3648104
IT_765,43.072400627,11.519785909
IT_418,43.643435,11.5466756
IT_745,44.975365,9.83107
IT_320,44.770561,10.7797829
IT_370,44.0099818,10.590633
IT_648,43.978948,10.545703
IT_961,44.23835,10.12599
IT_696,45.2545067,10.6729409
IT_344,44.405896101,11.246685145
IT_824,43.9275158,10.644575
IT_641,45.671139,11.9265624
IT_541,38.2208049,15.2415129
IT_110,45.4672571,8.8306109
IT_714,38.0438957,13.1198211
IT_926,30.273499064,31.313883077
IT_96,45.6115567,8.8996853
IT_350,44.830157947,11.622583105
IT_178,45.0061458,8.9269892
IT_288,45.256746,12.074616
IT_324,44.834574,11.293905
IT_454,41.6419807,13.3469287
IT_34,44.9190563,7.2502858
IT_190,45.1762691,10.3129568
IT_534,36.8314576,11.9450395
IT_889,42.0843238,13.5462069
IT_62,44.5156548,7.892257
IT_92,45.611932,8.8518269
IT_1132,45.9314271,8.53504435
IT_1059,45.8031171,9.1884829
IT_1115,41.8933203,12.4829321
IT_1121,40.7376592,14.5722829
IT_1166,45.484130716,9.201376215
IT_1245,45.484130716,9.201376215
IT_1184,40.7833028,14.7557276
IT_202673,44.540718603,10.784777052
IT_205604,44.479240138,12.208125209
IT_447,41.549314,12.984893
IT_963,43.393162197,10.441788574
IT_1010,45.1845815,7.7132706
IT_424,42.9559744,12.7034782
IT_1233,45.5664109,8.0542758
IT_925,44.6446052,7.4926009
IT_122,45.5010216,9.3263354
IT_208829,45.452664,8.462432
IT_206953,44.831261878,10.345204222
IT_143,45.7836703,9.8254604
IT_937,37.5023612,15.0873718
IT_1204,41.4084557,13.0443366
IT_985,41.9983273,14.9939366
IT_1130,45.649723,9.2053999
IT_1177,40.696465073,14.513740773
IT_1006,45.4464036,8.619655
IT_769,41.2369344,13.9347304
IT_340,44.6241987,11.4906968
IT_128,45.4558605,9.3917427
IT_489,42.0692411,14.6678068
IT_308,44.9963532,9.9310724
IT_193,45.428875,9.701659
IT_207496,45.2939854,9.9867101
IT_354,44.815979,11.894719
IT_192,45.3060082,9.7051398
IT_645,40.3905273,16.5567323
IT_216,45.886548,11.0452369
IT_191,45.378874,9.742361
IT_542,38.2208049,15.2415129
IT_757,44.6451026,11.8843228
IT_759,37.2369363,15.2196575
IT_893,39.0655592,9.0108295
IT_850,40.987017,14.852642
IT_1095,44.6143379,11.833842
IT_206346,45.0495995,9.8743749
IT_1107,41.8933203,12.4829321
IT_210598,40.6375408,17.9454957
IT_964,45.268011239,11.194268727
IT_174,45.4915723,10.2170575
IT_1140,45.3496723,11.047128
IT_835,42.420760456,12.105900572
IT_201873,45.942493,10.277462
IT_346,44.8941828,11.8278892
IT_202593,46.041976,8.258116
IT_228426,44.513377338,11.988841412
IT_219300,43.5507317,10.3091256
IT_89,44.0506605,9.8344585
IT_705,45.4794715,9.0546807
IT_728,45.398278687,10.985306644
IT_1144,40.6375408,17.9454957
IT_215700,45.611932,8.8518269
IT_401,43.7697955,11.2556404
IT_553,36.9256833,14.7307456
IT_202462,41.590639,12.829048
IT_208382,45.5860247,10.2878573
IT_203813,46.1659223,9.4286545
IT_202117,45.788399,11.36769
IT_204202,38.190152,15.311701
IT_651,43.5649304,11.5305954
IT_125,45.5357218,9.2376549
IT_76,44.3574727,8.2901625
IT_393,43.90171,10.6897811
IT_78,44.443038,8.305947
IT_205,45.003103182,10.982733758
IT_223,45.1303365,11.0960788
IT_636,45.3881155,11.38799
IT_504,41.124901579,16.854256031
IT_812,42.6127014,12.5465047
IT_103,45.5976933,9.0180613
IT_667,44.900542,8.2068876
IT_445,41.5942016,12.6485765
IT_606,46.2154357,11.1207858
IT_576,45.858988801,12.738887171
IT_259,45.84814734,12.204941296
IT_532,37.7979221,12.4342091
IT_744,45.014362,9.443461
IT_804,43.6212657,11.5543932
IT_205395,45.7113511,11.3553593
IT_203885,44.5328443,10.8427564
IT_202672,44.5837354,10.4714196
IT_202668,44.6532007,10.781081
IT_829,43.9410608,10.6507716
IT_1052,45.4319961,8.7349702
LT_86,54.3961344,24.0459268
LT_42,55.2319273,25.419316
LT_59,42.786984,-110.933468
LT_113,55.7127529,21.1350469
LU_205707,49.4786477,6.0847792
LV_87,56.9685757,21.960778
LV_20,56.6257485,23.277275
MT_210092,35.8417662,14.5448353
NL_203764,52.2501285047619,6.785530023809524
NL_216320,52.318898625925925,5.619788266666666
NL_206000,52.343262291,4.830648173
NL_220642,52.32233163125,4.8001579
NL_205,41.867047,43.785061
NL_281,53.21210965,5.489871677777778
NL_65,51.62083898823529,4.424261947058824
NL_137,51.60962188469388,4.993132524489796
NL_203877,50.855553685714284,5.70616019047619
NL_404,50.889975745098035,6.068506407843137
NL_139,51.1714130375,6.0389660875
NL_91,50.85929146666667,5.694703733333333
NL_292,51.8757624,4.2618477
NL_203976,51.548210821428576,4.460657457142857
NL_203939,51.951206670714285,6.293790652857143
NL_203938,51.435597175,5.431708675
NL_206832,52.363883745454544,5.641622622727272
NL_109,52.01816947727273,4.34479885
NL_317,51.95605178181818,4.24073269090909
NL_205345,53.20587295,6.08943572
NL_112,51.4996784,3.6137371
NL_63,53.220438,6.502497
NL_201,51.8757624,4.2618477
NL_204762,51.8757624,4.2618477
NL_343,51.97706855,4.261344862868972
NL_203857,52.03555218148148,4.317398644444445
NL_203855,52.03555218148148,4.317398644444445
NL_203856,52.03555218148148,4.317398644444445
NL_335,52.30052856666667,4.793731366666666
NL_64,51.5958415875,4.7676585125
NL_66,53.2190652,6.5680077
NL_67,51.8088324,4.5659125
NL_339,50.855553685714284,5.70616019047619
NL_140,57.06689,25.458464
NL_254,51.332335504,5.969557443999999
NL_403,51.308934,5.966801
NL_295,23.798532,120.955426
NL_413,51.6914369,4.2138731
NL_3,52.03555218148148,4.317398644444445
NL_27,52.03555218148148,4.317398644444445
NL_418,52.794349276999995,5.043857623
NL_431,52.001491460975615,4.253486702439024
NL_352,51.9774012,4.3156816
NL_410,52.7467338,5.2217929
NL_280,51.977882460000004,4.2969084
NL_4,52.03555218148148,4.317398644444445
NL_372,51.94792865294118,4.242111576470588
NL_361,52.0099389,4.3935657
NO_27,59.254955,11.229781140849298
NO_55,59.715626,7.5764981
NO_211158,60.87212057911275,11.574840357486137
NO_28,60.7947205,11.0680555
NO_41,58.9699675,5.7318101
NO_57,63.7038577,11.1923998
NO_102,63.84991645,11.09264475092375
NO_210609,58.9699675,5.7318101
PL_528,53.4876477,18.7557746
PL_222516,50.9398768,21.38743
PL_125,50.0024107,18.4630383
PL_61,50.0955793,18.5419933
PL_60,50.0395806,18.3949412
PL_123,50.0955793,18.5419933
PL_523,50.0486957,18.4791456
PL_121,50.0955793,18.5419933
PL_881,53.1526435,23.7169532
PL_207000,54.5913371,18.4583673
PL_319,52.2296562,20.2379379
PL_624,50.8719903,20.6310488
PL_207803,52.78793,17.31965
PL_861,50.2669741,19.4613822
PL_488,50.8120466,19.113213
PL_327,51.81429401,19.295004083
PL_482,50.751344399999994,23.75483820767905
PL_354,53.258092,19.3993626
PL_202383,53.5486435,14.5657399
PL_532,50.058436,18.4171831
PL_553,54.3482907,18.6540233
PL_541,54.3706858,18.61298309190141
PL_609,54.6043272,18.3505191
PL_701,49.4301874,22.5877003
PL_564,50.294113,18.6657306
PL_671,51.110226943,16.986201868
PL_203089,50.2669741,19.4613822
PL_493,50.8631507,20.1998015
PL_504,50.751344399999994,23.75483820767905
PL_670,52.6743797,18.3254766
PL_398,52.2287427,19.6110141
PL_400,54.0358356,19.0368496
PL_392,53.3379935,15.0350493
PL_490,50.52903,18.01003
PL_896,50.8120466,19.113213
PL_672,53.1386896,17.5998891
PL_503,51.0111785,23.2013341
PL_747,50.0123784,20.9880739
PL_202682,51.3701692,20.0355889
PL_202292,51.9636101,19.2918111
PL_543,52.8359438,23.757029
PL_202435,50.3448836,18.2109594
PL_954,51.5232805,23.5713424
PL_441,53.4072518,18.4455253
PL_202384,53.5486435,14.5657399
PL_908,52.5600669,17.8208936
PL_948,52.5600669,17.8208936
PL_429,51.4373182,15.0960336
PL_222603,51.2762795,19.3053478
PL_204908,51.9739985,20.5127831
PL_703,52.6226617,20.3705091
PL_41,50.027553939,22.012883965
PL_86,53.149433268,18.061782162
PL_36,52.7309926,15.2400451
PL_108,50.027553939,22.012883965
PL_51,54.5164982,18.5402738
PL_53,51.8560819,19.4052228
PL_50,54.3482907,18.6540233
PL_85,53.1219648,18.0002529
PL_18,53.406451783,14.586612067
PL_39,51.217203503,22.554010589
PL_17,53.4301818,14.5509623
PL_107,50.8719903,20.6310488
PL_38,50.0619474,19.9368564
PL_119,52.2319581,21.0067249
PL_146,52.7687555,23.1925618
PL_88,51.7471226,19.5320897
PL_89,51.745717471,19.445770343
PL_87,51.7687323,19.4569911
PL_919,54.0358356,19.0368496
PL_924,50.751344399999994,23.75483820767905
PL_643,52.6743797,18.3254766
PL_913,53.3379935,15.0350493
PL_480,51.0111785,23.2013341
PL_922,51.0111785,23.2013341
PL_475,54.0358356,19.0368496
PL_942,50.4738029,17.3324733
PL_466,53.3379935,15.0350493
PL_472,52.2287427,19.6110141
PL_202385,53.5486435,14.5657399
PL_291,53.5486435,14.5657399
PL_292,53.5486435,14.5657399
PL_646,53.1386896,17.5998891
PL_597,51.9739985,20.5127831
PL_815,51.4257664,17.9331788
PL_426,51.9636101,19.2918111
PL_431,51.3782439,20.2931754
PL_437,51.3782439,20.2931754
PL_264,53.4072518,18.4455253
PL_476,52.4584041,20.1030793
PL_521,52.0834787,21.1208073
PL_239,51.7444956,19.817966
PL_502,51.250559,22.5701022
PL_377,50.068360622,20.106085342
PL_385,53.4072518,18.4455253
PL_403,52.3133033,19.1621558
PL_474,52.9908208,22.883005
PL_401,52.4584041,20.1030793
PL_405,52.8512974,18.1172829
PL_668,52.7531648,18.1141024
PL_404,50.5378147,23.5486977
PL_664,52.6048164,18.9015463
PL_399,52.9908208,22.883005
PL_402,54.1342754,19.0086861
PL_393,52.02344,19.28362
PL_798,50.5636291,18.885746
PL_446,50.2895407,21.4229453
PL_440,53.4072518,18.4455253
PL_481,52.8512974,18.1172829
PL_918,52.9908208,22.883005
PL_271,52.02344,19.28362
PL_478,52.3133033,19.1621558
PL_471,52.6048164,18.9015463
PL_636,53.9148529,15.1987062
PL_642,52.7531648,18.1141024
PL_276,51.1475365,21.9664152
PL_651,50.9398768,21.38743
PL_920,54.1342754,19.0086861
PL_479,50.5378147,23.5486977
PL_473,51.250559,22.5701022
PL_923,52.8512974,18.1172829
PL_921,50.5378147,23.5486977
PL_477,54.1342754,19.0086861
PT_98,39.789456,-8.816571
PT_149,39.2670652,-9.1584324
PT_151,40.6485273,-8.6281389
PT_239,40.5138208,-8.4928163
PT_154,39.5370725,-8.3127578
PT_36,40.5138208,-8.4928163
PT_43,40.5688007,-8.461833
PT_96,36.8002068,10.1857757
PT_97,39.0206646,-8.9683438
PT_100,37.956549,-8.8689639
PT_99,38.5137805,-8.8422783
PT_50,39.8508646,-8.8646054
PT_69,40.5785006,-8.4438017
PT_71,41.7399003,-7.4715213
PT_205169,40.5768091,-8.5687613
PT_205802,39.6027438,-8.9019782
PT_206198,40.535863867,-8.457826548
PT_17,40.510466,-8.4519582
PT_53,40.1485808,-8.855655
PT_205189,40.1222176,-8.8501728
PT_226386,40.1222176,-8.8501728
PT_51,40.1485808,-8.855655
PT_250,38.9930986,-8.9715412
PT_195,32.6437937,-16.959992
PT_194,41.773393,12.232465
PT_140,38.61851395,-9.082988834171342
RO_218,45.1256956,25.7348044
RO_149,44.9149346,25.4504509
RO_53,46.7852411,23.6028833
RO_84,45.7143256,21.1946203
RO_83,45.7538355,21.2257474
RO_94,46.256378343,26.779547914
RO_198,46.780888917,23.614787917
RO_211,46.500136,28.5475043
RO_210,44.8572343,24.8719422
RO_243,46.479071588,24.093814088
RO_244,44.3416349,28.0316248
RO_124,44.5635999,27.3618477
RO_123,44.717002,26.6324066
RO_131,46.3814028,23.8577354
RO_36,44.4299971,24.3631837
RO_7,44.255217423,28.270733441
RO_6,45.9840678,25.3059671
RO_35,44.4299971,24.3631837
RO_181,44.2184125,27.3125745
RO_186,46.220843412,24.789493512
RO_132,47.0287282,22.3934948
RO_258,45.269379629,25.046207669
RO_212300,44.63224925,22.6813271
RO_286,47.1359931,25.8916252
RO_210324,45.955829773,23.571607635
RO_206882,46.3968626,24.514605500000002
RO_145,44.4361414,26.1027202
RO_93,46.5806272,26.8766108
RO_30,45.143715479,26.819788621
SE_582,57.7825634,14.165719
SE_761,59.391333,13.523539
SE_587,57.7825634,14.165719
SE_571,59.7837945,14.5221142
SE_584,57.7825634,14.165719
SE_586,57.7825634,14.165719
SE_122,59.7837945,14.5221142
SE_841,57.7825634,14.165719
SE_843,57.7825634,14.165719
SE_800,57.7825634,14.165719
SE_332,54.65520835,24.3273256
SE_333,50.660005546,3.046876656
SE_103,57.8998238,16.4082564
SE_218762,65.3134652,21.4900252
SE_218760,65.3134652,21.4900252
SE_218761,65.3134652,21.4900252
SE_213,65.3134652,21.4900252
SE_350,58.0725069,11.8229383
SE_361,47.724517733,7.2174299
SE_355,59.3717379,16.5051474
SE_205791,57.7825634,14.165719
SE_524,59.50476377,17.753430431
SE_842,57.7825634,14.165719
SE_392,65.3134652,21.4900252
SE_380,55.8374959,13.3036265
SE_221,20.5082611,-87.238775333
SE_473,59.2526966,16.108468
SE_160,57.7825634,14.165719
SE_205792,57.7825634,14.165719
SE_213500,57.7825634,14.165719
SE_216660,57.7825634,14.165719
SE_585,57.7825634,14.165719
SE_844,57.7825634,14.165719
SE_129,57.7825634,14.165719
SE_840,57.7825634,14.165719
SE_132,57.7825634,14.165719
SE_583,57.7825634,14.165719
SE_203014,57.7825634,14.165719
SE_370,57.7825634,14.165719
SE_133,57.7825634,14.165719
SE_799,57.7825634,14.165719
SE_130,57.7825634,14.165719
SE_131,57.7825634,14.165719
SE_783,59.391333,13.523539
SE_751,59.391333,13.523539
SE_146,59.391333,13.523539
SE_143,59.391333,13.523539
SE_147,59.391333,13.523539
SE_589,59.391333,13.523539
SE_145,59.391333,13.523539
SE_144,59.391333,13.523539
SE_254,57.9299658,12.5329678
SE_261,57.9299658,12.5329678
SE_260,57.9299658,12.5329678
SE_469,46.236758,-0.411629
SE_205002,48.302218455,1.005817103
SE_483,67.0060167,13.9803638
SE_467,58.9833543,12.2467712
SE_474,60.6352228,17.4092868
SE_493,42.23678762,-96.47147548
SE_486,60.387278,17.237855
SE_210543,57.25,13.45
SE_210529,57.25,13.45
SE_210530,57.25,13.45
SE_210528,57.25,13.45
SI_8,46.5446516,14.9622863
SI_9,46.221019,15.312584
SI_85,46.16694,14.575
SI_69,46.2432913,14.3549353
SI_4,46.3773929,15.0459505
SI_77,46.4072383,16.1489255
SK_97,48.1516988,17.1093063
SK_121,48.6787557,17.3661529
SK_8,48.330373056,19.670559072
SK_133,49.1362088,20.4308701
SK_135,47.9956165,17.6162934
SK_125,48.1557669,17.131420337823194
SK_180,48.4441776,17.7654426
SK_196,48.1295656,17.1732329
SK_187,48.1295656,17.1732329
SK_176,48.2854539,17.270194
SK_157,48.3527285,19.069182
SK_206154,48.9574049,18.1662967
SK_120,48.1295656,17.1732329
AT_153,47.37254,16.1234157
AT_105,47.1145001,13.1352414
AT_151,48.2083537,16.3725042
AT_92,48.2384248,15.69792
AT_70,47.3351291,9.6440092
AT_29,48.0390046,14.4191276
AT_184,46.9881998,16.2601459
AT_104,47.2809371,15.9691769
AT_152,48.3059078,14.286198
AT_103,46.6167,13.8833333
AT_174,46.93587225,15.658490241694643
AT_53,48.4108382,15.6003717
BE_760,51.199494179,3.818793137
BE_21,50.643216,4.250203
BE_17,51.1098649,4.3303396
BE_2,-34.5918656,-58.4321292
BE_86,50.642149,5.591166
BE_67,50.7732003,4.3359991
BE_88,46.817285,6.324459
BE_65,50.7732003,4.3359991
BE_71,51.2519515,4.27803
BE_77,51.0538286,3.7250121
BE_94,50.7732003,4.3359991
BE_120,51.1700864,4.3942577
BE_153,51.1087891,3.7078565
BE_187,50.8214549,4.0037422031066825
BE_283,50.4760502,3.903746
BE_315,51.1740492,3.9412104
BE_314,51.1740492,3.9412104
BE_199,51.008372752,3.711665476
BE_100,51.39573015,4.744087183464012
BE_205736,51.0233485,5.2750485
BE_629,28.60795,-81.293526
BE_254,50.567887,3.473373
BE_229,49.6834601,5.8167711
BE_237,51.1417984,5.5985009
BE_205519,51.1793505,3.7471789
BE_154,51.1897015,4.5633
BE_142,40.8349546,44.4265833
BE_144,50.9198305,3.215435
BE_143,51.139407389,3.805191867
BE_205520,51.1793505,3.7471789
BE_215022,51.1793505,3.7471789
BE_204032,50.939464696,4.372895378
BE_323,49.559313028,5.558161659
BE_207691,51.0312293,4.098112
BE_205799,51.0281381,4.4803453
BE_59,50.682252008,4.377346223
BE_76,50.928711,4.423126
BE_90,50.7307336,3.8522036
BE_79,51.3191388,4.8564494
BE_91,50.7732003,4.3359991
BE_82,51.4776,5.476148
BE_228066,50.5994478,5.4699616
BE_92,51.2211097,4.3997081
BE_68,50.9383226,4.0392147
BE_69,50.786532,4.3173542
BE_87,50.5994478,5.4699616
BE_207682,50.533440999999996,5.273979029396232
BE_70,51.2085526,3.226772
BE_750,32.0920832,-110.8103298
BE_84,41.907763,12.537503
BE_73,51.216102036559015,5.115192279150367
BE_78,51.082720333,3.4380484
BE_81,51.1389736,3.1395587
BE_89,50.7732003,4.3359991
BE_80,50.9638066,2.7643391
BE_210726,50.9654864,5.5001456
BE_751,51.2185443,4.3302898
BE_207683,51.3111156,4.2643189
BE_83,51.199494179,3.818793137
BE_74,32.0920832,-110.8103298
BE_64,50.7732003,4.3359991
BE_66,50.7732003,4.3359991
BE_75,50.7782986,3.5212498
BE_85,50.4843055,3.8344295
BG_72,42.6691132,23.6021426
BG_108,42.8910697,24.7123534
BG_124,43.0820584,25.6321312
BG_129,42.4248111,25.6257479
BG_21,42.8710344,25.315798
BG_27,43.2028209,23.548027
BG_42,42.657912,-114.6996
BG_45,42.48333,25.81667
BG_35,42.6977028,23.3217359
BG_48,43.4088984,23.2203193
CZ_255,49.464532177,17.975624719
CZ_364,50.140460639,14.107483317
CZ_56,39.793121,-123.249886
CZ_153,50.2092113,15.8327512
CZ_407,48.9747357,14.474285
CZ_412,49.307590950000005,16.98016445565372
CZ_150,50.6428488,13.9942622
CZ_52,49.827670238,18.247666833
CZ_238,50.6684645,13.8061201
CZ_237,50.206466,12.7380047
CZ_300,42.317212,-83.315221
CZ_16,49.9486561,15.2681123
CZ_218681,50.104411691,13.730836717
CZ_146,49.3089887,14.147769
CZ_167,50.2415548,14.3106491
CZ_87,50.011786973,14.454213382
CZ_46,50.0596288,14.446459273258009
CZ_89,45.861785,15.757945
CZ_85,50.102428975,14.435803526
CZ_84,50.0596288,14.446459273258009
CZ_48,49.4587958,18.1429843
CZ_372,50.1809097,12.6394986
CZ_373,49.9948577,14.1578509
CZ_374,50.2216257,12.1895886
CZ_175,50.0793511,12.3703526
CZ_176,50.0793511,12.3703526
CZ_404,49.2088284,17.5353865
CZ_38,49.2088284,17.5353865
CZ_93,49.5726096,13.3295697
DE_1653,53.554332157,9.933251686
DE_224443,53.579146099,8.08278026
DE_222461,53.607431588,9.42219174
DE_219661,53.8972549,9.1395423
DE_217800,53.579146099,8.08278026
DE_216600,53.534257704,10.149882589
DE_1812,47.9293283,12.1235996
DE_1608,50.126796782,8.754997873
DE_201937,50.4667,7.73333
DE_201681,53.634996,9.1012645
DE_85,49.0234631,8.5951975
DE_262,50.4391159,11.3697403
DE_210,50.496188831,11.146548909
DE_266,50.521612538,10.763241214
DE_263,50.5877412,11.0425148
DE_222,51.674634214,12.26562415
DE_233,51.5054285,14.6381818
DE_270,51.586168604,6.973609854
DE_232,51.586168604,6.973609854
DE_223,49.6334157,12.0664164
DE_144,52.0603847,8.3615861
DE_185,52.1448863,14.6294413
DE_4168,50.471845,11.2814285
DE_231,50.4695139,11.2588086
DE_234,51.7366427,9.0175012
DE_203757,50.375664544,7.590012061
DE_1891,52.1448863,14.6294413
DE_4150,52.1448863,14.6294413
DE_1892,52.1448863,14.6294413
DE_203632,51.316427389,13.256433343
DE_203741,50.566093542,8.492086106
DE_202084,52.4333,8.61667
DE_202304,50.917855197,7.999574837
DE_202333,51.367526048,7.445671246
DE_4172,53.607431588,9.42219174
DE_202626,48.4015189,13.3107683
DE_2,49.3165553,8.433615
DE_7,48.813747979,11.766628153
DE_9,48.7706825,11.6167823
DE_36,51.425367663,6.835572006
DE_66,51.420086041,6.757966718
DE_206009,51.420086041,6.757966718
DE_63,51.316427389,13.256433343
DE_40,52.3208714,10.2349337
DE_70,52.1448863,14.6294413
DE_4151,53.11432903,8.762252774
DE_71,50.917855197,7.999574837
DE_203214,51.4002384,8.0605908
DE_1302,51.4002384,8.0605908
DE_206021,53.901273661,9.130841732
DE_202606,51.67499777,7.130309077
DE_205913,52.512860485,7.369673426
DE_205246,53.901273661,9.130841732
DE_419,51.9296679,7.3532741
DE_432,52.3464165,7.9685298
DE_411,51.6521018,8.7011801
DE_368,51.429923732,7.161426334
DE_202794,51.16005,12.9265979
DE_227460,51.5880823,10.6160849
DE_224286,51.460713304,14.61561892
DE_3900,48.7373603,11.1785988
DE_3898,51.571568639,6.985035993
DE_562,48.591285,8.1177267
DE_546,49.839154257,7.866263967
DE_216602,48.813284327,10.163298793
DE_501,48.813284327,10.163298793
DE_499,49.9725016,10.6662064
DE_500,49.0543232,8.2667399
DE_611,50.56794845,9.669172076
DE_569,48.5069519,8.3720124
DE_547,48.7636394,8.3379924
DE_8,48.7630165,11.4250395
DE_631,51.2559045,8.8426963
DE_677,48.6130261,12.2169913
DE_681,51.6676535,9.3759072
DE_685,53.793451165,12.181836062
DE_858,51.255765223,7.112429792
DE_923,53.901273661,9.130841732
DE_1067,52.087938582,8.746953405
DE_998,52.131607625,9.919352589
DE_280,49.8937246,10.914460007
DE_1162,49.6977,8.6288
DE_1277,50.938361,6.959974
DE_1225,53.550341,10.000654
DE_721,51.56441121,9.951499623
DE_1373,42.329473,-83.370084
DE_1488,49.151160938,9.229416736
DE_1661,53.351335151,13.078249987
DE_1681,50.803638449,6.497541554
DE_1684,50.783271147,6.098291384
DE_3394,51.160705279,13.478527788
DE_292,49.1365626,10.0720195
DE_418,48.827624203,9.31011269
DE_355,52.8340315,14.0914827
DE_399,52.3784988,14.3735752
DE_548,48.7672094,9.8213931
DE_549,52.42540786,7.072112951
DE_564,51.1120091,13.3013976
DE_1609,49.503956535,8.468173304
DE_1524,51.762763505,14.395059882
DE_214280,51.509156744,7.450402584
DE_214281,51.524518096,7.449438298
DE_216360,51.516134877,7.510841047
DE_1079,53.454988498,7.84962202
DE_4140,51.665229971,7.788632332
DE_220780,51.665229971,7.788632332
DE_4143,52.1448863,14.6294413
DE_1243,53.885183808,11.443314433
DE_1271,50.938361,6.959974
DE_1281,50.938361,6.959974
DE_1274,50.938361,6.959974
DE_1279,50.938361,6.959974
DE_1193,53.526037973,9.834995804
DE_1742,51.5050418,14.3356761
DE_1276,50.938361,6.959974
DE_1280,50.938361,6.959974
DE_976,50.938361,6.959974
DE_1275,50.938361,6.959974
DE_1278,50.938361,6.959974
DE_1496,51.069799341,13.761651562
DE_1495,51.069799341,13.761651562
DE_1217,48.8749991,9.0778484
DE_1731,48.484501427,9.199991817
DE_1114,51.8666527,12.646761
DE_1263,50.1106444,8.6820917
DE_1320,51.420086041,6.757966718
DE_1024,49.088332,8.4003114
DE_944,51.840166715,10.786624075
DE_945,47.7802039,10.3010913
DE_989,51.160705279,13.478527788
DE_1781,53.599175797,11.409649752
DE_1047,53.599175797,11.409649752
DE_1030,53.647066932,11.355974485
DE_1058,53.647066932,11.355974485
DE_1039,51.491793372,7.084333238
DE_883,51.24495514,7.128385973
DE_882,51.273968098,7.205568691
DE_907,52.6386164,9.2056079
DE_808,53.901273661,9.130841732
DE_1118,53.901273661,9.130841732
DE_868,51.259849179,7.174022791
DE_863,51.24495514,7.128385973
DE_696,53.793451165,12.181836062
DE_4120,49.593878461,10.961349467
DE_686,49.5928616,11.0056
DE_1579,53.3670541,7.2058304
DE_1610,52.2646577,10.5236066
DE_1529,51.2550775,9.4119007
DE_1535,52.409922185,9.68097326
DE_1527,52.4205588,10.7861682
DE_680,50.0055317,10.1966808
DE_674,52.0484207,9.3843784
DE_676,53.8650137,9.3181239
DE_675,53.407175969,8.450946148
DK_377,55.647564,12.518654
DK_189,57.3839231,10.1147928
DK_57,55.647564,12.518654
DK_407,54.7646137,11.8709918
DK_256,46.961089,16.14123
DK_21,57.0462626,9.9215263
DK_286,46.438789741,8.954119224
DK_304,55.9469339,8.4909186
DK_317,55.27469453824841,11.835666772188722
DK_219100,-43.140407,172.730155
DK_282,56.3590324,8.6159188
DK_279,56.9773211,9.8525837
DK_30,57.2094268,9.6790105
DK_363,55.2464268,9.3082416
DK_59,54.798788,11.6341381
DK_296,56.9562093,8.6848749
DK_356,55.0553387,9.7470524
DK_167,57.2700129,9.9448631
DK_28,56.3758414,9.656576
DK_38,56.3758414,9.656576
DK_221,56.2310704,10.2351986
DK_224,56.320772,9.557295
DK_64,55.7303736,12.2930045
DK_207,56.0057884,8.1288435
DK_74,56.0905708,8.2540637
DK_138,56.0905708,8.2540637
DK_265,47.045182,-120.396969
DK_295,55.0102518,11.9097478
DK_109,57.7259703,10.5844602
DK_110,57.7259703,10.5844602
EE_42,59.3379591937415,25.32704734435374
EE_7,59.423218711,24.824698573
ES_201581,37.6949622,-5.2804262
ES_956,38.824783,0.020541
ES_992,38.9540269,-5.8619466
ES_36,37.173063349,-3.609487022
ES_164,41.7661327,-1.1751849
ES_749,42.5646889,-1.2541073021205065
ES_206276,40.1857642,-0.04056495
ES_206294,39.9621514,-0.2593846
ES_206275,40.1126075,-0.0541178
ES_408,41.1865974,1.2082805
ES_935,41.1172364,1.2546057
ES_457,41.3825802,2.177073
ES_751,42.063972,-1.6053391
ES_8,37.7610096,-3.9511024
ES_942,41.3825802,2.177073
ES_855,37.265491,-6.942441
ES_425,12.83333,124.11667
ES_650,43.31220157,-8.511975193
ES_898,41.6521807,-4.728605
ES_28024123,39.982537967,9.4214904
ES_845,37.265491,-6.942441
ES_1504,38.168583733,-3.0070996
ES_839,38.096787,-3.7765601
ES_577,39.4189582,-0.7909637
ES_583,39.4189582,-0.7909637
ES_279,42.6855632,-2.9478451
ES_717,40.4587767,-3.4793343
ES_117,37.13257725,-3.694362820083108
ES_590,38.3842144,-0.7674146
ES_142,38.096787,-3.7765601
ES_151,38.0928826,-5.8176004
ES_674,42.06199862,-7.72304834
ES_301,40.8981268,-4.0054013
ES_380,38.7063356,-0.9867523
ES_85,37.09837081,-2.12567997
ES_340,39.963529718,-4.82289737
ES_667,43.2686457,-8.7792052
ES_601,38.8853294,-0.2066001
ES_290,42.2134722,-4.4362894
ES_352,39.7210593,-1.4395226
ES_658,42.0747069,-8.621565
ES_202496,40.0746619,-0.2142146
ES_202532,39.9621514,-0.2593846
ES_201986,39.9372616,-0.1004465
ES_247,43.3538905,-3.951932
ES_572,39.8532265,-0.1550092
ES_387,41.3615067,1.6698611
ES_4,37.29204,-4.8781876
ES_5,37.29204,-4.8781876
ES_810,45.651914,-93.104433
ES_201858,42.010293,2.244527
ES_202176,43.338724613,-8.416818194
ES_9,42.968795812,2.994116312
ES_305,40.1197677,-3.8042363
ES_720,37.665960617,-1.698532422
ES_10,36.9968699,-1.8946552
ES_812,43.051031557,-3.002056603
ES_205568,43.25848132,-1.71265644
ES_745,43.604646714,1.240045231
ES_1502,38.1685887,-3.0078293
ES_319,39.4052539,-3.1254826
ES_90027,39.4052539,-3.1254826
ES_90051,39.4052539,-3.1254826
ES_642,43.524739365,-8.07702145
ES_1011,43.338724613,-8.416818194
ES_14014245,38.331931,-4.70225
ES_648,43.094451217,-8.37228295
ES_649,43.31220157,-8.511975193
ES_574,39.665270326,-0.223930432
ES_1507,42.354244566,-3.655315165
ES_639,42.282312889,-7.8167227
ES_633,42.9308566,-8.47772814
ES_432,12.83333,124.11667
ES_325,39.9623605,-3.8829959
ES_731,43.988294942,4.100645875
ES_212181,41.1172364,1.2546057
ES_208985,36.212391575,-5.385443361
ES_208,37.551705,-122.269751
ES_48,36.212391575,-5.385443361
ES_90019,41.3825802,2.177073
ES_90013,36.7263936,-4.5437553
ES_52,37.225734567,-6.891538733
ES_274,42.8029091,-5.6292227
ES_848,37.283689,-5.9226718
ES_878,41.3277906,-0.4297406
ES_168,41.3277906,-0.4297406
ES_227089,40.3070639,-3.7331808
ES_214820,28.9528697,-13.7642134
ES_209542,41.3667221,-4.7179864
ES_206058,38.2089869,-1.0406679
ES_206081,39.336979,-5.4924596
FI_88,63.663361238,22.687464275
FI_210372,60.3943748,25.6619265
FI_55,60.4017496,25.0280695
FI_219861,61.361183983,22.897819933
FI_462,60.2933337,25.0407809
FI_456,59.8228008,22.9695005
FI_56,60.2933337,25.0407809
FI_467,62.128597473,25.760621481
FI_458,63.3638712,27.3984804
FI_461,60.5288653,24.7582108
FI_459,61.3448335,22.9057947
FI_453,61.2839792,22.6938146
FI_202891,60.2933337,25.0407809
FI_205902,63.4067576,22.6454863
FI_219860,61.3402939,22.9097256
FI_207707,60.2933337,25.0407809
FI_553,60.2933337,25.0407809
FI_568,61.1159763,28.4835375
FI_457,61.3402939,22.9097256
FI_460,63.4067576,22.6454863
FI_210687,44.049573,-123.362671
FI_63,60.544664849,27.155814035
FI_455,62.7906684,22.8398019
FI_68,40.836153,16.542882
FI_70,40.836153,16.542882
FI_73,40.836153,16.542882
FI_76,40.836153,16.542882
FI_74,40.836153,16.542882
FI_72,40.836153,16.542882
FI_64,40.836153,16.542882
FI_69,40.836153,16.542882
FI_66,40.836153,16.542882
FI_65,40.836153,16.542882
FI_67,40.836153,16.542882
FI_530,40.836153,16.542882
FI_71,40.836153,16.542882
FI_75,40.836153,16.542882
FI_641,40.836153,16.542882
FI_487,64.2247169,27.7337773
FI_488,62.726959979,29.022128672
FI_8,61.869874,28.880045
FI_10,64.6845313,24.4816349
FI_11,60.2526036,24.0684575
FI_7,61.050855007,28.237706587
FI_9,37.573100273,-6.753415997
FI_410,61.1252822,28.448043
FI_413,62.38516615,21.227478075
FI_554,58.259224,22.493156
FI_432,61.448083516,29.331110408
FI_429,62.6032186,25.7301361
FI_428,61.4980214,23.7603118
FI_484,61.6667519,23.1831866
FI_422,65.7333404,24.5666495
FI_431,62.8924601,27.6781839
FI_662,46.411761,5.870363
FI_433,38.988092415,-0.519380617
FI_427,61.6667519,23.1831866
FI_430,62.6032186,25.7301361
FI_411,61.4980214,23.7603118
FI_434,63.385680129,30.445818147
FI_424,62.0294216,24.6232138
FI_236,60.450670896,22.693140447
FI_86,63.663361238,22.687464275
FI_89,63.663361238,22.687464275
FI_87,63.663361238,22.687464275
FI_550,60.450670896,22.693140447
FI_551,60.450670896,22.693140447
FI_623,60.3943748,25.6619265
FR_570,47.6552164,-1.3179329
FR_569,47.23005335,-0.7323695720236629
FR_236,48.9644633,4.3169497
FR_58,48.8588897,2.3200410217200766
FR_792,43.8908652,4.6810542
FR_578,47.466354,-0.547184
FR_736,48.9227298,2.2543631
FR_909,50.5037492,2.4682059
FR_350,46.050480199999996,5.767258407503489
FR_907,50.6440257,2.7226506
FR_997,50.5081773,2.8009381
FR_980,50.375286,1.907618
FR_388,55.572041,24.6345957
FR_1105,45.584386,5.909277
FR_204970,49.2619543,6.168332
FR_204058,48.04274,-2.99076
FR_177,47.8692882,-3.5505644
FR_312,47.156362,5.9026556
FR_246,48.2863568,4.0279108
FR_947,50.7720856,3.076757
FR_78,44.642014,-0.9766226
FR_314,47.4539214,6.8057107
FR_205766,44.5493789,4.6829629
FR_1081,47.8869822,1.8398174
FR_205702,48.583365891,7.755922711
FR_205222,45.9118082,5.8086847
FR_205225,45.532318000000004,6.498512820572752
FR_205223,45.0690367,5.8719773
FR_205224,45.21504125,6.411115217757638
FR_205226,44.10482705,4.655752285759262
FR_205767,43.4380714,4.945595
FR_205768,51.0204446,2.2495576
FR_205716,49.5955366,0.6769743
FR_205612,46.7744445,-1.2269444
FR_668,48.5381859,2.6335912
FR_717,49.0115876,2.1993602
FR_28,49.4179497,2.8263171
FR_341,45.7764934,1.459820287801802
FR_121,49.0520765,-1.037915
FR_299,49.4966218,0.3167449
FR_1083,47.3456334,1.4785722
FR_33,49.4266493,2.6440507
FR_365,45.232203,4.9575857
FR_697,48.9447453,1.5331842
FR_349,46.3373228,5.130295
FR_609,43.8338026,5.7826657
FR_778,49.043883815,2.315576957
FR_452,48.6970534,6.3118101
FR_1064,47.2601929,1.1905011
FR_683,48.8558793,1.8735151
FR_12,49.3722223,3.0999999
FR_133,49.634412999999995,-1.6285857618968558
FR_962,50.3812113,2.3361053
FR_660,-41.5024066,-73.4492684
FR_90,43.9351768,-0.9224427
FR_505,48.3466306,6.6361176
FR_414,45.8765557,4.8395051
FR_59,49.8996135,2.4511121
FR_13,49.3722223,3.0999999
FR_1008,50.6216212,2.6857534
FR_813,48.8632757,8.0844618
FR_124,49.3074565,-1.359272
FR_568,47.2733517,-2.2138905
FR_296,49.5188282,0.534411
FR_167,48.546319,-2.213879
FR_1166,46.2476257,3.2687241
FR_370,45.4276,5.51563
FR_674,48.6272298,2.5937073
FR_206588,48.9227298,2.2543631
FR_245,43.906461,10.8330183
FR_206602,43.3333773,-0.4357266
FR_476,49.1589278,5.3867277
FR_212401,45.8163181,4.5746592
FR_216040,48.8126688,2.2385432
FR_219220,50.5189176,2.8674884
FR_46,49.889662,2.313374
FR_218261,49.5039262,0.2338372
FR_418,45.708491,4.8532593
FR_220624,47.7441969,7.3968786
FR_825,47.8208892,7.5410482
FR_210242,48.1461461,-3.3874613
FR_210207,49.2195051,6.192811
FR_869,43.6149937,1.4280483
FR_870,43.6149937,1.4280483
FR_206793,43.4731313,-1.1093292
FR_375,45.1481694,5.718687
FR_336,45.545591,2.3119397
FR_985,50.630088382,3.076849636
FR_986,50.630088382,3.076849636
FR_206087,48.0168,0.33179
FR_207242,47.1978039,-1.6698958
FR_216,46.2476257,3.2687241
FR_540,47.6240382,-1.4527406
FR_206359,47.0943423,0.1804176
FR_205872,48.42374,-2.4479
FR_205871,48.1510819,-1.2381136
FR_205870,48.46244615,-2.516502292079859
FR_206799,49.0365935,7.9445109
FR_342,45.8354243,1.2644847
GB_207551,52.5846459,-0.278872889
GB_208974,51.5074456,-0.1277653
GB_208828,51.27606,-0.76154
GB_208825,51.27606,-0.76154
GB_625,57.1482429,-2.0928095
GB_693,57.19657,-2.18274
GB_696,57.143319573,-2.109489109
GB_487,51.57518,-0.3215279
GB_610,56.445454049999995,-2.877898950000005
GB_207503,51.713353,-3.445555
GB_960,54.6218534,-1.5663624
GB_210626,57.14123885,-2.092872567
GB_210482,52.50594,-2.19676
GB_1021,53.44812,-2.74035
GB_1019,53.46299,-2.73734
GB_992,53.3983026,-1.3958546
GB_882,55.938871,-3.2364136
GB_924,51.5074456,-0.1277653
GB_210472,57.1536455,-2.2799019
GB_210471,57.1447088,-2.29589755
GB_36,57.1149682,-2.084568
GB_212621,51.3689867,1.3891262
GB_305,51.3883811,0.504925
GB_260,51.1103444,-0.1801094
GB_206199,53.369889,-2.701331
GB_207232,51.5074456,-0.1277653
GB_380,42.3432499,-72.6213339
GB_25,51.5074456,-0.1277653
GB_30,51.5074456,-0.1277653
GB_28,51.5074456,-0.1277653
GB_361,51.5074456,-0.1277653
GB_24,51.5074456,-0.1277653
GB_643,33.6856969,-117.825981
GB_232,50.8304199,-0.36139
GB_501,51.5074456,-0.1277653
GB_516,53.4874778,-2.3243367
GB_1140,52.733614,0.381142
GB_385,50.1016731,-5.273032
GB_249,51.772146,-1.587651
GB_387,51.67495,-0.78672
GB_386,39.9980022,-79.0415528
GB_429,54.36374585,-0.6735877
GB_462,50.8356771,-1.1965952
GB_441,51.797406,-0.783442
GB_605,55.8919134,-3.5239009
GB_611,55.961951167,-3.232553633
GB_781,51.5074456,-0.1277653
GB_780,51.5074456,-0.1277653
GB_1255,51.5159435,-0.6162716
GB_209462,57.1504091,-2.228431576923077
GB_207731,57.1504091,-2.228431576923077
GB_838,54.64850541472435,-3.3928399270295198
GB_1070,51.89870566,-2.12049668
GB_206107,52.7126248,-1.3280459
GB_86,50.83032,-1.35511
GB_158,52.3995375,-1.8078254
GB_735,53.3377198,-1.7482986
GB_204989,55.7884,-3.98223
GB_204036,52.4796992,-1.9026911
GB_855,53.7021879,-1.2531159
GB_328,53.5527719,-1.4827755
GB_858,55.61579,-4.66833
GB_856,53.552559,-1.087984
GB_1020,53.44251,-2.74286
GB_1044,54.664466633,-3.548260067
GB_647,55.58273,-4.64116
GB_204232,51.5074456,-0.1277653
GB_204969,53.4038899,-1.40189
GB_101,50.944723629,4.041937849
GB_35,57.1149682,-2.084568
GB_77,51.5883777,-1.7360262
GB_81,52.27924815,-1.5786952799716136
GB_163,51.7357905,-1.1941592
GB_626,57.640952,-3.558303
GB_186,51.25,-1.916667
GB_179,51.4470646,-3.3988831474846632
GB_197,52.3885873,-1.5866366
GB_245,52.829919,0.8477322
GB_258,53.1704804,-2.86372696
GB_319,52.19517,-1.4854099
GB_295,51.5129402,-2.672952267
GB_364,52.6362,-1.1331969
GB_388,51.8653705,-2.2458192
GB_416,52.274923033,-1.566136
GB_450,53.62218955,-0.7017164
GB_469,51.4538022,-2.5972985
GB_479,51.0690613,-1.7954134
GB_1134,51.7117492,-5.0293161
GB_636,51.8653705,-2.2458192
GB_671,55.7737848,-3.9432857
GB_677,36.140807,-5.3541295
GB_556,51.581091,-0.337475
GB_565,43.03333,-2.41667
GB_580,54.58333,-5.91667
GB_887,53.4794892,-2.2451148
GB_782,51.8636223,-2.2007055
GB_930,53.53117,-2.76899
GB_1075,53.70719,-1.23276
GB_201678,52.621773155,-1.125149182
GB_1008,53.2789347,-2.9022507
GB_206176,51.51647,0.14448
GB_600,55.88533,-3.64972
GB_650,55.88533,-3.64972
GB_162,53.5599599,-1.59583
GB_414,52.241001350000005,1.0465716091328372
GB_335,50.33814,-4.794184
GB_89,54.9058512,-1.3828727
GR_48,38.3200705,23.3175613
GR_75,37.9960777,23.7224191
GR_4,37.0372714,22.110707
GR_217580,40.7677111,22.1552339
GR_206054,37.8507048,21.2542417
HR_211262,45.8986869,16.8421977
HR_204341,44.8702281,13.8455311
HR_205425,46.067192,16.9886896
HR_205194,49.029927323,4.291309423
HR_205247,19.0934581,-70.252707625
HR_205675,46.2586581,16.3595298
HR_205424,45.7056756,16.3920092
HR_205084,45.8130967,15.9772795
HU_27,47.4978789,19.0402383
HU_30,47.4978789,19.0402383
HU_29,47.4978789,19.0402383
HU_31,47.4978789,19.0402383
HU_145,47.8731793,17.2722342
HU_174,47.6803063,16.5983457
HU_253,47.0259018,18.9393279
HU_204,47.2006176,18.1399782
HU_33,47.4978789,19.0402383
HU_157,46.8381922,16.4996403
HU_102,47.9955532,19.8272105
HU_28,47.4978789,19.0402383
HU_240,46.6798003,21.0985425
HU_108,47.104052,17.4364185
HU_107,47.94966,20.0827995
HU_14,46.3130764,18.2450064
IE_48,53.4548146,-7.1011946
IE_209047,53.6887624,-7.6031144
IE_114,51.8985136,-8.4726423
IE_120,47.248498,6.814915
IE_119,47.248498,6.814915
IE_56,53.343638999999996,-6.222029085465418
IE_121,47.248498,6.814915
IE_75,53.338971400000005,-6.252679064698942
IE_50,54.11944,-9.57944
IE_110,52.798221,-6.1540035
IE_224081,53.2795788,-8.0461136
IE_76,53.394253,-6.193222
IE_77,52.0852498,-9.2179688
IE_84,52.6506255,-7.2514438
IE_55,53.3524881,-6.256645689721826
IE_59,53.2795788,-8.0461136
IE_67,52.4734839,-8.1614446
IE_122,51.9211201,-8.1757367
IE_52,52.9356992,-1.6764276
IE_49,51.9211201,-8.1757367
IE_54,52.6397222,-9.4833283
IE_53,51.8985136,-8.4726423
IE_220321,53.3524881,-6.256645689721826
IT_712,41.6792485,13.5730766
IT_66,44.6028992,7.4749407
IT_302,38.077629412,24.336294959
IT_609,43.8428381,10.502876
IT_761,39.228504,-8.265089
IT_746,40.6647292,15.1071455
IT_747,40.6908078,15.2317822
IT_666,40.7491267,14.5006415
IT_762,44.5949319,11.0528375
IT_237,45.8035167,11.3504042
IT_653,21.98928748,-79.588043285
IT_921,45.368581,10.566679
IT_47,44.695819999,8.02930466
IT_888,44.413634682,8.921773445
IT_891,39.380439,8.942839
IT_469,40.8358846,14.2487679
IT_79,44.292536,8.412652
IT_438,42.0937524,11.7922462
IT_71,44.8999639,8.4362123
IT_962,45.5670385,9.9986008
IT_1098,41.0825639,16.7805515
IT_557,37.1782878,15.1266212
IT_1183,40.723709,14.546538
IT_1250,45.7555563,8.8667637
IT_1248,41.1992456,16.5968279
IT_790,45.3829973,9.1545305
IT_228582,40.7338419,14.597044
IT_707,45.4907352,9.2948204
IT_945,45.45306826,9.107108332
IT_507,41.0825639,16.7805515
IT_194,45.102474,10.483982
IT_345,44.405896101,11.246685145
IT_294,46.1862088,13.061292221980423
IT_936,44.5127578,11.8291743
IT_1062,44.5127578,11.8291743
IT_101,45.8524484,8.839608
IT_597,46.06837205,8.264387989
IT_400,43.7697955,11.2556404
IT_413,43.6634536,10.6354851
IT_754,44.830157947,11.622583105
IT_652,44.513377338,11.988841412
IT_562,37.1579298,15.1860285
IT_561,44.7426,10.86109
IT_55,44.197233,8.0298256
IT_205941,10.780624,123.239615
IT_519,40.6375408,17.9454957
IT_217600,42.0474231,13.927011
IT_217680,45.6115567,8.8996853
IT_217681,45.9441278,13.6252288
IT_217601,42.958256901,10.581394865
IT_218683,41.9983273,14.9939366
IT_221089,42.0843238,13.5462069
IT_999,40.8358846,14.2487679
IT_65,44.6028992,7.4749407
IT_646,45.820035156,8.708542538
IT_211458,45.3829973,9.1545305
IT_459,41.0882176,14.312670019
IT_1002,41.8933203,12.4829321
IT_514,40.4786981,17.246286122
IT_205326,45.8660616,9.8829739
IT_205618,45.8553764,9.389605
IT_205262,45.5552224,10.073946
IT_202234,45.449179,10.079567
IT_559,37.1579298,15.1860285
IT_563,37.1579298,15.1860285
IT_558,37.1579298,15.1860285
IT_465,41.060634053,14.640803494
IT_201764,44.540718603,10.784777052
IT_202572,44.666508,7.834533
IT_417,43.5081823,11.7102588
IT_204206,41.7447015,13.1526343
IT_203932,45.07183925,9.090044281323522
IT_217,46.0644655,11.5059309
IT_577,46.003731,12.718653395250298
IT_366,43.1793592,12.9855458
IT_859,45.5524745,10.7855782
IT_212,45.8847708,10.8396942
IT_391,43.9275158,10.644575
IT_687,45.8014719,9.4329787
IT_69,44.83491825,8.7354184
IT_377,43.895914375,10.555133138
IT_361,43.3358407,12.9046187
IT_207,45.9181327,10.8860953
LT_15,55.7127529,21.1350469
LT_17,55.8388909,24.9760431
LT_22,55.5257935,25.1061247
LT_33,55.7127529,21.1350469
LT_64,55.7344985,24.3578055
LT_67,55.7344985,24.3578055
LT_106,55.7344985,24.3578055
LT_65,55.7344985,24.3578055
LT_66,55.7344985,24.3578055
LT_63,55.7344985,24.3578055
LT_102,55.7344985,24.3578055
LT_110,54.5945475,25.347997
LU_210137,49.4959628,5.9850306
LU_4,49.5712686,5.912845
LU_5,49.4786477,6.0847792
LV_63,57.06689,25.458464
LV_27,56.920250326,24.09917277
LV_7,44.870652,10.0753079
LV_46,56.929871899,24.062181588
LV_89,56.9685757,21.960778
NL_203993,52.074108065,5.081759494
NL_203953,51.8757624,4.2618477
NL_213,52.780215016666666,5.054640304761905
NL_204200,11.240365,-74.176319
NL_381,52.32698005,4.74150530038293
NL_382,51.45909283333333,3.9500314
NL_349,52.02689748333333,4.598779066666666
NL_433,52.746133,5.8540037
NL_412,52.73822594,5.8678564600000005
NL_155,52.557738753,5.478359
NL_153,52.467306925,6.1112008
NL_151,53.20989235,6.02831035
NL_154,53.44847365,6.849962702578557
NL_152,52.510885,13.3989367
NL_60,53.178614,6.0003895
NL_355,53.2341496,5.5123258
NL_302,51.98741326666667,4.2874539333333335
NL_291,52.214617,5.974732
NL_316,51.56633517037037,4.288247003703704
NL_303,52.02689748333333,4.598779066666666
NL_10,52.29320420196078,4.712943980392157
NL_388,50.85377895625,6.02142030625
NL_389,53.0911557,6.99004315
NL_84,52.65689155,6.73833465
NL_85,53.1799334,7.2093739
NL_384,53.212823330769226,6.504580123076924
NL_79,53.091462245454544,6.985829181818182
NL_328,50.8757167275,5.71415682
NL_209963,51.69549993636364,5.880825827272727
NL_205919,52.675121,4.8031094
NL_205526,51.4944756,4.2871541
NL_189,51.888074026666665,4.355605333333334
NL_209966,51.4944756,4.2871541
NL_205894,52.9952273,6.560498
NL_205890,52.92154443902439,4.788241656097561
NL_205895,52.975750739999995,6.56235544
NL_220641,52.2839995,4.7440263
NL_205641,52.373093978571426,4.833613721428572
NL_203212,51.80692333333333,4.6182351
NL_205647,50.971897,5.76299
NL_203210,52.40316485714286,4.830754985714286
NL_203205,51.7027176,5.284901125
GB_783,53.9112323,-0.5813105
NO_53,63.4304475,10.3952118
NO_70,63.4304475,10.3952118
NO_51,63.7927932,11.4820286
NO_47,56.5737014,15.000667
NO_48,68.0973005,16.3786373
NO_113,60.1931149,11.0616782
NO_8,58.9359135,5.5864225
NO_9,59.6964936,10.175641950012762
NO_18,59.20313315,10.953503794852939
PL_794,50.564781,20.0538047
PL_590,53.4301818,14.5509623
PL_184,53.6469842,22.4548627
PL_190,52.0338399,23.1193948
PL_707,51.8778633,17.0167637
PL_830,50.4002717,18.9026247
PL_456,50.4202928,18.1193187
PL_458,50.2598987,19.0215852
PL_301,49.6920418,19.6712624
PL_225,51.695926,17.4374158
PL_557,52.2872924,17.8713612
PL_796,52.5139261,16.9725174
PL_182,52.3250694,17.5652282
PL_690,53.5486435,14.5657399
PL_537,53.3379935,15.0350493
PL_539,49.8834484,19.4925345
PL_558,50.0528608,21.6116324
PL_613,49.6249173,20.691346
PL_128,51.5849678,21.549883
PL_138,50.9431901,17.2957066
PL_57,54.7901316,18.4087342
PL_230,52.4306508,20.7154712
PL_222,50.3352568,17.6280342
PL_224,52.7952408,18.2595624
PL_223,52.7952408,18.2595624
PL_337,52.9154988,22.5131199
PL_210531,52.9154988,22.5131199
PL_338,50.322041579,18.822153948
PL_840,50.1350246,19.6320164
PL_947,52.2296562,20.2379379
PL_353,52.2319581,21.0067249
PL_588,51.1910223,20.4071836
PL_386,53.7335842,18.9319222
PL_725,51.2790265,17.9866632
PL_831,50.4002717,18.9026247
PL_776,50.9438416,16.4923538
PL_800,53.824958,20.623055
PL_802,50.294113,18.6657306
PL_806,51.4660473,22.6052895
PL_805,50.8520727,19.9667772
PL_845,50.2788158,19.5596307
PL_191,53.1704801,15.4167349
PL_265,53.7335842,18.9319222
PL_436,51.6100325,18.6156935
PL_443,53.7335842,18.9319222
PL_695,50.0619474,19.9368564
PL_630,50.3086154,18.7863749
PL_222241,50.203439,19.2721559
PL_781,52.5898737,14.6536335
PL_438,52.8819798,20.6191479
PL_444,53.7335842,18.9319222
PL_862,52.6729399,14.8972121
PL_202274,51.6100325,18.6156935
PL_367,50.0619474,19.9368564
PL_370,50.4202928,18.1193187
PL_375,50.3308692,19.2078918
PL_374,50.08403085,20.068698107
PL_891,50.4844179,19.4333887
PL_945,50.4844179,19.4333887
PL_900,50.2905758,18.9195066
PL_202611,50.2978791,18.9544466
PL_897,50.3308692,19.2078918
PL_215420,50.4844179,19.4333887
PL_899,50.2780834,19.1342944
PL_898,50.0619474,19.9368564
PL_885,50.0619474,19.9368564
PL_886,50.3308692,19.2078918
PL_371,50.4844179,19.4333887
PL_381,50.8760012,19.2412444
PL_376,51.1339221,23.4711548
PL_887,50.3308692,19.2078918
PL_756,50.8719903,20.6310488
PL_536,53.8688,20.95518
PL_202095,51.1910223,20.4071836
PL_901,53.6469842,22.4548627
PL_326,53.6469842,22.4548627
PL_206786,52.2019866,18.6359912
PL_788,49.7470465,21.4743139
PL_210719,53.7028533,19.9623028
PL_688,51.0518865,21.0761377
PL_22,52.2301933,18.2521112
PT_150,38.4436932,-9.0996273
PT_168,-21.71195,-43.061162
PT_235,39.919297167,-8.629551633
PT_236,39.919297167,-8.629551633
PT_212,39.1619462,-8.7863222
PT_14,40.4782058,-8.4523964
PT_18,39.598634,-8.824034
PT_66,41.044701,-8.393413
PT_118,39.46576455,-8.4682216
PT_48,38.8460032,-9.0860603
PT_205566,40.5138208,-8.4928163
PT_205242,40.5138208,-8.4928163
PT_205077,40.6001108,-8.6666667
PT_205023,38.6816848,-9.0577313
PT_205680,37.956549,-8.8689639
PT_203829,40.7523494,-8.5703455
PT_113,39.789456,-8.816571
PT_182,41.4417677,-8.2955712
PT_206,37.956549,-8.8689639
PT_24,40.0916256,-8.8734672
PT_108,38.5241783,-8.8932341
PT_63,38.8935253,-9.0396136
PT_101,40.98297575,-8.582534473619049
PT_94,40.3972486,-8.2287169
PT_288,44.1767161,28.6507598
PT_289,40.1485808,-8.855655
PT_114,40.5138208,-8.4928163
PT_19,38.958218,-8.5283498
PT_32,40.4426833,-8.4359581
RO_72,45.291669,21.885639
RO_215500,43.8959058,25.9658111
RO_231,43.8959058,25.9658111
RO_234,45.03393095,25.79727114812271
RO_259,46.237521,26.8405546
RO_140,43.9702236,25.3288462
RO_158,45.1031731,24.3647209
RO_282,44.80925855,24.923531925
RO_193,44.9959656,25.3996873
RO_194,44.717002,26.6324066
RO_213100,44.5507941,26.0729271
SE_27,59.6252383,17.8515672
SE_218580,60.6750132,17.1467019
SE_218561,56.007080541,22.952770528
SE_220041,60.6447772,17.0122765
SE_216381,58.5909124,16.1903511
SE_244,59.069098473,15.114955427
SE_250,59.2747287,15.2151181
SE_266,58.5909124,16.1903511
SE_245,59.126755,15.136021
SE_366,58.5909124,16.1903511
SE_769,55.6052931,13.0001566
SE_243,59.2747287,15.2151181
SE_247,60.0291369,17.551431
SE_387,59.0834596,14.6549909
SE_204841,59.8452887,15.7049482
SE_207747,58.3846075,13.4397675
SE_414,56.0589004,12.9714633
SE_791,59.593836,17.672424
SE_778,61.474755,16.376185
SE_111,55.530704833,25.145126867
SE_299,60.1539018,16.8172768
SE_265,57.5073932,18.4506134
SE_317,59.416667,12.166667
SE_307,57.73384702965771,14.115564337736886
SE_310,48.730391401,8.781772015
SE_341,50.436522362,3.031920838
SE_838,47.042522,-68.139954
SE_719,47.042522,-68.139954
SE_305,59.2792775,18.3049291
SE_302,47.042522,-68.139954
SE_304,58.5420395,15.041261
SE_311,47.042522,-68.139954
SE_720,47.042522,-68.139954
SE_735,47.042522,-68.139954
SE_322,58.7545409,17.0120656
SE_300,57.7072207,18.8019196
SE_319,59.049722,18.266667
SE_320,59.216667,18.333333
SE_750,47.042522,-68.139954
SE_312,58.3811988,12.3226877
SE_301,57.8630332,19.0508902
SE_309,58.5420395,15.041261
SE_402,59.3456878,16.0210663
SE_817,56.1621073,15.5866422
SE_851,56.1621073,15.5866422
SE_815,56.0293778,14.1566859
SE_211,47.570708,-122.044824
SE_210,47.570708,-122.044824
SE_613,47.570708,-122.044824
SE_525,47.570708,-122.044824
SE_594,47.570708,-122.044824
SE_142,56.1621073,15.5866422
SE_705,55.722821983,24.3306349
SE_141,51.69612812,9.993139682
SE_792,56.1621073,15.5866422
SE_207673,56.1621073,15.5866422
SE_63,56.0293778,14.1566859
SE_731,56.0293778,14.1566859
SE_64,56.0293778,14.1566859
SE_395,58.5420395,15.041261
SE_318,58.3811988,12.3226877
SE_221800,58.3811988,12.3226877
SE_519,58.7545409,17.0120656
SE_297,59.7439231,17.816263926248716
SE_323,58.7545409,17.0120656
SE_303,57.6379361,18.297982
SE_618,57.6564918,12.0153085
SE_645,58.3846075,13.4397675
SE_205,58.3846075,13.4397675
SE_845,58.3846075,13.4397675
SE_644,58.3846075,13.4397675
SE_591,59.183125,14.4050455
SE_210587,47.570708,-122.044824
SE_183,55.7029296,13.1929449
SE_184,55.7029296,13.1929449
SE_779,47.570708,-122.044824
SE_612,47.570708,-122.044824
SE_185,55.7029296,13.1929449
SE_204726,47.570708,-122.044824
SE_639,55.8374959,13.3036265
SE_209,47.570708,-122.044824
SE_595,47.570708,-122.044824
SE_592,47.570708,-122.044824
SE_173,58.5037196,13.1576427
SE_174,58.5037196,13.1576427
SE_600,58.5037196,13.1576427
SE_703,65.6095985,22.1295178
SE_182,65.6461704,22.0286378
SE_181,65.528631272,22.179484017
SE_180,65.5831187,22.1459535
SE_210477,65.5849515,22.1509715
SE_196,57.6564918,12.0153085
SE_197,57.5791257,12.0876599
SE_620,57.6564918,12.0153085
SE_621,57.6564918,12.0153085
SE_702,59.2573973,18.1812421
SE_721,47.042522,-68.139954
SE_622,-1.23411475,116.818162
SE_718,47.042522,-68.139954
SE_619,57.6564918,12.0153085
SE_593,56.1340267,13.1332245
SE_540,51.69612812,9.993139682
SE_546,56.0293778,14.1566859
SE_774,56.1621073,15.5866422
SE_816,56.1621073,15.5866422
SE_539,56.1621073,15.5866422
SI_12,46.242064,15.627772
SI_201483,46.4043948,15.7965329
SI_38,45.93566,15.47184
SI_46,45.8885557,13.9048561
SI_58,45.6430266,14.8552701
SI_81,46.489877500000006,15.610620453278685
SI_83,46.509144,15.0790677
SK_17,48.3800879,18.172966
SK_18,48.6812756,19.9420632
SK_16,40.5898002,-5.0151728
SK_193,49.2234674,18.7393139
SK_199,48.7120636,20.2854242
SK_83,48.314750791,18.082165003
SK_82,48.314750791,18.082165003
SK_205173,48.7164472,18.5408304
SK_200,48.1516988,17.1093063
SK_192,49.2234674,18.7393139
SK_96,48.5595662,19.4205586
SK_205,48.6141424,20.9973314
SK_206,48.2163194,18.6000869
SK_207,49.0990866,18.9937678
SK_90,49.1159316,18.4469936
SK_91,49.1159316,18.4469936
SK_50,48.1662606,17.0863256
SK_51,48.1516988,17.1093063
SK_89,48.3068572,18.0786354
AT_145,47.2703808,9.6426923
AT_225,47.2208788,14.5861141
AT_223,47.1326223,15.3390907
AT_194,47.6821521,13.0956313
AT_63,47.9744729,16.6038027
AT_61,46.729147,15.575648
AT_10,48.2119885,15.2120099
AT_11,48.0533652,14.128766
AT_22,48.1565472,14.0243752
AT_141,48.13954605647751,14.227289367237686
AT_172,47.2208788,14.5861141
AT_169,47.9002503,15.956421418
AT_110,47.1326223,15.3390907
BE_205760,51.2211097,4.3997081
BE_205759,51.2211097,4.3997081
BE_205761,51.2211097,4.3997081
BE_58,50.4674469,3.8118448
BE_281,51.0396274,5.1730187
BE_319,51.2729451,4.271945345753663
BE_320,51.2211097,4.3997081
BE_125,50.5625055,4.2507809
BE_202970,50.918368,3.1765704
BE_161,46.817285,6.324459
BE_274,50.6152381,5.5089437
BE_40,51.1794946,4.3617847
BE_41,51.1438611,4.8597257
BE_428,51.3191388,4.8564494
BE_210661,50.9094821,3.3699842
BE_210659,50.879161823,3.299128879
BE_214360,50.959802,3.5963218
BE_210664,50.9203965,3.3346877
BE_205758,51.2211097,4.3997081
BE_203795,50.6450944,5.5736112
BE_738,50.747841199999996,4.30652710740871
BE_430,51.1765426,4.8362595
BE_746,51.1840421,5.1155267
BE_305,40.8349546,44.4265833
BE_219,50.6932584,5.5996791
BE_265,50.8276429,3.2659884
BG_128,42.0073633,24.8762702
BG_104,42.4248111,25.6257479
BG_111,45.437196,12.338125
BG_25,-2.863955,-78.988988
BG_32,42.1390164,25.867346
BG_55,43.0820584,25.6321312
BG_90,43.330707,23.5795599
BG_91,41.7779838,25.6441229
BG_92,28.693095,77.286266
BG_147,41.7225603,23.1633544
BG_116,51.940771,4.558046
BG_136,43.409022,24.6180123
BG_205828,43.3141455,27.1612625
BG_44,43.409022,24.6180123
BG_18,28.2197971,121.2932448
CY_210000000000006,29.869862516556292,-89.87894049006623
CY_210000000000009,29.87045585525071,-89.87893697256386
CZ_47,49.2506012,16.5903981
CZ_97,-24.654471,30.803753
CZ_133,49.34181,17.20596
CZ_132,49.3420839,17.2056673
CZ_134,49.34181,17.20596
CZ_181,49.5418861,15.3586709
CZ_291,49.0185896,15.8948929
CZ_288,49.0092077,17.0474049
CZ_417,50.1290964,16.1812824
CZ_274,50.465179968,14.382073952
CZ_239,48.856422775,17.123723265
CZ_357,50.7233512,14.2310918
CZ_393,50.4297163,13.259192
CZ_22,50.0619868,15.7483266
CZ_273,50.465179968,14.382073952
CZ_332,49.2077325,17.5961163
CZ_147,49.4308737,15.2232341
CZ_208,49.4308737,15.2232341
CZ_78,49.3998843,13.2911191
CZ_81,49.9885113,17.4652901
CZ_62,-24.654471,30.803753
CZ_293,49.1866657,14.6989455
CZ_290,48.75797054,16.888785212
CZ_202028,48.9540796,17.379034
CZ_348,49.7094695,16.2365821
CZ_350,50.01589285,14.475659232602842
CZ_287,50.0034291,14.976954
CZ_286,49.1985797,16.2031234
CZ_331,49.3323524,17.6143661
CZ_233,50.4244462,14.2603824
CZ_414,50.3520785,14.4748281
CZ_266,50.3928159,16.0062213
CZ_279,50.6040315,13.7461464
CZ_201588,49.909210502,18.351943003
CZ_36,50.1245688,15.7890129
CZ_351,50.01589285,14.475659232602842
CZ_205323,49.47043208,17.110232514
DE_205182,48.371205139,10.906511721
DE_205282,48.3312079,9.3305034
DE_205498,51.40777405,8.822616112783814
DE_205063,52.3016096,13.2610163
DE_205064,52.3016096,13.2610163
DE_205065,52.3016096,13.2610163
DE_201499,50.692767549,12.471404243
DE_916,50.728849422,12.519223606
DE_224820,50.692767549,12.471404243
DE_921,50.728849422,12.519223606
DE_1667,50.1106444,8.6820917
DE_1644,50.1106444,8.6820917
DE_1501,50.1106444,8.6820917
DE_1287,50.1106444,8.6820917
DE_823,51.9503235,14.7153567
DE_1076,51.66668265,12.259188452852491
DE_4133,51.067721586,12.195965313
DE_1357,50.495149557,12.120165096
DE_1361,51.280696554,11.889372747
DE_1403,51.6239124,12.3301466
DE_1202,51.187791,12.7496662
DE_1092,50.942874912,10.709790534
DE_1098,50.86891421,12.909192546
DE_1097,50.8323531,12.918914
DE_217780,50.86891421,12.909192546
DE_1102,49.4704113,8.4381568
DE_1383,49.4704113,8.4381568
DE_1078,50.1106444,8.6820917
DE_1139,50.1106444,8.6820917
DE_1356,50.495149557,12.120165096
DE_725,53.7382631,12.7644198
DE_1613,52.537654501,12.343688392
DE_1309,54.114102723,12.127078181
DE_1229,53.095338538,8.80892852
DE_1029,53.528538239,10.144191939
DE_1031,53.103359215,8.789093293
DE_1788,51.357725702,12.418792586
DE_1444,51.349092796,12.366851506
DE_218140,51.294979308,12.393119386
DE_1789,51.3406321,12.3747329
DE_1813,48.759487508,8.042129667
DE_1822,49.3708476,7.549097
DE_1814,47.810540296,7.632512159
DE_1815,50.779323884,6.228148154
DE_4144,52.388552,13.5048276
DE_1056,52.357407732,13.412612666
DE_1801,53.4445646,7.0820332
DE_1848,53.0328482,9.0305082
DE_1847,52.9940348,9.2991722
DE_1805,54.765650043,9.326784694
DE_207569,53.954381,9.7866367
DE_1804,53.1295705,7.5697383
DE_1849,53.0654681,8.1945038
DE_206995,53.0255872,9.0637083
DE_1155,51.493134,10.800572
DE_1230,53.095338538,8.80892852
DE_1238,53.095338538,8.80892852
DE_1254,53.095338538,8.80892852
DE_1248,53.095338538,8.80892852
DE_1253,53.095338538,8.80892852
DE_1247,53.095338538,8.80892852
DE_1832,53.095338538,8.80892852
DE_1257,53.095338538,8.80892852
DE_217340,53.095338538,8.80892852
DE_217100,49.5353466,8.3541391
DE_1890,48.2124846,12.8875587
DE_1052,50.938361,6.959974
DE_629,49.4669906,7.1696192
DE_638,48.401760323,9.995294015
DE_643,48.401760323,9.995294015
DE_1096,48.534057512,9.083748392
DE_729,48.502724941,9.048307546
DE_1797,48.502724941,9.048307546
DE_732,49.43230398,7.747405606
DE_653,52.3227446,7.3474905
DE_1385,51.472354569,7.417293847
DE_1564,49.6239449,8.4093474
DE_4164,47.8266137,10.0228027
DE_1583,44.053951,-123.299743
DE_210688,50.771267079,6.051543799
DE_1743,47.7518502,11.3763014
DE_1070,48.5289138,9.346093
DE_1625,52.3964639,9.594287
DE_996,48.2687941,10.8337852
DE_1389,50.9747134,10.3193565
DE_19,53.0586366,14.2840858
DE_33,53.550341,10.000654
DE_1,48.7630165,11.4250395
DE_13,52.3227446,7.3474905
DE_1008,49.4892913,8.4673098
DE_210658,50.88539186,12.091206139
DE_210603,50.844628174,12.064579486
DE_41,48.5455295,10.8523018
DE_205004,51.483616323,7.185182054
DE_196,50.043547273,8.237030693
DE_201,52.1952894,9.4633959
DE_255,52.267876,9.131182
DE_256,52.270117,9.1286948
DE_205,52.6386164,9.2056079
DE_202,51.6577353,14.2204983
DE_273,52.6386164,9.2056079
DE_203,51.626040215,7.523044599
DE_274,52.6386164,9.2056079
DE_209,52.6386164,9.2056079
DE_204,52.518917446,13.672692845
DE_207,53.9528957,10.2121481
DE_215,49.0130274,13.2307617
DE_219,48.7373603,11.1785988
DE_217,51.509997227,7.010146613
DE_218,50.4700819,7.7956173
DE_220,47.9084031,9.8966021
DE_265,50.4754785,11.16078
DE_4149,48.371205139,10.906511721
DE_4117,48.371205139,10.906511721
DE_155,52.246592275,7.474770892
DE_205343,52.2069662,7.924473
DE_202348,49.5407085,9.332366
DE_202342,50.9331827,12.7075852
DE_202345,53.1581376,11.7469836
DE_202350,51.0166077,12.7171369
DE_202344,52.3756616,8.9668368
DE_205360,48.7364422,12.1925349
DE_205359,48.7364422,12.1925349
DE_338,51.4707713,10.262569
DE_205358,48.7364422,12.1925349
DE_205362,48.7364422,12.1925349
DE_400,52.8461339,8.0438783
DE_201617,49.2451127,8.6830611
DE_201608,48.3711004,10.3052357
DE_201867,51.2379209,14.5197535
DE_201612,48.5619632,10.682637
DE_201642,51.1822,10.50419
DE_275,48.5619632,10.682637
DE_201643,51.1479612,10.5624748
DE_224725,50.6771862,11.5391334
DE_1366,50.3090305,7.6044602
DE_509,50.7236306,10.3500829
DE_1871,52.674454,12.0035022
DE_1864,50.7236306,10.3500829
DE_503,50.7236306,10.3500829
DE_512,49.032519569,8.352399335
DE_511,51.200769083,6.693593044
DE_587,48.5289138,9.346093
DE_578,51.8803224,10.5643607
DE_544,42.434352,-83.138732
DE_206843,48.1040879,10.6535987
DE_226431,48.4035425,8.0153059
DE_205807,52.5674835,9.026332
DE_210631,50.8618995,6.8907212
DE_210635,51.3902906,11.9854347
DE_210632,51.01697905,6.962812418668483
DE_201540,50.870585,6.880676
DE_210630,48.1588645,12.8329419
DE_210629,48.1588645,12.8329419
DE_201539,50.8807379,6.876568
DE_201538,50.8618995,6.8907212
DE_210634,50.8807379,6.876568
DE_201541,50.8807379,6.876568
DE_210633,51.01697905,6.962812418668483
DE_210601,51.5123672,10.2610699
DE_1627,49.8237774,9.0297787
DE_1843,48.1371079,11.5753822
DE_519,49.2942599,8.698707
DE_743,51.200769083,6.693593044
DE_979,49.3028611,10.5722288
DE_1033,47.8156196,12.9429053
DE_821,51.7826993,14.0747958
DE_1140,50.1106444,8.6820917
DE_1099,48.4667,11.9333
DE_1222,53.095338538,8.80892852
DE_1853,53.070825399,8.845048725
DE_1440,52.401702096,13.060547758
DE_1298,51.3564413,11.996148
DE_1172,53.095338538,8.80892852
DE_372,50.2263088,7.8303796
DE_1416,52.452537603,13.52734141
DE_1476,50.6477963,12.1734848
DE_1783,48.1371079,11.5753822
DE_1645,50.055046614,8.186846585
DE_1694,53.054024829,8.611608448
DE_272,51.626040215,7.523044599
DE_271,53.9528957,10.2121481
DE_208,50.5285919,6.4761556
DE_446,52.9219073,9.2286737
DE_449,47.924349,9.2559822
DE_375,50.975671672,6.282315532
DE_701,48.1371079,11.5753822
DE_1599,49.2222749,8.36659
DE_897,52.7965937,13.4801974
DE_17,53.0586366,14.2840858
DE_18,53.0586366,14.2840858
DE_1340,53.0586366,14.2840858
DK_220,48.073187,12.366615
DK_148,56.6371753,9.7939799
DK_196,55.68391205,12.412926193799077
DK_181,54.9506719,9.8743203
DK_107,55.2351317,10.481895
DK_357,55.4568372,10.5536985
DK_211,55.0102518,11.9097478
DK_398,55.1866229,9.0669072
DK_61,55.8417752,12.063595
DK_269,56.879055,9.991597
DK_273,43.661833,17.756834
DK_268,55.446817,11.7975218
DK_291,48.135821906,13.943761993
DK_250,55.7583936,12.4573112
DK_337,55.4734235,8.7999523
ES_447,41.3246333,2.0952568
ES_534,40.0746619,-0.2142146
ES_132,36.748396975,-5.8052433
ES_77,38.096787,-3.7765601
ES_341,40.6449395,-3.336053
ES_835,38.9438844,-0.4441621
ES_783,43.1386097,-2.0723558
ES_784,43.2183411,-2.0199432
ES_787,43.1386097,-2.0723558
ES_833,38.8592191,-6.1028965
ES_670,42.7093952,-8.6591434
ES_990,39.570371342,-1.204551356
ES_1020,40.399807508,-3.56418273
ES_1054,36.5297438,-6.2928976
ES_1028,40.4053178,-3.63396905
ES_31,37.0183652,-4.5596649
ES_934,41.646088111,2.508623967
ES_20,37.574382544,-5.80382306
ES_1058,8.4381146,-82.5740377
ES_90012,41.5328106,2.1823309
ES_931,41.42813998,2.219860226
ES_90039,43.0848925,-2.1486222
ES_206405,39.03702,-5.2335687
ES_206059,41.32374034,2.09933949
ES_204949,43.988294942,4.100645875
ES_398,42.1180477,2.7653607
ES_90037,38.9219588,-6.4760832
ES_90036,38.878187,-6.9701115
ES_90064,39.3899806,-3.2101376
ES_980,39.4697065,-0.3763353
ES_90038,37.17839287238902,-3.063185553176545
ES_90058,41.3825802,2.177073
ES_255,40.9778986,-5.4247489
ES_449,45.856306,10.2717006
ES_943,41.7184579,0.7631282
ES_210692,32.79442735,-117.23191999532284
ES_207264,38.9144633,-0.5535651
ES_615,39.665270326,-0.223930432
ES_379,40.5683808,-3.2627134
ES_202258,39.985209439130436,-0.05755141304347826
ES_202766,40.0746619,-0.2142146
ES_202598,39.853087933333335,-0.155143
ES_202605,39.853087933333335,-0.155143
ES_202604,39.9621514,-0.2593846
ES_202635,39.9372616,-0.1004465
ES_202470,40.0607474,-0.1373779
ES_975,40.0746619,-0.2142146
ES_509,41.4379916,2.0108896
ES_623,40.0490389,-6.2136144
ES_692,41.981494289,-1.86516296
ES_282,41.5216963,-5.3939824
ES_338,40.0271087,-3.9115161
ES_488,41.7896408,0.8050711
ES_660,42.228893917,-7.9080426
ES_365,40.0235161,-3.8581058
ES_974,40.0607474,-0.1373779
ES_364,38.8682065,-1.0978627
ES_96,38.096787,-3.7765601
ES_139,38.096787,-3.7765601
ES_285,40.8720548,-4.9702253
ES_295,42.2936047,-5.5188832
ES_843,42.2936047,-5.5188832
ES_378,38.6419862,-3.4666934
ES_735,38.1788058,-1.3741839
ES_582,39.4189582,-0.7909637
ES_58,37.4133515,-3.1737013
ES_444,40.812732273,0.521912553
ES_203876,39.9435743,-0.0634783
ES_203624,39.9621514,-0.2593846
ES_203074,40.0746619,-0.2142146
ES_205388,40.0746619,-0.2142146
ES_218700,40.0586158,-0.1405222
ES_203952,39.9621514,-0.2593846
ES_202106,40.0746619,-0.2142146
ES_201894,40.0607474,-0.1373779
ES_206027,39.899146,-0.08273
ES_226573,39.8532265,-0.1550092
ES_16,37.265491,-6.942441
ES_761,43.2098775,-2.7788097
ES_202159,43.698007133,-7.4396718
ES_226542,40.6326979,-3.1646067
ES_210777,41.6147605,0.6267842
ES_210004,41.6147605,0.6267842
ES_1015,42.974215647,-7.514940806
ES_214600,39.8560679,-4.0239568
ES_227270,37.425684857,-6.102791271
ES_220160,41.62065462,1.338102311
ES_226924,42.240611791,12.224314459
ES_218340,42.5989995,-5.5682413
ES_214581,42.501141,-83.073339
ES_216180,39.718371323,-0.246397253
ES_219420,41.6715067,-3.6851172
ES_202877,42.354244566,-3.655315165
ES_203522,37.4992023,-7.2724576
ES_201834,41.156333997,1.099155613
ES_474,41.5352891,1.6609381
FI_529,60.8680928,26.7038517
FI_527,61.1923342,28.7716996
FI_206121,63.8391421,23.1336845
FI_421,61.1163997,22.1624101
FI_482,62.93926675,29.199115504647033
FI_510,62.6032186,25.7301361
FI_506,60.8016507,21.4086143
FI_206283,60.8016507,21.4086143
FI_585,60.1522947,19.9489144
FI_454,62.020544633,24.491947689
FI_191,67.4189716,26.5902179
FI_594,65.972113913,29.183899353
FI_449,60.5288653,24.7582108
FI_444,65.8457589,24.1464
FI_412,61.1252822,28.448043
FI_416,62.6032186,25.7301361
FI_415,61.1289148,21.5039401
FI_414,65.76061775,24.5593932
FI_435,60.5688901,27.1881877
FI_216,64.91245,25.5108223
FI_609,64.91245,25.5108223
FI_217,64.91245,25.5108223
FI_208322,64.91245,25.5108223
FI_374,60.9966192,24.465141
FI_371,61.2027188,26.031371
FI_366,60.9966192,24.465141
FI_379,61.011853192,24.464474308
FI_373,61.2027188,26.031371
FR_959,50.6540895,3.1839429
FR_841,47.9569146,7.2994054
FR_191,48.1113387,-1.6800198
FR_157,48.22367,3.50495
FR_156,48.0957914,3.2637181
FR_26,49.4410523,2.844261
FR_818,48.9335648,7.667539
FR_859,42.9088584,1.8230665
FR_601,44.0349281,4.9968733
FR_677,48.5602959,3.2988089
FR_1059,47.2749998,0.6424978
FR_42,41.54859,-88.128928
FR_293,49.3424375,1.0957098
FR_404,45.4759481,4.5125182
FR_874,44.366969255,2.587157629
FR_799,43.6924382,4.2754772
FR_67,44.8534568,0.487531
FR_646,44.0066403,4.8725016
FR_1072,47.8869822,1.8398174
FR_1141,47.8400712,-0.3352048
FR_819,47.787994,7.3720907
FR_1082,47.5876861,1.3337639
FR_205575,44.9164747,-0.4269087
FR_205579,48.914453,2.629066
FR_205580,47.7888815,7.5094906
FR_205578,44.0565965,5.1281078
FR_225863,44.0565965,5.1281078
FR_205574,49.3706437,1.995197290858004
FR_205576,44.0554043,5.0487681
FR_225862,49.0790561,2.2048038
FR_307,49.495881021,0.1275741
FR_206622,48.4402254,-1.0615336
FR_1031,46.44126,-0.291037
FR_206846,47.3137465,2.0420441
FR_214620,47.8665246,7.3529099
FR_206317,47.7888815,7.5094906
FR_205,45.9378694,2.792983946099338
FR_397,45.3869665,4.2858597
FR_205830,45.5432962,3.2501874
FR_210608,48.2764997,-3.5711477
FR_210662,49.7782299,2.9138676
FR_210186,34.207333,-118.45692
FR_322,46.4358751,5.3421832
FR_218040,49.892081939,2.299024273
FR_47,49.892081939,2.299024273
FR_1131,47.9241442,0.1510542
FR_210721,48.994529,4.2419301
FR_210725,48.7018823,2.134529
FR_1143,47.8988581,-3.5334063
FR_210722,50.44741,2.9068246
FR_928,50.3675677,3.0804641
FR_205488,50.2796417,3.9674127
FR_230160,48.1955731,6.4364631
FR_210723,43.3804293,5.1646417
FR_216443,45.4276,5.51563
FR_194,46.290103,2.74398
FR_203838,45.4385057,4.7709862
FR_203840,45.4385057,4.7709862
FR_203841,45.3735991,4.8124049
FR_206164,43.397499,5.033925
FR_203914,41.656821,12.545902
FR_56,49.8130117,2.7020278
FR_649,48.9026,2.30551
FR_83,16.3012245,-86.5932748
FR_1142,14.7380399,-60.9645707
FR_209944,48.9146078,2.3821895
FR_212180,48.4418021,1.3930652
FR_209943,49.2716839,1.2128992
FR_558,47.986684,0.200717
FR_994,34.4147965,-80.3486166
FR_205923,43.397499,5.033925
FR_205940,45.3735991,4.8124049
FR_211,45.6757644,3.6365736
FR_205829,43.1147515,1.6082177
FR_1111,16.2679458,-61.5870766
FR_539,47.3285909,-2.1543171
FR_633,43.4380714,4.945595
FR_211858,43.790843,5.0394918
FR_222,48.8491207,4.4942482
FR_580,59.348188097,26.36635081
FR_265,49.1605604,1.3336126
FR_38,49.514217,2.945629
FR_634,44.170036155,4.8812434
FR_941,50.44741,2.9068246
FR_922,50.5309351,2.6389115
FR_219,48.994529,4.2419301
FR_1080,47.8723284,2.1284595
FR_457,48.656251,6.2314017
FR_458,48.656251,6.2314017
FR_215900,50.709962,2.2283996
FR_355,45.2857111,4.6270189
FR_123,49.00913845,-1.4875395182390765
FR_549,47.8346552,0.7525544
FR_989,50.709962,2.2283996
FR_206024,45.5662672,5.9203636
FR_206026,45.7479563,-0.3385613730077575
FR_206025,48.961710572,2.197046444
FR_206028,48.9302563,2.5691921
FR_277,49.8620013,1.7085679
FR_1118,48.86131,2.191083
GB_207556,52.2635541,0.7090048
GB_895,51.99803275,-0.47915142854055964
GB_598,56.02471,-3.94262
GB_947,50.3918419,-3.9177668
GB_911,53.4452033,-1.550739
XI_583,55.0430756,-7.2479481
GB_209017,53.27443,-1.87769
GB_208302,50.84687,-0.99689
GB_204624,55.83188,-4.12148
GB_202916,51.924739,-0.2126324
GB_64,53.5671407,-0.0788045
GB_919,51.40411124,-3.24813308
GB_205318,51.40411124,-3.24813308
GB_208642,54.9664404,-1.598257
GB_210484,51.5074456,-0.1277653
GB_714,57.11906,-2.08713
GB_1101,51.5074456,-0.1277653
GB_210533,50.94931735,-1.470204694
GB_210027,51.5074456,-0.1277653
GB_206724,51.5074456,-0.1277653
GB_225,53.74627,-0.26977
GB_925,53.3421509,-2.7334941
GB_985,51.28698,-2.77629
GB_1003,53.58647,-0.36446
GB_1048,53.6148531,-0.160659
GB_837,51.36216,0.7543299
GB_1029,53.365033975,-2.030061375
GB_67,53.27253,-1.19957
GB_205,52.3885873,-1.5866366
GB_1053,54.5760419,-1.2344047
GB_247,52.9397922,-3.0625347
GB_410,53.7593363,-2.6992717
GB_306,51.5074456,-0.1277653
GB_866,53.74917,-2.47935
GB_881,53.90416,-1.64151
GB_527,51.485587467,-0.639104
GB_440,51.507329,-3.19213245
GB_789,53.3866,-1.4499
GB_787,52.8080046,-1.655061503
GB_229,52.31239,-1.94994
GB_88,53.5939578,-0.19175664039261028
GB_100,51.5074456,-0.1277653
GB_138,53.70784,-0.104402
GB_206591,51.5447599,-0.47941
GB_37,51.54999,-0.48438
GB_1119,51.5447599,-0.47941
GB_776,51.5074456,-0.1277653
GB_49,57.1382874,-2.1131039
GB_193,52.3885873,-1.5866366
GB_243,51.75213,-1.26403
GB_256,53.648438,-1.781545
GB_285,51.61913,-0.50121
GB_317,51.5074456,-0.1277653
GB_331,50.77678,-1.94313
GB_432,53.466581792,-2.232871031
GB_447,42.9525022,-72.2834412
GB_464,51.0738,-0.31458
GB_528,51.7647573,-1.2201461
GB_529,51.7647573,-1.2201461
GB_538,43.03333,-2.41667
GB_567,51.5074456,-0.1277653
GB_585,54.4344198,-6.4110694
GB_638,35.8641231,-84.15620609846752
GB_669,55.75983,-4.22198
GB_676,36.140807,-5.3541295
GB_765,55.9456,-4.83148
GB_767,55.9473423,-4.7564721
GB_841,52.5850089,-2.1358052
GB_392,50.80112,-1.1083
GB_788,53.3817566,-1.4790452
GB_823,51.5074456,-0.1277653
GB_1063,52.2055314,0.1186637
GB_1082,51.5074456,-0.1277653
GB_71,51.466597,-2.535197
GB_201,51.47089,-3.15585
GB_904,53.27253,-1.19957
GR_94,-29.640809,31.028496
GR_17,37.4101432,22.127238602740345
GR_210463,37.4012364,22.1356726
GR_218400,40.8008523,22.0503508
GR_112,40.92733798921441,24.8536640024484
GR_119,45.8174869,8.8301676
GR_74,41.13805,24.8864089
GR_69,39.6383092,22.4160706
GR_58,41.504684086956516,26.52138562826087
GR_71,41.09196595,23.50416467678877
GR_67,40.6412166,22.5342458
GR_42,37.7971312,21.35145
GR_50,38.755486,23.5819098
GR_53,40.6403167,22.9352716
HR_205183,45.2215817,19.3754013
HR_206077,45.4415284,16.278763
HR_204105,45.5548793,18.6953685
HR_204012,45.8331404,17.3853376
HR_203889,45.0723677,18.694355
HR_204297,45.8272646,16.1100872
HR_205907,45.1665803,18.0121385
HU_43,47.7223782,18.731435
HU_143,47.2291184,16.6187625
HU_226,46.8415803,16.8456316
HU_185,46.2150438,20.4751022
HU_69,47.6169832,16.8342748
HU_255,47.1753833,20.1946279
HU_163,47.7450853,18.5015732
HU_144,46.2730422,18.3981379
HU_208,46.4171344,20.3196068
HU_228,46.6669103,16.8018983
HU_227,47.9215061,19.2590383
HU_209905,48.2544414,20.6223251
HU_210641,47.779705,20.0269417
HU_95,48.1030643,20.7900429
IE_215860,54.0046033,-6.4008879
IE_210130,53.38806,-6.37556
IE_216202,53.3493795,-6.2605593
IE_226724,53.991422,-6.386949
IE_109,52.6551145,-6.6520502
IE_208162,53.31701515,-6.43852995903866
IE_206852,53.36153295,-6.312670259218896
IE_206853,53.2479888,-6.424349898216628
IE_215120,53.3493795,-6.2605593
IE_213080,53.36153295,-6.312670259218896
IE_214040,53.7180046,-6.303059278048693
IE_208826,53.400360750000004,-6.209491170965708
IE_206854,53.400360750000004,-6.209491170965708
IE_209903,53.3493795,-6.2605593
IE_43,53.340305,-6.293676
IE_92,52.355,-7.703889
IE_28,54.161295,-6.916131
IE_63,53.3860497,-6.245577085317763
IE_115,53.3860497,-6.245577085317763
IE_205865,54.2485576,-6.9688855
IE_27,29.9222129,-90.0919173
IE_13,53.995154,-7.362554
IE_85,52.3546432,-8.6828833
IE_7,52.4472298,-9.4846811
IE_8,51.8985136,-8.4726423
IE_17,53.36153295,-6.312670259218896
IE_96,52.993297,-6.9744
IT_144,44.6028992,7.4749407
IT_181,44.9926704,9.0086667
IT_205493,45.274374,10.092471
IT_61,44.5680014,7.4577752
IT_421,43.4226367,11.1263856
IT_109,45.7025382,9.2895415
IT_412,43.640023148,10.331677397
IT_397,43.7194884,10.9458556
IT_264,45.7917474,12.9090234
IT_635,44.3359819,8.3399306
IT_1055,45.398733,8.9162299
IT_678,44.831261878,10.345204222
IT_316,44.866522,10.0611939
IT_214862,42.3446529,14.1659738
IT_204363,44.9668926,11.0816168
IT_207570,44.508706009,12.041871982
IT_205565,44.5055011,12.0409852
IT_205303,45.9662544,12.7715635
IT_202053,44.517723308,10.948034411
IT_202075,44.5255217,10.8663607
IT_57,45.631067,8.388627
IT_699,44.432744785,8.748781926
IT_226961,43.5391127,10.954075
IT_205382,43.4125688,10.5761772
IT_293,46.0195268,13.1601994
IT_82,44.2714401,8.4382205
IT_753,43.753588726,10.424650159
IT_830,44.3592996,8.5753273
IT_1231,40.8158549,14.5764685
IT_710,45.479379267,9.191002911
IT_273,45.468092,12.223272
IT_676,45.7000804,9.0800884
IT_1026,45.2814818,8.0821574
IT_1139,45.4052073,9.1313346
IT_1165,41.6897761,15.3776211
IT_1041,40.7499887,14.5269491
IT_1038,40.723709,14.546538
IT_640,45.2518433,8.7377449
IT_638,45.0692724,11.0196043
IT_643,42.8965067,11.7697064
IT_204,44.9267857,10.520223
IT_1237,41.799022,13.313397
IT_1232,45.362828,9.6874573
IT_118,45.479379267,9.191002911
IT_117,45.479379267,9.191002911
IT_159,45.520644746,10.235475272
IT_206805,45.519131193,9.171318509
IT_185,45.1334796,10.0248716
IT_950,45.310633024,9.501014228
IT_161,45.520644746,10.235475272
IT_184,45.1334796,10.0248716
IT_201371,45.476270004,9.137616126
IT_201927,45.7016472,9.680301783
IT_1180,45.528878,9.04156
IT_510,40.948554996,17.290883276
IT_942,40.948554996,17.290883276
IT_444,41.80236567,12.228879551
IT_734,45.2871222,9.8570508
IT_742,45.5834418,9.2735257
IT_210544,45.4371908,12.3345898
IT_1020,45.479379267,9.191002911
IT_1133,45.482031715,9.244021632
IT_1138,45.429692442,9.198332153
IT_1235,45.5357218,9.2376549
IT_114,45.528554,9.2782244
IT_900,45.519292,11.338594
IT_1066,45.5445732,11.2808956
IT_794,43.393162197,10.441788574
IT_752,43.393162197,10.441788574
IT_996,44.030428031,10.125235305
IT_795,44.2855555,11.8832055
IT_219,46.050768,11.117367843
IT_787,45.5834418,9.2735257
IT_209663,44.91078685,8.614688594
IT_202676,44.139112757,12.267813358
IT_1056,45.5946464,8.9181625
IT_949,45.9441278,13.6252288
IT_1044,40.783712,14.698841
IT_1192,40.742455239,14.678800929
IT_1194,40.772812,14.799443
IT_1196,41.8233236,15.3654175
IT_204296,45.032761,9.244856
IT_204155,45.318378,10.372376
IT_215960,41.592217,13.243998
IT_203480,44.030428031,10.125235305
IT_1241,45.528878,9.04156
IT_205494,45.5670385,9.9986008
IT_169,45.64685,10.3884485
IT_718,43.8424173,13.0146632
LT_41,55.2477293,24.7599714
LV_75,56.6257485,23.277275
LV_48,56.509792411,21.013487893
LV_107,57.03105574,24.032651125
NL_53,51.4944756,4.2871541
NL_206186,53.31269116428572,6.966300567857143
NL_205765,53.31269116428572,6.966300567857143
NL_205952,53.31269116428572,6.966300567857143
NO_219780,,
NO_206985,59.8149894,11.6554745
NO_216963,59.9274398,11.1620196
NO_215400,58.9699675,5.7318101
PL_213200,50.5653105,22.0644075
PL_388,52.819174,20.2862655
PL_505,51.8778633,17.0167637
PL_331,50.5201929,20.5256241
PL_202816,52.5464521,19.7008606
PL_221620,50.9431901,17.2957066
PL_204402,53.8342221,18.8251596
PL_508,50.8120466,19.113213
PL_814,51.695926,17.4374158
PL_427,50.294113,18.6657306
PL_202080,51.1910223,20.4071836
PL_859,50.9844757,23.1635704
PL_565,51.5316918,20.0084195
PL_791,52.8000429,21.897638
PL_795,52.5600669,17.8208936
PL_139,50.3448836,18.2109594
PL_666,50.027553939,22.012883965
PL_739,52.7531648,18.1141024
PL_52,51.8560819,19.4052228
PL_286,50.9031028,15.7344306
PL_111,50.5109033,18.3004547
PL_205,51.6385162,15.1422487
PL_484,51.8778633,17.0167637
PL_937,54.1259406,20.5805641
PL_883,53.0102721,18.6048094
PL_49,53.0102721,18.6048094
PL_253,50.253231496,18.905560709
PL_143,51.1339221,23.4711548
PL_142,51.1339221,23.4711548
PL_219,51.2081617,16.1603187
PL_329,53.1750699,22.0727551
PL_910,52.819174,20.2862655
PL_460,52.819174,20.2862655
PT_76,38.9826508,-8.8095788
PT_209,42.776266,-7.414528
PT_116,40.5138208,-8.4928163
PT_294,40.1485808,-8.855655
PT_191,41.6999572,-8.7145549
RO_150,46.5471807,23.8869669
RO_178,44.315688863,28.617818467
RO_128,46.3173875,24.287924167
RO_66,47.1819416,23.0562143
RO_241,44.2184125,27.3125745
SE_164,60.035981,18.6656213
SE_510,60.035981,18.6656213
SE_163,60.035981,18.6656213
SE_448,56.1340267,13.1332245
SE_225,59.3649974,17.031435833
SE_224,59.3649974,17.031435833
SE_617,60.035981,18.6656213
SE_194,60.035981,18.6656213
SE_290,58.233333,12.416667
SE_51,59.5137434,15.9970475
SE_206192,59.5137434,15.9970475
SE_351,59.5977465,14.7520395
SE_195,60.035981,18.6656213
SK_114,47.7574079,18.1298249
SK_183,49.123928,18.3239559
SK_3,48.4655654,17.4933242
AT_201866,47.290479,8.147321
AT_57,47.206807,15.3451254
AT_118,48.133733175,16.480079671
AT_227,47.206807,15.3451254
BE_145,51.2305657,5.3076895
BE_130,51.2185443,4.3302898
BE_168,50.9654864,5.5001456
BE_299,50.844609649999995,3.3093356109453165
BE_116,50.6152381,5.5089437
BE_311,51.2185443,4.3302898
BE_316,50.9654864,5.5001456
BE_759,49.5677263,5.5329559
BE_205779,50.9654864,5.5001456
BE_186,50.4653846,4.4301757
BE_297,51.0538286,3.7250121
BE_302,50.6450944,5.5736112
BE_298,51.0538286,3.7250121
BE_303,50.6152381,5.5089437
BE_300,50.9198305,3.215435
BE_129,40.8349546,44.4265833
BE_205511,51.2185443,4.3302898
BE_113,50.6152381,5.5089437
BE_205721,50.59250815,3.4283733333333335
BE_205998,51.139407389,3.805191867
BE_306,51.2258565,2.919496
BE_205734,50.9654864,5.5001456
BE_205762,51.0676205,5.0878638
BE_173,51.0676205,5.0878638
BE_165,51.1840421,5.1155267
BE_167,41.907763,12.537503
BE_115,50.5994478,5.4699616
BE_105,50.5822766,5.4523491
BE_109,50.5822766,5.4523491
BE_107,50.5822766,5.4523491
BE_203912,51.139407389,3.805191867
BE_203913,51.139407389,3.805191867
BE_215060,51.139407389,3.805191867
BE_11,51.139407389,3.805191867
BG_68,-2.863955,-78.988988
BG_43,42.657912,-114.6996
BG_16,43.3141455,27.1612625
BG_206950,41.9302645,25.9015211
BG_39,43.6158817,25.3509536
CY_210000000000005,34.6852901,33.0332657
CZ_418,49.47043208,17.110232514
DE_202797,51.546162803,9.953886863
DE_138,50.42497,8.16703
DE_104,52.1887731,7.8508691
DE_119,51.61431,8.3396662
DE_105,52.1887731,7.8508691
DE_102,50.043547273,8.237030693
DE_116,51.3546176,10.4762225
DE_107,51.6395322,8.512578
DE_103,49.5945916,8.050948
DE_98,51.61431,8.3396662
DE_79,51.7555148,8.041135
DE_4100,50.9540457,6.6410004
DE_2194,51.492009247,6.769748201
DE_215080,48.5728929,7.8109768
DE_1103,52.611968,6.8527435
DE_202985,51.801284,11.3342273
DE_1346,51.329833388,6.627306443
DE_951,53.534257704,10.149882589
DE_887,53.543063744,9.995072569
DE_209968,49.3181673,7.3340336
DE_296,48.143242,10.2540507
DE_339,48.4248151,10.8778564
DE_599,48.371205139,10.906511721
DE_537,50.7468554,6.4893293
DE_202883,50.8807379,6.876568
DE_1885,48.7766852,12.8733655
DE_609,48.7766852,12.8733655
DE_205912,51.329833388,6.627306443
DE_202178,51.2027284,12.3859676
DE_210619,51.3233566,12.0242496
DE_202203,51.2027284,12.3859676
DE_202206,51.2027284,12.3859676
DE_210620,51.3233566,12.0242496
DE_202207,51.2027284,12.3859676
DE_202180,51.3902906,11.9854347
DE_210674,51.705401,9.9972782
DE_210639,51.3902906,11.9854347
DE_206013,50.8247166,6.9810852
DE_210525,51.0324743,6.9881194
DE_203739,51.456174621,6.657492252
DE_4122,50.4391924,7.4023145
DE_1659,48.371205139,10.906511721
DE_1646,53.054871288,8.895869681
DE_4125,50.375664544,7.590012061
DE_1715,48.484501427,9.199991817
DE_1461,51.3902906,11.9854347
DE_1604,50.8807379,6.876568
DE_1601,50.8807379,6.876568
DE_4107,51.2559045,8.8426963
DE_1600,50.130674078,8.920344911
DE_1619,53.068214897,8.790252439
DE_1649,50.9540457,6.6410004
DE_1603,50.9096219,6.8081935
DE_202208,51.3902906,11.9854347
DE_968,47.7617515,8.8348709
DE_1718,48.7766852,12.8733655
DE_890,51.725115849,8.695238188
DE_1367,51.3233566,12.0242496
DE_799,50.019188663,8.224975754
DE_1046,51.526874967,6.9561941
DE_3897,50.8247166,6.9810852
DE_1284,52.038723091,13.483198426
DE_1421,51.182984,12.37553
DE_1602,50.9540457,6.6410004
DE_78,51.7555148,8.041135
DE_439,53.2667955,7.3834995
DE_479,53.787927,9.4238157
DE_2695,49.677433159,12.151896099
DK_185,55.265798,9.9002174
DK_236,55.644111,12.4217135
DK_235,55.644111,12.4217135
DK_381,55.4664892,8.4520751
DK_402,57.108701,12.244636
DK_349,55.6433478,12.0819247
DK_358,47.045182,-120.396969
DK_301,55.3601453,10.3502281
DK_228123,55.565268,9.7562169
DK_302,55.3601453,10.3502281
DK_212680,55.9445468,9.1282868
DK_209028,55.1866229,9.0669072
DK_306,55.565268,9.7562169
DK_342,57.034773,9.902536
ES_202175,43.5554436,-5.9222466
ES_228101,40.4167047,-3.7035825
ES_201942,39.3899806,-3.2101376
ES_201943,39.3899806,-3.2101376
ES_202915,48.90387,-0.052606
ES_202173,40.0746619,-0.2142146
ES_781,43.2087721,-3.1161226
ES_776,43.2661107,-1.9747419
ES_825,41.5722233,-0.74244
ES_450,41.3169975,1.1771329
ES_205233,40.0607474,-0.1373779
ES_215941,37.9805221,23.6477002
ES_989,40.0746619,-0.2142146
ES_95,38.096787,-3.7765601
ES_104,38.096787,-3.7765601
ES_217,43.395555,-6.3345575
ES_530,39.9621514,-0.2593846
ES_713,40.4021516,-3.360625
ES_101,38.096787,-3.7765601
ES_816,43.1417601,-2.9622358
ES_524,41.3825802,2.177073
ES_558,39.9372616,-0.1004465
ES_852,37.225734567,-6.891538733
ES_868,36.212391575,-5.385443361
ES_225542,38.6852161,-4.1111749
ES_561,39.8532265,-0.1550092
ES_622,39.9831574,-6.5366803
ES_118,38.096787,-3.7765601
ES_91,38.096787,-3.7765601
ES_730,43.988294942,4.100645875
ES_160,41.6521342,-0.8809428
ES_929,41.3825802,2.177073
ES_49,36.748396975,-5.8052433
ES_732,43.988294942,4.100645875
ES_324,39.9623605,-3.8829959
ES_262,41.6715067,-3.6851172
ES_864,36.9193102,-6.0764057
ES_953,41.3825802,2.177073
ES_631,43.1247605,-8.068678541
ES_437,41.1172364,1.2546057
ES_90060,36.212391575,-5.385443361
ES_62733126,41.2870705,-0.3249532
ES_323,38.6852161,-4.1111749
ES_90007,43.988294942,4.100645875
ES_768,42.65408,-82.938345
ES_50,36.748396975,-5.8052433
ES_733,43.988294942,4.100645875
ES_51,36.748396975,-5.8052433
ES_162,41.9137506,0.1930705
FI_271,66.5025657,25.73122
FI_273,66.5025657,25.73122
FI_266,66.5025657,25.73122
FI_320,65.8457589,24.1464
FI_267,66.5025657,25.73122
FI_78,60.6554524,24.88566005
FI_397,60.4674228,26.9450844
FI_473,64.2247169,27.7337773
FI_268,66.5025657,25.73122
FI_270,66.5025657,25.73122
FI_636,61.063149977,28.23051096
FI_80,60.6554524,24.88566005
FI_81,60.6554524,24.88566005
FI_79,60.6554524,24.88566005
FI_272,66.5025657,25.73122
FI_208402,61.3125216,22.1357413
FI_496,61.4866126,21.7972071
FI_486,60.2933337,25.0407809
FI_224300,61.3125216,22.1357413
FR_206348,48.583365891,7.755922711
FR_206845,48.0164772,7.5471221
FR_217520,50.6915893,3.1741734
FR_206642,45.9864749,4.726611
FR_555,47.1978039,-1.6698958
FR_206830,48.7809496,2.1900052
FR_214720,50.9870697,2.1273118
FR_215520,43.355699192,5.357221003
FR_215440,43.355699192,5.357221003
FR_208,45.7774551,3.0819427
FR_979,50.3738592,2.0183811
FR_205489,49.1714752,5.9697458
FR_205831,43.1147515,1.6082177
FR_759,48.937634,2.5298164
FR_690,48.9891971,1.7140683
GB_716,57.11906,-2.08713
GB_717,57.11906,-2.08713
GB_710,57.11906,-2.08713
GB_708,57.11906,-2.08713
GB_483,51.434012,-0.511044
GB_1130,52.4866553,-1.8909144
GB_1006,52.9148537,-1.4655926
GB_362,53.4310417,-1.355187
GB_34,57.1149682,-2.084568
GB_40,57.1423037,-2.1488849
GB_38,57.1423037,-2.1488849
GB_748,54.564094,-1.3129164
GB_12,51.485587467,-0.639104
GB_58,57.11906,-2.08713
GB_705,57.11906,-2.08713
GB_712,57.11906,-2.08713
GB_59,57.11906,-2.08713
GB_706,57.11906,-2.08713
GB_707,57.11906,-2.08713
GB_55,57.11906,-2.08713
GB_57,57.11906,-2.08713
GB_185,51.485587467,-0.639104
GB_732,52.7126248,-1.3280459
GB_733,52.7126248,-1.3280459
GB_791,57.14123885,-2.092872567
HR_205176,45.5548793,18.6953685
HR_203853,45.4892522,15.5486303
HR_203870,46.3892305,16.4368593
HR_206092,43.5471065,16.4277521
HU_205,47.4897011,18.3148401
HU_254,47.4978789,19.0402383
HU_93,46.4171344,20.3196068
HU_176,48.0960676,19.8005642
HU_26,47.4978789,19.0402383
HU_25,47.4978789,19.0402383
HU_80,47.687609,17.6346815
HU_260,48.2544414,20.6223251
HU_87,47.0933824,17.9080406
HU_24,47.4978789,19.0402383
HU_37,47.4978789,19.0402383
IE_5,51.8985136,-8.4726423
IE_46,53.4027828,-6.398205
IE_19,51.8985136,-8.4726423
IE_89,51.8985136,-8.4726423
IT_1253,45.4464036,8.619655
IT_836,37.983651,13.695554
IT_23,45.0677551,7.6824892
IT_158,45.5258193,10.21441
IT_24,45.0677551,7.6824892
IT_327,44.6398815,10.9386531
IT_330,44.495430144,11.348344556
IT_337,44.3535145,11.7141233
IT_331,44.495430144,11.348344556
IT_333,44.495430144,11.348344556
IT_1050,44.495430144,11.348344556
IT_1051,44.3535145,11.7141233
IT_351,44.830157947,11.622583105
IT_332,44.495430144,11.348344556
IT_349,44.830157947,11.622583105
IT_130,45.6087178,9.5198437
IT_644,45.4907352,9.2948204
IT_897,45.81490829,8.826479548
IT_588,44.035958538,12.558035515
IT_1119,44.2855555,11.8832055
IT_1141,45.8320236,13.2111453
IT_596,45.9314271,8.53504435
IT_1063,45.41558164,9.262078522
IT_210417,45.428875,9.701659
IT_886,43.878042974,11.101243724
IT_336,44.495430144,11.348344556
IT_334,44.495430144,11.348344556
IT_927,43.878042974,11.101243724
IT_222512,44.389633,7.5479007
IT_498,41.9983273,14.9939366
IT_9,45.062216948,7.586095995
IT_1097,44.5255217,10.8663607
IT_328,44.6398815,10.9386531
IT_1185,40.742455239,14.678800929
IT_46,45.4319961,8.7349702
IT_723,45.6443309,8.8978959
IT_187,45.1334796,10.0248716
IT_408,42.958256901,10.581394865
IT_203816,45.200277,10.579383
IT_207442,45.8320236,13.2111453
IT_203817,45.8320236,13.2111453
IT_470,40.907912,14.386233
IT_849,43.878042974,11.101243724
IT_471,40.907912,14.386233
IT_501,41.452817367,15.55716
IT_270,45.453076339,12.303979422
IT_289,45.256746,12.074616
IT_483,42.213035,13.826202
IT_434,42.5641417,12.6405466
IT_126,45.5357218,9.2376549
IT_272,45.453076339,12.303979422
IT_1228,45.8320236,13.2111453
IT_411,43.640023148,10.331677397
IT_205655,44.539143,10.8118482
IT_277,45.6287707,11.6998606
IT_12,45.2551716,7.5419842
IT_385,43.8401177,10.6164074
IT_386,43.8401177,10.6164074
LT_45,54.6870458,25.2829111
LV_111,56.506281,27.3306623
LV_83,56.7905906,23.9331981
LV_112,56.506281,27.3306623
LV_104,57.03105574,24.032651125
LV_96,57.03105574,24.032651125
LV_3,57.402351704,21.596956098
LV_39,55.888115904,26.50647815
LV_77,56.6257485,23.277275
NL_196,53.31269116428572,6.966300567857143
NL_26,52.03555218148148,4.317398644444445
NL_300,51.8757624,4.2618477
NL_97,51.9328725,4.1736499
NL_429,52.746133,5.8540037
NO_204085,47.40938465,15.27177155
NO_209077,61.9254656,5.1471649
NO_119,58.9359135,5.5864225
NO_112,59.254955,11.229781140849298
PL_868,50.0917343,18.2196766
PL_428,50.7659054,16.2825424
PL_741,51.1910223,20.4071836
PL_145,53.8437331,22.9802357
PL_104,54.1558708,19.4044583
PL_71,49.9112146,19.007564
PL_193,52.5928035,21.4584581
PL_658,49.5609053,22.207028
PL_700,51.5942475,18.7378774
PL_698,51.5942475,18.7378774
PL_288,50.3448836,18.2109594
PL_212018,53.8688,20.95518
PL_208882,52.6603872,19.071948
PL_67,49.9112146,19.007564
PL_45,50.114397,18.9965933
PL_686,50.2788158,19.5596307
PL_176,50.4844179,19.4333887
PL_494,50.8120466,19.113213
PL_203186,52.2301933,18.2521112
PL_650,49.7470465,21.4743139
PL_824,50.267489,20.4853308
PL_825,50.267489,20.4853308
PL_203087,50.3448836,18.2109594
PL_445,50.1691812,18.9044238
PT_287,38.5241783,-8.8932341
PT_286,40.6855872,-8.5902595
PT_133,40.6855872,-8.5902595
PT_132,40.1485808,-8.855655
PT_163,40.5138208,-8.4928163
PT_1,40.927166,-8.574803
PT_107,38.5241783,-8.8932341
RO_207646,44.6799099,23.3728695
RO_172,45.1256956,25.7348044
SE_87,57.7072207,18.8019196
SE_495,65.5831187,22.1459535
SE_168,55.6052931,13.0001566
SE_85,50.436522362,3.031920838
SE_687,50.436522362,3.031920838
SI_93,46.1456196,15.0817358
SK_204,48.1557669,17.131420337823194
SK_130,49.0000074,21.2392122
SK_1,48.715551494,19.12619486
SK_145,49.0000074,21.2392122
AT_217,47.032639681,15.463111791
AT_205,48.133733175,16.480079671
AT_206,48.133733175,16.480079671
AT_207,48.133733175,16.480079671
AT_58,47.0504742,15.1474771
AT_60,47.069615048,15.417161531
AT_108,47.032639681,15.463111791
AT_205433,48.3069619,16.8293716
AT_26,48.133733175,16.480079671
BE_205438,51.0676205,5.0878638
BE_205617,51.139407389,3.805191867
BE_204109,51.2211097,4.3997081
BE_205772,51.2185443,4.3302898
BE_204193,51.2185443,4.3302898
BE_124,51.1610826,4.9903187
BE_14,50.8433705,3.6041443
BE_226694,51.0606816,4.3588917
BE_215820,51.2211097,4.3997081
BE_207686,50.4984249,5.0805501
BE_210011,51.1087891,3.7078565
BE_205932,50.749517759,2.946654246
BE_733,51.0538286,3.7250121
BE_756,51.2258565,2.919496
BE_273,50.9094821,3.3699842
BE_60,51.0676205,5.0878638
BE_24,50.8465573,4.351697
BE_57,51.0957176,4.5061988
BE_135,50.7436672,3.2142729
BE_140,50.85169675,2.891473683275896
BE_195,50.6152381,5.5089437
BE_429,50.9094821,3.3699842
BE_205440,51.0957176,4.5061988
BE_205441,51.0957176,4.5061988
BG_36,43.5258211,26.5230603
BG_82,42.6977028,23.3217359
BG_73,28.2197971,121.2932448
BG_33,43.2184213,27.5564948
CZ_259,48.7742466,14.2861607
CZ_151,50.6428488,13.9942622
DE_65,51.492009247,6.769748201
DE_737,51.2209866,6.9056079
DE_210880,48.7630165,11.4250395
DE_1615,51.367261850000006,6.640661866700553
DE_210526,51.4002384,8.0605908
DE_202709,51.8322137,6.2428283
DE_202983,51.361349995,6.728556844
DE_69,51.492009247,6.769748201
DE_202991,51.483616323,7.185182054
DE_202979,51.483616323,7.185182054
DE_202977,50.9598627,7.9896202
DE_202558,53.526037973,9.834995804
DE_205684,51.5975224,6.6811994
DE_205679,51.5975224,6.6811994
DE_202559,53.526037973,9.834995804
DE_201604,52.181122089,10.46532761
DE_202924,51.492009247,6.769748201
DE_206016,51.492009247,6.769748201
DE_202600,48.8819801,12.569716
DE_202603,49.5589556,8.0732258
DE_334,49.4946086,10.7948937
DE_330,49.2451127,8.6830611
DE_202602,49.5589556,8.0732258
DE_221621,51.7930788,11.7391606
DE_202439,51.7930788,11.7391606
DE_203190,51.67499777,7.130309077
DE_210628,51.67499777,7.130309077
DE_202625,48.1588645,12.8329419
DE_209983,48.1588645,12.8329419
DE_2196,50.8247166,6.9810852
DE_209763,50.8247166,6.9810852
DE_206148,50.8247166,6.9810852
DE_1434,50.8807379,6.876568
DE_209764,50.8247166,6.9810852
DE_209762,50.8247166,6.9810852
DE_210184,50.8247166,6.9810852
DE_2197,50.8247166,6.9810852
DE_210185,50.1106444,8.6820917
DE_203618,51.586168604,6.973609854
DE_604,50.797762016,6.482502191
DE_4170,51.5714513,14.3804302
DE_559,48.7636394,8.3379924
DE_214200,51.5714513,14.3804302
DE_552,48.0321101,12.5654359
DE_203862,52.280223034,7.722332819
DE_1423,53.550341,10.000654
DE_205921,51.5714513,14.3804302
DE_202827,50.8247166,6.9810852
DE_1418,50.8247166,6.9810852
DE_1532,50.8247166,6.9810852
DE_1125,51.3564413,11.996148
DE_4114,52.280223034,7.722332819
DE_1303,51.521697961,7.087403539
DE_703,51.7930788,11.7391606
DE_1771,51.492009247,6.769748201
DE_908,51.3020569,13.3850546
DE_795,48.1588645,12.8329419
DE_202018,49.879024815,8.633710431
DE_1729,49.879024815,8.633710431
DE_206153,53.093853666,8.784571188
DE_642,49.41344416,11.123198512
DE_639,49.42550069,11.053549242
DE_1415,51.492009247,6.769748201
DE_1369,51.483616323,7.185182054
DE_1411,51.492009247,6.769748201
DE_1850,51.492009247,6.769748201
DE_811,50.5788781,13.0106108
DE_259,51.509997227,7.010146613
DE_62,51.492009247,6.769748201
DE_1213,51.492009247,6.769748201
DE_666,50.4391924,7.4023145
DE_1516,49.3491417,8.6909951
DE_1437,52.6375777,13.2057511
DE_1428,52.6375777,13.2057511
DE_1075,48.7636394,8.3379924
DE_1693,49.3165553,8.433615
DE_1724,48.1371079,11.5753822
DE_277,51.164527876,6.872977223
DE_279,51.0166077,12.7171369
DE_414,53.3916452,8.0161221
DE_336,52.3756616,8.9668368
DE_447,53.395777,8.1372149
DE_315,48.9487272,8.8492931
DE_487,48.9487272,8.8492931
DK_365,56.169453,9.5495141
DK_299,56.1379757,8.9746623
DK_146,54.8304979,11.1493517
DK_283,56.1220185,10.1596948
DK_289,42.64983423936074,23.40474717083378
DK_401,56.1390178,9.1547931
DK_240,55.0994511,14.7060906
DK_45,55.9285735,12.3063909
DK_260,47.233008,9.023602
DK_188,57.371884,10.172766
DK_135,56.5486971,8.3046456
DK_364,56.169453,9.5495141
DK_308,55.4565009,12.1818964
DK_313,55.9285735,12.3063909
DK_155,57.108701,12.244636
DK_154,57.108701,12.244636
DK_174,55.4284473,9.2889565
DK_121,55.3601453,10.3502281
DK_60,55.5154338,10.4004689
DK_116,55.3601453,10.3502281
DK_117,-29.278079316,-65.058680027
DK_112,-29.278079316,-65.058680027
DK_122,-31.080927339,-64.03590491
DK_354,54.31744,10.04901
DK_321,54.9140178,9.5866302
DK_294,55.565268,9.7562169
DK_52,55.642804299999995,12.55498223605706
ES_923,41.1172364,1.2546057
ES_691,42.1785741,-1.7492454
ES_70,38.096787,-3.7765601
ES_103,38.096787,-3.7765601
ES_105,38.096787,-3.7765601
ES_202561,40.4167047,-3.7035825
ES_205664,40.4167047,-3.7035825
ES_996,,
ES_419,41.3246333,2.0952568
ES_423,41.5485218,0.8245593
ES_772,42.65408,-82.938345
ES_707,40.267164079,-3.751469214
ES_45,38.184385167,-5.028460433
ES_209007,43.348927811,-4.048950117
ES_209008,43.348927811,-4.048950117
ES_207040,43.988294942,4.100645875
ES_562,39.9621514,-0.2593846
ES_302,42.354244566,-3.655315165
ES_382,40.5683808,-3.2627134
ES_360,40.0785096,-3.8569693
ES_351,39.963529718,-4.82289737
ES_330,39.963529718,-4.82289737
ES_106,38.096787,-3.7765601
ES_607,39.9372616,-0.1004465
ES_88,38.096787,-3.7765601
ES_128,36.9193102,-6.0764057
ES_244,43.3080667,-4.2358532
ES_837,40.0454287,-3.8354787
ES_342,40.0454287,-3.8354787
ES_135,38.096787,-3.7765601
ES_544,39.4189582,-0.7909637
ES_201944,40.06975030769231,-0.2075002
ES_210364,39.9435743,-0.0634783
ES_209566,40.155220811,0.044922372
ES_203626,39.9621514,-0.2593846
ES_203775,39.985209439130436,-0.05755141304347826
ES_203774,39.985209439130436,-0.05755141304347826
ES_202882,40.0746619,-0.2142146
ES_205744,40.0746619,-0.2142146
FI_214080,61.223973368,28.890470806
FI_83,61.223973368,28.890470806
FI_206931,61.4980214,23.7603118
FI_207,60.4674228,26.9450844
FI_386,60.3846716,23.1286377
FI_207730,61.223973368,28.890470806
FI_547,61.4980214,23.7603118
FI_192,60.4674228,26.9450844
FI_564,62.2417066,25.7495727
FR_396,45.2928424,5.6361825
FR_1126,48.933784548,2.354961283
FR_210373,48.681708,2.1701573
FR_219740,48.8953328,2.2561602
FR_209030,47.3215806,5.0414701
FR_207574,50.2810049,3.3196824
FR_195,46.290103,2.74398
FR_1159,43.4380714,4.945595
FR_571,47.3285909,-2.1543171
GB_835,51.0803751,-0.0417326
GB_825,52.6943741,-1.3899819
GB_827,53.64715,-1.3939299
GB_828,53.04946,-2.24086
GB_830,53.53857,-2.74249
GB_240,51.7117492,-5.0293161
GB_203825,53.38146,-1.46429
GB_657,55.861155,-4.2501687
GB_207562,55.5437893,-4.663906
GB_348,53.5922592,-2.2987278
GB_254,53.3899497,-2.5943178
GB_1076,53.71807,-2.53817
GB_817,53.04248,-2.25526
GB_815,51.4538022,-2.5972985
GB_811,52.6943741,-1.3899819
GB_816,50.942177325,-0.016382125
GB_814,54.8958445,-1.5883644
GB_821,51.37822,0.69215
GB_831,53.4013379,-2.9927496
GB_829,50.75,-3.75
GB_812,50.8582023,0.4448146
GB_826,52.824694199999996,-2.0074546723348115
GB_820,52.69148,-1.35116
GB_833,52.505432,-1.9646781758425385
GB_824,50.9554074125,-0.410951775
GB_813,52.61277,-1.93455
GB_818,52.9534193,-1.1496461
GB_834,55.00027,-1.75834
GB_832,51.2325184,-0.3306724
GB_208242,50.6710482,-1.3327111133199459
GB_208622,51.5315334,-3.399883
GB_190,51.5074456,-0.1277653
GB_905,53.895219,-0.544089
GB_209182,51.5074456,-0.1277653
GB_208966,51.5074456,-0.1277653
GB_700,57.196572,-2.182743
GB_209904,51.5074456,-0.1277653
GB_210008,53.3409714,-3.0500916
GB_1262,51.5074456,-0.1277653
GB_959,51.32869,0.44971
GB_1125,52.033172,-2.4469714
GB_927,53.4603975,-2.2430601
GB_891,52.05954,-2.72741
GB_1045,53.0162014,-2.1812607
GB_208745,51.5074456,-0.1277653
GB_987,53.0736266,-0.8005422346357507
GB_466,53.2606635,-2.1255158
GB_761,51.58655,0.47196
GB_206201,54.6091542,-1.2649632
GB_202262,53.05657145,-2.2162727
GB_608,56.019483,-3.724824
GB_1001,51.9424833,-1.9884851
GB_862,52.496032167,-1.865444833
GB_206919,51.32869,0.44971
GB_372,51.8784385,-0.4152837
GB_1111,51.39219156,-2.39163194
GB_1079,52.990200144,-1.157293283
GB_867,53.4794892,-2.2451148
GB_864,53.04646775,-2.91408075
GB_749,52.6546196,0.1547635
GB_152,52.3885873,-1.5866366
GB_271,51.5074456,-0.1277653
GB_43,57.1382874,-2.1131039
GB_45,57.1382874,-2.1131039
GB_48,57.1382874,-2.1131039
GB_27,57.1382874,-2.1131039
GB_632,57.1382874,-2.1131039
GB_47,57.1382874,-2.1131039
GB_42,57.1382874,-2.1131039
GB_704,57.1382874,-2.1131039
GB_44,57.1382874,-2.1131039
GB_631,57.1382874,-2.1131039
GB_46,57.1382874,-2.1131039
GB_210699,50.84139195,-0.11468937942380364
GB_374,53.172019,-2.979653
GB_296,-34.5752034,-58.5747487
GB_300,51.3938782,-1.2430954
GB_662,53.3524881,-6.256645689721826
GB_206071,51.5074456,-0.1277653
GB_206174,57.53184,-3.20778
GB_205816,53.393759,-1.4478412
GB_50,57.14272,-2.12163
GB_150,52.621773155,-1.125149182
GB_189,51.5074456,-0.1277653
GB_251,51.8653705,-2.2458192
GB_315,50.6285,-2.47845
GB_314,51.4564242,-0.9700664
GB_312,53.00168395,-2.21291235
GB_318,52.38172,-1.46081
GB_398,51.242787206,-0.590061431
GB_399,53.3747947,-2.58435435
GB_405,51.5049859,-3.5756674
GB_415,52.274923033,-1.566136
GB_437,52.38374,-1.4914
GB_470,51.8653705,-2.2458192
GB_473,51.5074456,-0.1277653
GB_484,53.00241958,-2.2720948
GB_493,52.4796992,-1.9026911
GB_1135,53.398279,0.132837
GB_507,54.98032,-1.615713
GB_519,53.38378,-2.1320199
GB_294,52.8726929,-1.5739949
GB_1049,51.45846,-2.57416
GB_642,55.62602,-4.72617
GB_649,55.26071,-4.833419
GB_663,53.3524881,-6.256645689721826
GB_668,55.7343202,-3.8382548
GB_670,55.8645928,-4.2430992
GB_766,54.666667,-1.75
GB_165,52.3885873,-1.5866366
GB_784,53.41582765,-2.8156668489442156
GB_928,53.88236,-1.26414
GB_1253,51.25,-1.916667
GB_1016,53.3409714,-3.0500916
GB_1071,51.9009555,-2.0494732
GR_76,61.779014,28.86744
GR_204689,40.779629,22.575896
GR_104,37.9755648,23.7348324
GR_218220,38.5778447,23.642417
GR_68,38.0850569,23.7059206
GR_73,38.07521864615384,23.588465646153846
GR_10,40.0082615,23.5528081
GR_45,39.6234586,22.392669025
GR_47,39.8946279,22.188631
GR_123,40.6403167,22.9352716
GR_128,37.9884637080436,23.71491181822158
GR_160,40.845666,25.8778814
GR_162,38.246242,21.7350847
HR_206173,45.080594,14.0838455
HR_206369,45.583461855,16.94546306
HU_101,47.2291184,16.6187625
HU_113,46.5395807,19.8671346
HU_258,45.9918187,18.5329256
HU_239,45.9968786,17.9686491
HU_202,48.0960676,19.8005642
HU_214120,47.7607076,18.5543675
HU_214160,47.359976,19.0953357
HU_941,45.9968786,17.9686491
HU_216442,47.1753833,20.1946279
HU_216441,47.1753833,20.1946279
HU_207495,47.4897011,18.3148401
HU_210527,46.9649048,18.9405047
HU_112,47.4978789,19.0402383
HU_44,47.531399,21.6259782
HU_229,47.7607076,18.5543675
HU_262,47.1910169,18.410811
HU_13,47.1056579,17.5587276
HU_111,47.1056579,17.5587276
HU_142,47.779705,20.0269417
HU_225,48.1782578,22.1032718
HU_224,48.1267635,22.312647
HU_91,47.0767634,18.6924831
HU_202569,47.531399,21.6259782
HU_169,47.4978789,19.0402383
HU_1000,47.4978789,19.0402383
IE_83,52.6801547,-7.8151008
IE_82,53.0961172,-7.9109221
IE_106,52.4734839,-8.1614446
IE_105,52.2609997,-7.1119081
IE_210539,53.41167,-6.44417
IE_210702,53.340305,-6.293676
IE_33,52.657093,-8.624803
IE_34,53.7180046,-6.303059278048693
IE_36,53.3675163,-0.0022381
IE_93,55.1353624,-7.453109
IE_37,52.8060939,-7.210579
IE_4,52.4734839,-8.1614446
IS_207501,63.9832697,-22.5561494
IT_387,43.8401177,10.6164074
IT_206262,44.9455937,10.2799467
IT_989,42.0433265,14.7272302
IT_210497,44.414999259,12.201677281
IT_287,45.0168524,11.310498
IT_586,45.33577,9.468656
IT_210098,44.439823649999994,11.059274991313368
IT_1040,40.7499887,14.5269491
IT_583,41.42042,14.077819
IT_552,36.8589209,14.7613018
IT_427,43.3517605,12.5772959
IT_94,45.8778934,8.6519892
IT_415,43.6955475,11.817341
IT_522,40.1742781,18.1678388
IT_998,41.0329966,14.2984228
IT_115,45.4315847,9.1097175
IT_208742,46.094987976,11.115051016
IT_211,46.0605291,11.2406747
IT_803,45.7791032,12.4203368
IT_580,45.9145042,12.8565956
IT_204133,45.5860247,10.2878573
IT_738,45.554879,9.83096
IT_205333,46.1709743,12.7073987
IT_205585,45.8035167,11.3504042
IT_202046,45.528878,9.04156
IT_167,45.44638,10.228771
IT_156,45.9563241,10.3040404
IT_171,45.5552224,10.073946
IT_204136,45.5860247,10.2878573
IT_686,45.6679407,10.8814186
IT_895,43.8401177,10.6164074
IT_203797,44.9287557,10.591879
IT_903,40.7004616,14.7062633
IT_368,49.759178,6.086636
IT_352,44.830157947,11.622583105
IT_608,44.7545362,10.3500385
IT_213,45.8847708,10.8396942
IT_703,44.9207815,12.2292244
IT_166,45.605184,10.216967
IT_224301,44.479240138,12.208125209
IT_1221,45.6283491,9.0807968
IT_205187,45.660296,11.407493
IT_202374,44.9524875,10.822623
IT_202133,44.5993449,10.6878385
IT_202135,44.5437293,10.6216195
IT_857,43.0765485,11.6789076
IT_882,45.9559372,12.8426929
IT_1129,39.291538,9.001542
IT_828,40.9160204,14.2680178
IT_839,42.2943877,13.969677
IT_1172,45.6376293,11.7521976
IT_670,46.1229363,9.2790794
IT_463,40.9955725,14.2073729
IT_719,44.782241,7.739429
IT_153,45.7229517,9.7351301
IT_662,44.830157947,11.622583105
IT_45,45.4464036,8.619655
IT_896,37.9314018,12.3274291
IT_247,45.7113511,11.3553593
IT_813,44.831261878,10.345204222
IT_1018,45.5971972,9.6948557
IT_1154,45.6459759,11.6329987
IT_1191,40.632913,15.369658
IT_713,43.0765485,11.6789076
IT_1239,45.7917474,12.9090234
IT_205245,42.958256901,10.581394865
IT_342,44.6467934,11.3754491
IT_664,45.4751079,9.3549881
IT_810,45.1372206,7.7712531
IT_917,44.831365262,10.3310633
IT_814,45.6513793,8.887751
IT_214,45.886548,11.0452369
IT_326,44.5255217,10.8663607
IT_1087,41.0111589,17.0054792
IT_480,42.0843238,13.5462069
IT_994,41.4620482,15.5432595
IT_816,41.2369344,13.9347304
IT_111,45.554779641,9.298751512
IT_59,44.763839,7.537125
IT_303,45.612601999999995,13.853506110585453
IT_13,45.0004614,7.6847543
IT_202921,42.5641417,12.6405466
IT_204447,41.4611485,13.9314012
IT_938,41.9983273,14.9939366
IT_1197,43.031177817,10.609014753
IT_1203,40.7338419,14.597044
IT_1206,40.783712,14.698841
LT_35,54.2720799,24.6759468
LT_70,54.8982139,23.9044817
LT_71,54.8982139,23.9044817
LT_74,55.0777077,22.7646945
LT_73,54.8982139,23.9044817
LT_72,54.8982139,23.9044817
LT_69,54.8982139,23.9044817
LT_101,56.3253508,22.8797889
LT_105,55.672384217,21.250450233
LT_115,55.601816175,26.43673855
LT_104,54.6870458,25.2829111
LT_13,55.7344985,24.3578055
LU_11,49.502338002857144,5.9871945985714285
LU_7,49.52148,5.93781
GB_207622,51.12751,-0.17607
LV_25,56.962113836,23.608643733
LV_99,57.001284443,24.263152012
LV_76,56.6257485,23.277275
LV_10,57.53488168,25.412372543
LV_91,56.9685757,21.960778
LV_11,57.53488168,25.412372543
LV_73,55.888115904,26.50647815
LV_35,57.03105574,24.032651125
LV_13,56.6010778,25.2542544
LV_29,56.963803243,24.06715209
LV_113,57.067800369456066,24.093476905523012
LV_206234,56.621980196,23.691152346
NL_205348,51.33566708947368,6.138755684210526
NL_205387,52.085267652380956,4.867000342857143
NL_218,50.944260515625,5.7863927125
NL_218982,51.815283611,4.728403816
NL_86,52.103711960000005,6.06490769
NL_385,52.132249026,6.043548465
NL_345,52.8111468,4.9948462
NL_144,52.4738528,4.6379311
NL_204781,52.479249,4.61300095
NL_142,52.4738528,4.6379311
NL_238,51.4515953,6.030898893223135
NL_443,51.923061,4.189338
NL_50,52.063858,6.1875742
NL_284,51.44637064482759,6.178164275862069
NL_44,51.8294758,4.955748166666666
NL_202,52.085903882,5.176022335
NL_299,51.9271006,5.8964779
NL_143,50.81896785714286,5.693893985714285
NL_257,51.91061125,5.98735505
NL_62,52.4361877,6.2337581
NL_17,52.06439620833333,4.342941433333333
NL_211,52.06439620833333,4.342941433333333
NL_379,52.2388539,4.7932514
NL_359,52.9529894,4.8267592494488
NL_371,52.03153577,4.51239855
NL_396,52.02689748333333,4.598779066666666
NL_180,52.11858629333334,6.53099644
NL_205611,52.74933765555556,5.037803033333334
NO_203434,60.064642,6.547379
NO_10,59.91553955,11.217035409234612
NO_204084,59.043879,9.6952755
NO_52,59.6964936,10.175641950012762
NO_63,58.4098638,8.637409
NO_36,59.043879,9.6952755
NO_100,70.0741267,29.749777
NO_106,58.4515121,6.0007554
PL_629,50.3351358,19.5608326
PL_207726,50.337535081,18.868705677
PL_203131,51.1910223,20.4071836
PL_209565,50.8494747,15.5976047
PL_782,52.6603872,19.071948
PL_203732,52.7952408,18.2595624
PL_203733,52.7531648,18.1141024
PL_209024,50.9438416,16.4923538
PL_940,50.4506465,21.0637505
PL_595,54.5391501,17.7472272
PL_592,50.8120466,19.113213
PL_423,49.972666709,19.826502807
PL_435,51.1638949,16.5942505
PL_202825,51.2222897,16.2498929
PL_699,50.2433277,21.7754563
PL_844,50.4642876,17.0063856
PL_621,52.2301933,18.2521112
PL_611,51.5006828,15.1984599
PL_617,53.0102721,18.6048094
PL_623,52.32171,21.67852
PL_751,51.1910223,20.4071836
PL_216343,53.0102721,18.6048094
PL_530,52.2319581,21.0067249
PL_210589,52.1066223,20.6313441
PL_843,49.6088205,19.1195861
PL_723,50.4112564,18.5637802
PL_100,50.5791982,16.5014757
PL_116,50.8350925,15.826357538
PL_185,53.6294943,21.8098191
PL_204,54.0990636,22.9279363
PL_304,53.6294943,21.8098191
PL_568,53.1219648,18.0002529
PL_678,49.6938045,21.7651458
PL_759,50.240141693,19.280780949
PL_589,50.8494747,15.5976047
PL_600,53.7479907,20.2344346
PL_820,50.3470387,18.9231857
PL_749,51.1971363,15.3987046
PL_562,53.3140636,17.9369813
PL_596,53.0983829,17.9153329
PL_561,53.1386896,17.5998891
PL_566,53.1219648,18.0002529
PL_594,53.0791965,18.2246086
PL_533,52.8819798,20.6191479
PL_546,52.6603872,19.071948
PL_302,52.9050335,16.5639572
PL_350,53.8441983,18.0984293
PL_196,51.7827253,22.6208818
PL_201,52.4287607,19.4612956
PL_203,54.0990636,22.9279363
PL_842,49.7999039,18.7877583
PL_838,49.4818229,20.030541
PL_43,52.7952408,18.2595624
PL_44,52.7531648,18.1141024
PL_181,50.7659054,16.2825424
PT_296,37.956549,-8.8689639
PT_152,40.49453,-8.57847
PT_27,40.4284618,-8.7372138
PT_28,-33.866019155555556,-60.57288283838383
PT_205123,-9.6830208,-36.3052699
PT_205178,40.6001108,-8.6666667
PT_60,39.6036596,-8.4150492
PT_284,38.5241783,-8.8932341
PT_206231,40.1138729,-8.4986318
PT_34,40.5785006,-8.4438017
PT_23,39.4625876,-8.1493983
PT_249,38.9546266,-8.1069988
PT_138,39.9164959,-8.630134
PT_47,41.192305,-8.6115148
PT_78,39.2363637,-8.6867081
PT_232,41.5271031,-8.6721396
PT_93,41.1502195,-8.6103497
PT_237,41.6462635,-8.7010852
PT_4,39.0230782,-8.9768885
PT_177,41.3418708,-6.7121674
PT_56,41.3683592,-8.5335723
PT_9,41.4242672,-8.4348555
RO_4,47.6565584,23.5719843
RO_27,44.4361414,26.1027202
RO_29,46.783921803,23.632451516
RO_32,46.53504755,26.91478595
RO_33,45.1422676,26.8180386
RO_34,41.536927,13.539366
RO_38,47.647001,26.2522599
RO_235,44.9417111,25.5653931
RO_236,45.797449883,24.201387317
RO_275,45.2716092,27.9742932
RO_304,45.142918487,26.816090997
RO_108,46.450248715,24.231354976
RO_164,46.237521,26.8405546
RO_151,46.3108893,23.7188181
RO_217760,42.33389,20.46806
RO_287,45.668995394,25.646896778
RO_157,51.9378251,70.418249
RO_169,46.781951993,24.703746477
BE_106,50.627789,5.541462
SE_206945,49.2234674,18.7393139
SE_388,61.0086787,14.5442519
SE_212038,57.4918386,15.0209543
SE_412,56.6739826,12.8574827
SE_459,62.3907552,17.3071024
SE_460,62.4922058,17.2995411
SE_457,59.1315224,14.8615428
SE_202713,57.7072326,11.9670171
SE_503,58.0725069,11.8229383
SE_216,64.745451941,21.034266341
SE_41,64.7520185,20.959339
SE_187,64.5958617,18.6777559
SE_762,64.7520185,20.959339
SE_648,64.7520185,20.959339
SE_646,64.7520185,20.959339
SE_614,64.5958617,18.6777559
SE_507,56.076158,14.4681732
SE_220828,56.06527222,14.47578012
SE_564,60.0297519,13.6518574
SE_831,60.0297519,13.6518574
SE_429,58.8072431,12.4194782
SE_777,56.2008565,12.5515849
SE_203005,64.7520185,20.959339
SE_765,64.7520185,20.959339
SE_107,65.2023976,18.7510343
SE_36,64.7520185,20.959339
SE_647,64.7520185,20.959339
SE_846,59.1964289,17.6271663
SE_385,59.1964289,17.6271663
SE_834,59.1964289,17.6271663
SE_764,64.7520185,20.959339
SE_763,64.7520185,20.959339
SE_766,64.7520185,20.959339
SI_35,46.2432913,14.3549353
SI_90,46.165274,14.3067474
SI_100,46.0500268,14.5069289
SI_33,46.69917,15.66917
SI_92,46.1456196,15.0817358
SI_75,46.165274,14.3067474
SI_26,45.9576446,15.4946767
SI_201439,46.4043948,15.7965329
SI_20,45.8040475,15.1696684
SI_40,46.2517774,15.1632057
SI_43,46.384241,14.215536
SI_53,46.0500268,14.5069289
SK_212700,48.8746597,21.8337692
SK_78,48.8922719,18.0387465
SK_95,48.4362992,17.0200447
SK_126,48.2390976,18.1173722
SK_128,48.5538814,22.0773719
SK_213921,48.5783406,17.1839295
SK_129,48.1997132,19.4550975
SK_127,48.5933946,20.672825
SK_69,49.0000074,21.2392122
SK_6,48.4278838,17.798782
AT_197,48.250022,13.2320404
AT_233,47.0504742,15.1474771
AT_165,47.3759899,14.9658598
AT_59,48.3059078,14.286198
AT_89,47.582996,12.1692134
AT_148,48.1565472,14.0243752
AT_201691,47.3883838,15.021759023531606
AT_1,47.7115299,13.6239333
AT_178,47.4129325,9.743362941
AT_3,48.203177772,13.487207107
AT_168,47.9825598,13.8225156
BE_192,50.8892784,5.6513208
BE_294,50.7347797,5.6936397
BE_630,51.2519515,4.27803
BE_181,50.4793576,4.18563
BE_215980,51.139407389,3.805191867
BE_211,40.8349546,44.4265833
BE_194,50.4116233,4.444528
BE_209018,49.9104994,5.5663094
BE_209023,50.0023102,5.7173386
BE_43,50.4653846,4.4301757
BE_206957,50.8433705,3.6041443
BE_13,50.7526199,3.6014476899065855
BE_156,51.2729451,4.271945345753663
BE_202,51.2305657,5.3076895
BE_743,50.2842154,5.9162783
BE_753,51.0538286,3.7250121
BE_203,51.0538286,3.7250121
BE_44,51.199494179,3.818793137
BE_99,51.0762086,4.2817075
BE_131,40.8349546,44.4265833
BE_133,51.2085526,3.226772
BE_150,50.8465573,4.351697
BG_34,42.6977028,23.3217359
BG_17,41.36682386093679,22.228897130374772
BG_6,38.894095,-9.038505
BG_15,42.503806476823335,27.46475294781199
BG_76,42.4248111,25.6257479
BG_83,42.672987152,23.289924116
BG_87,47.146214,-120.552442
BG_19,42.701119875,24.176947925
CZ_18,49.685635,18.3483416
CZ_17,49.685635,18.3483416
CZ_43,50.5409308,15.723285
CZ_58,49.8141092,18.3435891
CZ_420,49.7137494,18.0610845
CZ_229020,50.4297163,13.259192
CZ_113,20.54362,-97.446419
CZ_206782,37.0862043,-82.920385
CZ_33,49.7137494,18.0610845
CZ_186,49.4503023,14.3595152
CZ_228,49.334831708,17.993778754
CZ_227,49.334831708,17.993778754
CZ_230,49.334831708,17.993778754
CZ_229,49.33483170849298,17.993778754257132
CZ_19,49.7477415,13.3775249
CZ_223,49.7477415,13.3775249
CZ_277,50.48512755,14.028952325
CZ_202755,50.2415548,14.3106491
CZ_202754,50.2415548,14.3106491
CZ_202753,50.2415548,14.3106491
CZ_10,49.938996291,17.886169238
CZ_9,49.938996291,17.886169238
CZ_197,50.7029923,14.8009646
CZ_14,50.70065,14.778198
CZ_88,50.11117395,14.431903319849049
CZ_86,50.11117395,14.431903319849049
CZ_311,50.1466053,14.1026398
CZ_171,48.9540796,17.379034
CZ_202610,50.760236,14.247064
DE_205658,51.445525,7.5674652
DE_209031,51.521697961,7.087403539
DE_100,51.7930788,11.7391606
DE_84,49.9616823,9.7655121
DE_80,48.3282665,9.7244123
DE_82,48.66897477,10.168281852
DE_83,51.2807821,11.6529692
DE_93,50.5410021,6.5555751
DE_113,48.2276969,8.7920689
DE_112,48.2276969,8.7920689
DE_202863,51.468327315,6.768948762
DE_202555,51.434999,6.759562
DE_206226,51.468327315,6.768948762
DE_202763,49.738266835,10.150183781
DE_204544,53.526037973,9.834995804
DE_204543,53.526037973,9.834995804
DE_202113,50.570561,8.531245
DE_202110,50.570561,8.531245
DE_202115,50.570561,8.531245
DE_203770,50.8251982,9.0292315
DE_47,50.566093542,8.492086106
DE_52,49.3552721,6.7243197
DE_67,53.526037973,9.834995804
DE_44,51.468327315,6.768948762
DE_215100,51.444907755,7.012939353
DE_1220,52.563197073,13.31366035
DE_207202,48.1920628,11.6401877
DE_220082,48.1920628,11.6401877
DE_208804,48.021321316,11.586567382
DE_1698,48.9597194,9.1281866
DE_209142,48.1713481,11.7160347
DE_698,51.8801277,8.9731695
DE_220022,53.3670541,7.2058304
DE_219960,47.6281754,8.2408579
DE_220931,52.409922185,9.68097326
DE_220261,52.409922185,9.68097326
DE_223231,54.514177726,13.624244666
DE_223037,54.092891449999996,13.648600137344268
DE_220081,51.8578826,9.4940292
DE_226388,50.130674078,8.920344911
DE_201959,41.957292317,13.477036692
DE_201956,41.957292317,13.477036692
DE_201962,41.957292317,13.477036692
DE_201960,41.957292317,13.477036692
DE_210131,51.9503235,14.7153567
DE_229278,51.581655857,7.306873003
DE_202381,51.54267012,6.814399805
DE_207007,51.0934389,6.8416158
DE_201955,41.957292317,13.477036692
DE_201954,41.957292317,13.477036692
DE_202007,41.957292317,13.477036692
DE_202008,41.957292317,13.477036692
DE_589,50.9033978,7.5409481
DE_504,52.301268041,8.016024259
DE_520,51.526917437,6.748173397
DE_522,52.967943435,7.327628138
DE_528,47.9173421,8.1735161
DE_527,47.8217941,10.4369715
DE_525,52.277220048,8.097429273
DE_202526,50.9331827,12.7075852
DE_4131,52.277220048,8.097429273
DE_526,50.8714928,13.3980846
DE_580,48.7636394,8.3379924
DE_594,51.016265,13.6530329
DE_595,51.414451007,7.832866328
DE_612,54.763425291,9.403744776
DE_201957,41.957292317,13.477036692
DE_201958,41.957292317,13.477036692
DE_202002,41.957292317,13.477036692
DE_202029,41.957292317,13.477036692
DE_201995,41.957292317,13.477036692
DE_2299,41.957292317,13.477036692
DE_209951,41.957292317,13.477036692
DE_201969,41.957292317,13.477036692
DE_201964,41.957292317,13.477036692
DE_201963,41.957292317,13.477036692
DE_2298,41.957292317,13.477036692
DE_211199,41.957292317,13.477036692
DE_201965,41.957292317,13.477036692
DE_202003,41.957292317,13.477036692
DE_202001,41.957292317,13.477036692
DE_201997,41.957292317,13.477036692
DE_201970,41.957292317,13.477036692
DE_211198,41.957292317,13.477036692
DE_202005,41.957292317,13.477036692
DE_209947,41.957292317,13.477036692
DE_209952,41.957292317,13.477036692
DE_209950,41.957292317,13.477036692
DE_209949,41.957292317,13.477036692
DE_209948,41.957292317,13.477036692
DE_202006,41.957292317,13.477036692
DE_201998,41.957292317,13.477036692
DE_201968,41.957292317,13.477036692
DE_202000,41.957292317,13.477036692
DE_201967,41.957292317,13.477036692
DE_201966,41.957292317,13.477036692
DE_202004,41.957292317,13.477036692
DE_201996,41.957292317,13.477036692
DE_201972,41.957292317,13.477036692
DE_210006,41.957292317,13.477036692
DE_209946,41.957292317,13.477036692
DE_210164,41.957292317,13.477036692
DE_202030,41.957292317,13.477036692
DE_201971,41.957292317,13.477036692
DE_203297,48.034820183,7.831070044
DE_203470,51.581655857,7.306873003
DE_203444,51.581655857,7.306873003
DE_202194,48.161267805,12.714148282
DE_202196,48.161267805,12.714148282
DE_202195,48.161267805,12.714148282
DE_205483,52.27396894,8.047781461
DE_142,50.3412072,6.7593491
DE_3797,51.4886533,9.1488385
DE_3694,48.6901491,10.9159123
DE_3698,51.4636078,13.2200395
DE_3599,51.0941418,9.3292408
DE_3695,48.7766852,12.8733655
DE_3399,49.6643552,10.0647551
DE_3697,49.2434278,9.1641184
DE_3595,51.041436439,12.131407001
DE_3895,49.5907756,8.2031633
DE_247,48.9896233,13.3009875
DE_246,49.4453354,11.8581581
DE_224964,51.4383844,11.6668362
DE_203616,50.5452042,7.2490828
DE_203615,50.7370665,7.0093699
DE_203617,49.3930575,12.1387637
DE_371,49.6124242,11.8070092
DE_297,48.6081605,11.7737217
DE_298,48.4483478,12.0338571
DE_384,51.6304115,10.1557522
DE_436,49.8123086,7.960819
DE_348,48.272779,12.1505507
DE_443,48.2401102,10.4934201
DE_314,52.216263984,8.422874039
DE_203972,50.7206063,11.3401985
DE_202710,51.4911392,8.4330329
DE_209049,49.2548053,9.3885582
DE_205914,49.2548053,9.3885582
DE_205901,49.2548053,9.3885582
DE_205915,49.2548053,9.3885582
DE_205916,49.2548053,9.3885582
DE_202886,51.394324962,12.357527856
BE_36,50.9654864,5.5001456
DE_205609,53.550341,10.000654
DE_1647,53.0206088,7.8592307
DE_1581,51.581655857,7.306873003
DE_1050,48.034820183,7.831070044
DE_1707,51.316427389,13.256433343
DE_1708,51.303880477,13.276262941
DE_1049,51.6149389,7.6362876
DE_891,50.8714928,13.3980846
DE_1856,47.8217941,10.4369715
DE_1552,51.200769083,6.693593044
DE_1436,47.659216,9.1750718
DE_1635,49.5690382,10.8819998
DE_929,52.277220048,8.097429273
DE_1113,52.1983452,8.6440034
DE_1510,50.899761182,14.792782625
DE_1185,52.3016096,13.2610163
DE_1337,48.7031377,9.6541116
DE_1123,50.098260729,8.600809818
DE_1053,48.880367,12.3548167
DE_201938,41.957292317,13.477036692
DE_1117,41.957292317,13.477036692
DE_1692,41.957292317,13.477036692
DE_201952,41.957292317,13.477036692
DE_749,51.924503593,10.321471807
DE_805,51.515862897,14.001780041
DE_1723,49.505548504,6.738756541
DE_1011,49.4704113,8.4381568
DE_717,47.7267063,10.3168835
DE_722,47.7267063,10.3168835
DE_940,43.345255,-124.299033
DE_206794,50.1305646,8.8919483
DE_981,53.536353494,8.59524148
DE_1126,51.444016507,6.898235465
DE_1542,51.420788647,6.857826976
DE_662,41.957292317,13.477036692
DE_1484,41.957292317,13.477036692
DE_1116,41.957292317,13.477036692
DE_652,47.6500279,9.4800858
DE_204642,47.6500279,9.4800858
DE_204641,47.6500279,9.4800858
DE_626,47.6500279,9.4800858
DE_651,52.9219073,9.2286737
DE_657,51.468987518,6.798653927
DE_793,51.4696137,6.8514435
DE_794,51.527698867,6.857757328
DE_667,51.6315282,13.707358
DE_201953,41.957292317,13.477036692
DE_1855,41.957292317,13.477036692
DE_114,48.2276969,8.7920689
DE_3696,49.007666933,12.141108124
DE_3894,49.914,8.4657
DE_145,52.2202557,7.8134148
DE_708,49.2434278,9.1641184
DE_727,49.5907756,8.2031633
DE_713,51.4636078,13.2200395
DE_715,51.0941418,9.3292408
DE_709,49.6643552,10.0647551
DE_710,48.6901491,10.9159123
DE_862,51.4886533,9.1488385
DE_711,48.7766852,12.8733655
DE_724,51.041436439,12.131407001
DE_831,49.7933723,9.9309779
DE_837,49.7933723,9.9309779
DE_933,53.0927817,12.9002055
DE_1017,50.152242545,8.887277894
DE_714,49.007666933,12.141108124
DE_726,49.914,8.4657
DE_991,51.428496585,6.886508596
DE_1063,51.6565219,10.3428415
DE_1259,50.4948382,11.7074088
DE_1408,50.6036333,12.176645
DE_1555,52.301268041,8.016024259
DE_900,50.9331827,12.7075852
DE_1553,51.336077,6.343738
DE_623,51.7895571,6.1376008
DE_1643,51.200769083,6.693593044
DE_1852,51.827417600000004,6.313267700986447
DE_370,48.7321423,11.904747
DE_354,48.272779,12.1505507
DE_283,48.546719518,10.369202444
DE_290,51.2333,9.91667
DE_353,48.272779,12.1505507
DE_350,48.272779,12.1505507
RO_58,45.131753726,25.423314165
RO_60,47.36001,24.9182195
RO_59,45.9565318,22.8793348
DK_347,55.3098281,10.7976604
DK_312,57.108701,12.244636
DK_410,50.695918556,3.438464397
DK_343,55.2521203,12.1142399
DK_40,55.8505813,11.9916517
DK_389,56.2649053,8.7869814
DK_390,56.2649053,8.7869814
DK_132,55.0446228,9.4209667
DK_133,55.0696081,9.3410181
DK_130,55.0446228,9.4209667
DK_131,55.0446228,9.4209667
DK_399,55.2328252,11.7674102
DK_391,55.265798,9.9002174
DK_388,-29.278079316,-65.058680027
DK_404,55.2328252,11.7674102
DK_403,55.3997225,10.3852104
DK_168,55.0636625,10.6084725
DK_65,55.0636625,10.6084725
DK_66,55.0636625,10.6084725
DK_108,47.16279,8.887379
DK_156,43.661833,17.756834
DK_305,54.9380637,8.8629408
DK_166,57.0607251,9.9241319
DK_203845,46.30359,9.029502
DK_206031,55.9445468,9.1282868
DK_215720,55.9445468,9.1282868
EE_39,58.080303456,24.495530397
EE_12,59.353026400000005,26.96946970763556
EE_48,59.48564800727273,24.973659740000002
EE_5,59.392680535,27.250671714
EE_50,59.169231800000006,24.751071713225606
EE_49,58.39426288195718,24.527491002140675
ES_820,28.446211,-16.296067
ES_414,41.3825802,2.177073
ES_922,41.482812342,2.182897314
ES_12624391,46.588668,8.479843
ES_881,41.9137506,0.1930705
ES_957,41.735509133,1.827868613
ES_844,40.6065826,-3.7065333
ES_280,41.6221279,-4.7813957
ES_443,41.5139877,2.1912073
ES_56,37.9680499,-3.8087804
ES_115,37.09837081,-2.12567997
ES_695,42.1785741,-1.7492454
ES_608,38.364678511,-0.4959951
ES_505,41.3964186,1.9585925
ES_69,38.1837551,-3.6855149
ES_99,38.096787,-3.7765601
ES_500,41.4765136,1.9832978
ES_203951,39.0054716,-5.5337227
ES_202927,37.3886303,-5.9953403
ES_205776,40.498763844,-3.372036385
ES_201910,41.3050933,2.0063126
ES_205394,39.985209439130436,-0.05755141304347826
ES_221994,39.9435743,-0.0634783
ES_203653,40.0746619,-0.2142146
ES_218800,41.3577746,-5.7252637
ES_202790,39.9435743,-0.0634783
ES_148,37.5146967,-4.6567166
ES_912,40.013303,-3.7968786
ES_460,41.620162,0.621968
ES_795,43.2087721,-3.1161226
ES_60,37.9680499,-3.8087804
ES_211,43.541141308,-6.721111308
ES_567,39.9621514,-0.2593846
ES_205951,38.6180189,-6.7966844
ES_299,40.599600596,-6.529307057
ES_284,41.1555121,-4.4878095
ES_74,38.096787,-3.7765601
ES_81,37.4188774,-6.1109126
ES_971,39.9621514,-0.2593846
ES_532,40.0746619,-0.2142146
ES_346,39.683223,-3.7727849
ES_337,40.0454287,-3.8354787
ES_668,43.258484611,-8.56412176
ES_656,43.0886943,-8.215601716391204
ES_487,41.6342812,0.8739685
ES_542,39.782029,-0.1876251
ES_543,38.3874816,-0.4925785
ES_11,36.9530744,-2.491623
ES_159,41.4733125,-1.4748743
ES_391,40.5438634,0.4808409
ES_304,39.985755999999995,-3.7679855
ES_675,39.7182833,2.8665761
ES_236,47.038741,5.334393
ES_794,43.1766676,-2.6339298
ES_203673,41.1865974,1.2082805
ES_207802,41.3825802,2.177073
ES_212781,40.6065826,-3.7065333
ES_213720,40.4167047,-3.7035825
ES_213721,40.4167047,-3.7035825
ES_213722,40.6065826,-3.7065333
ES_210020,43.382959021,-3.739649161
ES_206079,41.779562,-1.9843627
ES_212,43.553210279,-5.883511931
ES_801,43.0859968,-2.3140925
ES_799,43.0269276,-2.2036619
ES_800,43.1838618,-2.2657422
ES_803,43.051031557,-3.002056603
ES_988,39.665270326,-0.223930432
ES_798,43.120095111,-2.418152233
ES_205190,43.258484611,-8.56412176
ES_204990,42.8465088,-2.6724025
ES_634,40.330546496,-78.920224084
ES_221151,42.5172921,-5.7668042
ES_396,41.4769177,1.9283971
ES_932,41.4769177,1.9283971
ES_547,39.464773,-0.363258
ES_960,41.609490709,2.277256082
ES_90049,43.304672,-5.910467714297559
ES_1251,43.3086428,-5.875632
ES_228,28.6637814,-17.7867588
ES_90008,27.809477277,-17.914386616
ES_229,28.0996248,-16.6809103
ES_90009,28.093274562,-17.112685465
ES_227,28.1345816,-16.5309107
ES_998,39.0111846,-6.0102155
ES_90026,41.604929292318246,0.8792361477366255
ES_728,37.665960617,-1.698532422
ES_446,41.53,1.684787
ES_308,49.094671,-121.968209
ES_947,41.7294989,0.4404763
ES_91448514,37.951886035,-3.541194361
ES_645,42.644754465,-8.883073402
ES_40,38.217032733,-3.502645467
ES_90048,28.211078673,-16.779307443
ES_222,28.1345816,-16.5309107
ES_224,28.9639681,-13.5499014
ES_223,24.3919444,-101.6705556
FI_331,60.320014642,25.063348665
FI_552,63.066072,28.3420836
FI_509,61.0460137,22.3430918
FI_198,60.4688687,22.0291149
FI_197,60.4688687,22.0291149
FI_226,60.4517531,22.2670522
FI_82,61.1923342,28.7716996
FI_480,60.8673772,25.2779161
FI_333,60.278785069,24.852834139
FI_330,60.2933337,25.0407809
FI_633,60.311486587,24.960431527
FI_206103,60.2933337,25.0407809
FI_332,60.29743897,25.061007591
FI_219460,60.4517531,22.2670522
FI_646,60.4688687,22.0291149
FI_196,60.4688687,22.0291149
FI_227114,60.2933337,25.0407809
FI_280,62.7906684,22.8398019
FI_357,62.7906684,22.8398019
FI_278,62.7906684,22.8398019
FI_394,61.4866126,21.7972071
FI_206136,61.3125216,22.1357413
FI_335,60.259649457,24.80204473
FI_124,62.0509858,25.7159207
FI_235,60.448279309,22.297529072
FI_252,60.485513,22.1692664
FI_491,60.4517531,22.2670522
FI_232,60.4517531,22.2670522
FI_230,60.4517531,22.2670522
FI_227,60.484849436,22.315866133
FI_229,60.4517531,22.2670522
FI_249,60.47701109,22.231424463
FI_658,62.7906684,22.8398019
FI_35,61.6877956,27.2726569
FI_543,61.6877956,27.2726569
FI_34,61.6877956,27.2726569
FI_293,61.869874,28.880045
FI_285,61.878019444,28.938395288
FI_290,61.763694627,29.079257355
FI_84,61.1923342,28.7716996
FI_127,62.0509858,25.7159207
FI_128,62.0509858,25.7159207
FI_126,62.0509858,25.7159207
FI_125,62.0509858,25.7159207
FI_122,62.0509858,25.7159207
FI_123,62.0509858,25.7159207
FI_558,60.4517531,22.2670522
FI_206040,60.544506521,22.351887883
FI_201658,60.487500672,22.276571852
FI_250,60.493091031,22.100352033
FI_206824,60.352738845,24.985390619
FI_334,60.2933337,25.0407809
FI_228,60.487500672,22.276571852
FI_248,60.493091031,22.100352033
FI_108,60.411141622,22.380103338
FI_596,60.484849436,22.315866133
FI_253,60.485513,22.1692664
FI_251,60.4642142,22.105602183
FI_107,60.4138833,22.3260082
FI_106,60.411141622,22.380103338
FI_234,60.4517531,22.2670522
FI_105,42.435451,-82.923627
FI_233,60.484849436,22.315866133
FI_36,61.6877956,27.2726569
FI_32,61.6877956,27.2726569
FI_647,61.6877956,27.2726569
FI_584,45.4208777,-75.6901106
FI_225431,61.697862701,27.207701369
FI_206088,61.6877956,27.2726569
FR_318,47.4539214,6.8057107
FR_678,62.631811772,27.124089802
FR_1128,38.4163753,-119.2669198
FR_1027,46.5802596,0.340196
FR_209,45.8305758,3.1000933
FR_899,50.1548776,3.2803473
FR_647,43.6384838,4.8111564
FR_545,48.4177718,-0.4079045
FR_750,48.8688199,2.4173658
FR_469,49.908667,0.970902
FR_116,49.1813403,-0.3635615
FR_481,49.2705976,6.1250201
FR_987,50.6915331,2.4042836
FR_612,32.1182188,-84.1974091
FR_201340,16.3316709,-61.3476233
FR_798,43.6924382,4.2754772
FR_636,43.8053654,4.6585115
FR_97,44.3994444,0.8069444
FR_161,48.1978559,3.282606
FR_516,48.1955044,6.701139
FR_616,43.397499,5.033925
FR_409,45.7337532,4.9092352
FR_1034,45.6484505,0.1561947
FR_125,48.9155147,-1.4372496
FR_206306,49.5039262,0.2338372
FR_621,43.4758249,5.1673492
FR_622,43.4758249,5.1673492
FR_263,49.5039262,0.2338372
FR_205732,32.419232,-84.282732
FR_211758,32.419232,-84.282732
FR_205731,43.6044622,1.4442469
FR_613,43.3804293,5.1646417
FR_206703,47.8101008,7.1020957
FR_519,48.694873,5.6237
FR_96,44.5905556,1.0152778
FR_856,43.0164551,0.599196
FR_449,48.4487414,6.7381417
FR_390,45.3441237,4.8189855
FR_1062,46.9741096,0.6995098
FR_665,48.7943914,3.2718856
FR_504,48.1955044,6.701139
FR_443,46.3870276,6.5436956
FR_878,32.285466,-84.493596
FR_829,48.154958449999995,7.247852991000449
FR_204782,45.3969746,4.7749904
FR_287,49.3191616,1.1673742
FR_1033,45.6420233,0.106126
FR_205686,45.5250887,4.2594811
FR_205749,47.0371,5.40338
FR_205745,47.0371,5.40338
FR_205750,47.0371,5.40338
FR_205934,45.8976947,3.2208875
FR_205933,45.8976947,3.2208875
FR_209563,45.8992348,6.1288847
FR_440,45.8992348,6.1288847
FR_214181,49.1043397,6.7071754
FR_213602,46.072831,4.740305
FR_213601,48.8468159,2.8212923
FR_422,45.7784255,4.9206153
FR_978,50.7259985,1.6118771
FR_204905,48.0706593,-1.3918429
FR_884,43.6044622,1.4442469
FR_209503,45.1923827,1.5087884
FR_210347,48.8567,2.7855615
FR_206044,43.3333773,-0.4357266
FR_206042,44.1453237,-0.9195282
FR_206043,43.7028316,-0.2354142
FR_206235,48.1501591,2.7006781
FR_206032,43.397499,5.033925
FR_35,49.2720766,2.469591
FR_183,47.9128732,-1.3818706
FR_1092,46.9741096,0.6995098
FR_670,48.539927,2.6608169
FR_149,46.9281117,3.2627526
FR_942,50.3245906,3.4845838
FR_664,48.6066366,2.8904431
FR_253,49.5039262,0.2338372
FR_559,47.3185376,-2.0745708
FR_427,45.6738,4.85831
FR_948,51.0204446,2.2495576
FR_629,34.8780405,-1.2348586
FR_624,43.4758249,5.1673492
FR_259,49.505435,0.6005385938946798
FR_217240,47.8208892,7.5410482
FR_205635,49.4110122,4.4915225
FR_433,45.5816027,5.9408017
FR_436,45.5662672,5.9203636
FR_435,45.5662672,5.9203636
FR_206290,51.020070947,2.335942238
FR_554,46.3683333,-0.5961111
FR_206322,49.4179497,2.8263171
FR_206344,44.3778474,4.6976609
FR_206345,44.3142971,0.0880691
FR_206372,43.6575,-0.0858333
FR_206373,43.7745273,-0.1795499
FR_206371,43.7028316,-0.2354142
FR_206404,49.210252,6.1600345
FR_186,47.8874274,-2.8362402
FR_178,47.9325142,-3.6981199
FR_1136,47.9979285,-3.5425491
FR_767,48.8012045,2.4309703
FR_751,48.8688199,2.4173658
FR_483,30.712125,-81.776472
FR_1097,47.3900474,0.6889268
FR_824,47.7467233,7.3389937
GB_435,51.1894433,-1.0108419
GB_1055,54.8948478,-2.9362311
GB_206928,51.62016,-0.7774799
GB_207653,51.36825,-0.29118
GB_206929,47.225411,8.816006
GB_206926,51.37702435,-0.131369875
GB_206927,51.32488375,-0.58472945
GB_206915,51.24779,-0.15724
GB_698,57.196572,-2.182743
GB_785,52.199054,-4.1741458
GB_690,57.196572,-2.182743
GB_615,57.196572,-2.182743
GB_208583,51.5074456,-0.1277653
GB_744,57.19657,-2.18274
GB_691,57.196572,-2.182743
GB_208582,51.5074456,-0.1277653
GB_635,57.196572,-2.182743
GB_596,56.46432,-2.95339
GB_1138,53.7035625,-0.8715949
GB_736,52.4796992,-1.9026911
GB_1099,53.3769571,-2.2220478
GB_967,50.3714122,-4.1424451
GB_906,51.13491,-0.32136
GB_455,26.2871257,-98.3137779
GB_1095,53.3769571,-2.2220478
GB_964,53.3842714,-2.1782498
GB_172,51.4358,-0.5033
GB_2,51.4358,-0.5033
GB_63,50.39089,-4.89499
GB_68,52.241001350000005,1.0465716091328372
GB_79,52.27924815,-1.5786952799716136
GB_82,51.34546,-0.19109
GB_184,54.082242,-0.1908647
GB_279,52.1761602,1.0174524
GB_253,51.558762486,0.452299086
GB_346,51.1406599,-2.98592
GB_151,53.648438,-1.781545
GB_409,53.466581792,-2.232871031
GB_412,54.564094,-1.3129164
GB_486,51.5882332,-2.9974967
GB_492,53.82052808,-3.01279188
GB_525,39.983721,-104.8110775
GB_579,54.4672237,-6.2611343
GB_695,57.196572,-2.182743
GB_1244,51.5074456,-0.1277653
GB_1245,51.5074456,-0.1277653
GB_762,55.9062611,-4.4267579
GB_29,51.5074456,-0.1277653
GB_685,57.196572,-2.182743
GB_340,52.379575296,-1.560376115
GB_729,52.56191,-0.2547499
GB_916,53.5409488,-1.436043
GB_979,53.6181,-0.19185
GB_1067,55.166667,-3.5
GB_1083,56.0701208,-3.9087351
GB_857,53.31365,-1.13586
GB_955,53.7865059,-1.5288425
GB_956,53.7865059,-1.5288425
GB_206178,51.522232457,-0.6232704
GB_207504,51.4065052,-3.2666925
GB_230,52.92369,-1.19089
GB_715,57.1410711,-2.0908258
GB_206847,53.4794892,-2.2451148
GB_210479,52.99234,-3.06137
GB_208766,57.13812715,-2.0961898
GB_195,53.8069351,-1.521480325
GB_209937,53.204263,-3.017219
GB_353,51.4538022,-2.5972985
GB_209783,53.0904734,-1.3655705
GB_210029,51.4919,0.40208
GB_210757,54.5760419,-1.2344047
GB_209025,52.2894735,-1.9128231
GB_201961,54.564094,-1.3129164
GB_948,51.25506,1.01949
GB_989,54.3289795,-2.747183
GB_873,50.86515,-3.37817
GB_1243,53.4794892,-2.2451148
GB_850,52.66423,-1.07566
GB_880,54.0634024,-2.790319614
GB_741,51.6301754,-3.8243898
GB_173,53.537958,-1.732294
GB_978,51.33921,0.7343499
GB_968,51.35317,0.75891
GB_1098,53.3769571,-2.2220478
GB_963,53.4508117,-2.1288387
GB_969,51.12436,-0.4063
GB_962,54.6640762,-1.6752864
GB_205516,53.74099,-0.68923
GB_965,52.60901,-1.92715
GB_961,54.6640762,-1.6752864
GB_1096,53.3769571,-2.2220478
GB_970,51.0,-0.416667
GB_1097,53.3769571,-2.2220478
GB_205497,52.672003,-1.15700965
GB_202280,53.7788714,-1.0520208
GB_425,51.56613075,-2.96210215
GB_897,54.57585,-1.24494
GB_352,53.2825599,-2.8783
GB_368,51.1594681,-0.1779884
GB_401,53.776733,-0.444985
GB_210010,53.74704,-0.35885
GB_562,53.393836,-2.591124
GB_304,51.5138064,-0.7916645
GB_564,53.69317,-1.30798
GB_99,51.485587467,-0.639104
GB_125,51.8615867,-2.2020488
GB_640,51.8615867,-2.2020488
GB_126,51.8615867,-2.2020488
GB_591,51.8615867,-2.2020488
GB_127,51.8615867,-2.2020488
GB_124,51.8615867,-2.2020488
GB_123,51.8615867,-2.2020488
GB_167,51.8615867,-2.2020488
GB_144,51.485587467,-0.639104
GB_1123,57.14607755,-2.108213
GB_990,53.41003,-2.07995
GR_206060,37.9755648,23.7348324
GR_205942,37.8196729,21.2952463
GR_118,39.5560869,21.7678844
GR_203127,40.0082615,23.5528081
GR_203073,39.5535683,20.2745985
GR_205542,40.2713616,22.5087618
GR_218120,38.3279631,23.536722
GR_217842,41.072259,23.479806
GR_207882,40.389375,27.866379
GR_78,41.024426,-79.141266
GR_134,38.3018989,21.782579
GR_135,38.400416639,23.786953567
GR_143,40.6403167,22.9352716
HR_205682,45.5272811,17.251294
HR_205681,44.8062923,15.3221976
HR_205683,45.5272811,17.251294
HR_215260,45.1588133,14.5395314
HU_206421,47.8707939,21.1141032
HU_39,48.1030643,20.7900429
HU_155,48.2239095,20.2895983
HU_259,48.0960676,19.8005642
HU_19,48.0385461,20.9716444
HU_114,46.3564692,17.7886886
HU_175,47.6803063,16.5983457
HU_191,47.583845,18.3979855
HU_110,47.6316697,19.1294055
HU_261,46.8820972,17.4389619
HU_202894,46.0765092,18.2280317
HU_115,47.597363,16.8933475
HU_265,48.2544414,20.6223251
HU_192,47.6316697,19.1294055
IE_91,46.885143,-103.200022
IE_94,51.88977945,-8.465384593866203
IE_26,54.0046033,-6.4008879
IE_2,53.905931,-6.7873513
IE_72,54.116941499999996,-7.585068577153405
IE_112,53.389167,-6.296944
IE_113,53.9087056,-9.298304863654256
IE_206939,54.1143359,-9.1532099
IE_25,52.65573716383998,-7.255819961014742
IT_460,41.121016,14.354729
IT_614,44.900542,8.2068876
IT_423,42.9340752,12.6091209
IT_736,44.8394154,11.1431653
IT_717,44.370054,12.0304172
IT_847,43.523811388,13.243738451
IT_846,43.1604184,13.7161408
IT_940,46.6695547,11.1594185
IT_732,45.068804,7.434488
IT_858,41.452817367,15.55716
IT_116,45.5946464,8.9181625
IT_884,45.1793292,9.6483958
IT_137,45.7016472,9.680301783
IT_928,43.860297258,10.580446628
IT_661,42.9074021,10.8519749
IT_1043,39.7738457,8.5817533
IT_649,40.7234746,8.5612674
IT_31,45.0677551,7.6824892
IT_1031,38.4119961,15.9592404
IT_1089,41.80236567,12.228879551
IT_1104,44.392944249,7.819721492
IT_1151,40.742455239,14.678800929
IT_1187,40.7472133,14.6433202
IT_981,44.831581,12.109524
IT_971,44.898364,9.961374
IT_977,42.4380944,11.2107429
IT_980,40.5597541,17.8085464
IT_978,44.3846325,11.9423791
IT_979,44.447386,11.8260915
IT_982,44.7240342,11.099811
IT_993,45.9181327,10.8860953
IT_201609,40.9141958,14.7888764
IT_203822,45.935713,13.2511661
IT_845,44.9362237,10.2702605
IT_528,39.3319934,16.1843828
IT_610,44.9864437,7.8694708
IT_1199,44.6978389,10.6304971
IT_511,40.491695314,17.244226982
IT_206171,44.8455856,7.7192711
IT_263,45.7292486,12.2562455
IT_206944,41.9138877,14.9136133
IT_204134,45.4015124,10.2768169
IT_202198,45.77268,9.322144
IT_1222,41.946233,12.772694
IT_206827,40.957112,14.31023
IT_205920,45.5605302,10.1158587
IT_203785,42.9105115,12.3377232
IT_203786,42.6715835,12.4509171
IT_227340,41.935711,12.649492
IT_227284,42.1241749,13.8424893
IT_372,44.0739178,10.484263
IT_210679,44.4876004,10.678927149673871
IT_206662,44.793184,10.8062281
IT_216280,44.4224625,10.789147
IT_205567,37.5064786,13.0823323
IT_202257,44.540718603,10.784777052
IT_205527,46.06332003316883,12.085468079558717
IT_202352,39.54134,8.633131
IT_201926,44.4876004,10.678927149673871
IT_205325,40.667029,16.6063265
IT_205315,45.6142424,8.3711382
IT_253,46.0163755,11.9062541
IT_205314,42.5641417,12.6405466
IT_205317,44.3974264,11.8108566
IT_205606,44.834574,11.293905
IT_1186,40.723709,14.546538
IT_820,40.725211,14.757443
IT_871,44.0099818,10.590633
IT_1218,43.8428381,10.502876
IT_207550,44.0282307,10.7657375
IT_388,43.9275158,10.644575
IT_39,45.701868,8.249322
IT_1072,45.8847708,10.8396942
LT_8,54.6870458,25.2829111
LT_85,54.5562536,23.3503665
LT_211238,54.6870458,25.2829111
LT_80,54.6501751,23.0358705
LT_210042,54.8982139,23.9044817
LT_56,55.8157428,23.5505784
LT_88,54.8982139,23.9044817
LT_89,54.8602337,24.4544785
GB_212340,51.12899,-0.1773299
LV_43,56.535305483,27.350189675
LV_95,44.870652,10.0753079
LV_105,56.670611319,23.748694215
LV_33,44.870652,10.0753079
LV_86,56.9685757,21.960778
LV_8,56.6514394,23.7339143
LV_12,44.870652,10.0753079
LV_58,57.244684,25.043103
NL_205955,9.311418,123.304494
NL_205959,51.21679785384616,3.8009261384615383
NL_198,51.8757624,4.2618477
NL_197,51.9056445,4.2415465
NL_141,51.8638396,6.07762256
NL_333,51.2724486,6.0114205
NL_387,50.87023257777778,5.6730064222222225
NL_147,53.3325644,6.9135144
NL_57,53.23194323333333,7.028708533333333
NL_338,52.2608238,6.793694933333333
NL_175,50.9782195,5.81173835
NL_320,52.0428304,4.5760986
NL_240,51.501427775,3.750337125
NL_148,51.4560843,3.70427554375
NL_30,51.9328725,4.1736499
NL_370,52.23488701111111,4.762260722222222
NL_315,51.97078963333333,4.189329322222222
NL_306,51.910132909090905,4.4311736545454545
NL_203881,51.944157739999994,4.411367670000001
NL_204445,51.944157739999994,4.411367670000001
NL_135,51.67580895714286,4.595043714285715
NL_239,52.54025086666667,5.524436333333334
NL_203819,53.23194323333333,7.028708533333333
NL_54,51.827767,4.191577
NL_31,52.46961104,4.80751022
NL_304,52.00846921875,4.1586498625
NL_430,52.794349276999995,5.043857623
NL_162,51.90780349230769,4.431143784615385
NL_163,51.95552384,4.0251488
NL_160,52.076749668,4.2916345840000005
NL_159,52.16454618,4.49497496
NL_223,51.912808852,4.480497832
NL_222,51.91602655882353,4.481164776470588
NL_224,51.90465303641975,4.506167854938272
NL_225,52.15554074285714,4.4463537
NL_448,51.95552384,4.0251488
NL_206917,52.05358335,4.268294
NL_161,51.9550618,4.560603327
NL_221,52.07692619428571,4.332932634285714
NL_212,51.976883963,4.2798003
NL_426,51.888074026666665,4.355605333333334
NL_221329,41.867047,43.785061
NL_206407,51.6049281,4.763905878571428
NL_244,52.02348123,5.08236296
NL_245,52.1135548,5.10813415
NL_241,52.10712423214286,5.067638557142858
NL_187,52.10280580909091,5.078752818181818
NL_243,52.0857867,5.116325933333334
NL_242,52.07860046666667,5.107492955555555
NL_214480,51.8757624,4.2618477
DE_470,52.5674835,9.026332
DE_472,52.3208714,10.2349337
NO_92,58.9699675,5.7318101
NO_203645,58.038737299999994,6.584827355243855
NO_203648,65.8375342,13.1892098
NO_207728,67.2844313,14.3817503
NO_227090,59.11483665,5.649151657986611
NO_227092,59.11483665,5.649151657986611
NO_227088,59.11483665,5.649151657986611
NO_77,58.9699675,5.7318101
NO_80,58.9699675,5.7318101
NO_71,58.9699675,5.7318101
NO_74,58.9699675,5.7318101
NO_208683,58.9699675,5.7318101
NO_89,58.9699675,5.7318101
NO_76,58.9699675,5.7318101
NO_75,58.9699675,5.7318101
NO_110,59.103735,9.736353765927529
NO_93,63.4121464,8.730298
NO_94,63.986506,11.1104608
NO_203646,49.5334469,6.695355
NO_203166,59.140759,9.6562495
NO_111,59.20313315,10.953503794852939
NO_83,58.9699675,5.7318101
NO_85,58.9699675,5.7318101
NO_86,58.9699675,5.7318101
NO_88,58.9699675,5.7318101
NO_73,59.6964936,10.175641950012762
NO_91,60.5965572,4.8438674
NO_216821,58.9699675,5.7318101
NO_87,58.9699675,5.7318101
NO_82,58.9699675,5.7318101
NO_72,58.9699675,5.7318101
NO_79,58.9699675,5.7318101
NO_213640,58.9699675,5.7318101
NO_207548,58.9699675,5.7318101
NO_209936,-27.353374,152.980461
NO_206862,58.9699675,5.7318101
NO_84,58.9699675,5.7318101
NO_115,60.797934,5.011611
NO_203076,58.9699675,5.7318101
NO_90,58.9699675,5.7318101
NO_78,58.9699675,5.7318101
NO_81,58.9699675,5.7318101
PL_150,53.132398,23.1591679
PL_30,53.132398,23.1591679
PL_167,51.4660473,22.6052895
PL_177,54.5811254,16.8612962
PL_114,51.9568581,20.1430044
PL_79,51.1138821,20.857883
PL_884,49.8555791,19.3436756
PL_206702,51.6636791,16.0935567
PL_206089,51.5039288,16.0713371
PL_341,50.0715996,21.7007524
PL_687,52.3952285,20.9308309
PL_359,53.6952912,17.5614973
PL_307,52.7365783,23.5878728
PL_188,50.5729327,21.6791667
PL_189,50.5729327,21.6791667
PL_765,52.1041197,21.2681092
PL_775,49.2969114,19.9504753
PL_706,52.6603872,19.071948
PL_5,50.4329071,21.2810473
PL_24,50.2978791,18.9544466
PL_28,52.2319581,21.0067249
PL_106,52.2319581,21.0067249
PL_26,52.1626141,20.8080199
PL_105,52.2319581,21.0067249
PL_27,52.2319581,21.0067249
PL_691,50.104158775,19.418961786
PL_726,53.153829101,18.163137789
PL_735,50.0990603,19.4644435
PL_120,50.4445194,18.8554757
PL_282,52.3254611,21.1054691
PL_615,50.8719903,20.6310488
PL_540,49.822118,19.0448936
PL_210697,50.5736481,19.3219413
PL_219620,51.7562261,22.7863152
PL_216342,52.3468689,21.2420179
PL_811,50.3308692,19.2078918
PL_766,51.0190253,18.049603
PL_203107,51.6636791,16.0935567
PL_210352,51.1910223,20.4071836
PL_222281,51.2762795,19.3053478
PL_202074,50.6668184,17.9236408
PL_542,52.4081717,22.2525679
PL_118,51.0504653,16.1932008
PL_117,51.0504653,16.1932008
PL_527,50.859573,16.3196056
PL_210578,54.5391501,17.7472272
PL_25,49.8555791,19.3436756
PL_203105,51.2081617,16.1603187
PL_154,49.7845132,22.7698454
PT_87,41.1938981,-8.6977387
PT_39,37.956549,-8.8689639
PT_134,44.1767161,28.6507598
PT_141,40.6574713,-7.9138664
PT_212703,40.5138208,-8.4928163
PT_37,40.6059884,-8.5954063
PT_180,40.3972486,-8.2287169
PT_214,37.1679015,-8.3032273
PT_166,-34.498948163265304,-58.52927953061224
PT_285,39.66365085,-7.66687945
PT_205819,37.956549,-8.8689639
PT_227602,38.7077507,-9.1365919
PT_242,41.4253167,-8.4133302
PT_119,39.059492,-75.401941
PT_73,-34.498948163265304,-58.52927953061224
PT_245,41.0305323,-8.6290322
PT_103,41.3728321,-8.313292187069736
PT_104,50.575460285,4.543799883
PT_205024,40.2804021,-7.504191
RO_189,44.255217423,28.270733441
RO_217,45.177518,28.8016348
RO_256,44.9417468,26.0236504
RO_127,44.4361414,26.1027202
RO_130,45.0264186,26.025021
RO_190,49.008053,36.937123
RO_65,44.63224925,22.6813271
RO_226,43.7518306,24.8691717
RO_184,45.630686231,25.627119169
RO_187,47.201111,23.04673695
RO_87,44.8978747,23.163126
RO_180,46.2405305,27.6661391
RO_188,47.187717,23.05762905
RO_31,46.12223625,22.85227885
RO_51,43.749442029,24.866981888
RO_202,47.6628294,26.2637909
RO_203,47.6628294,26.2637909
RO_220,45.2890106,21.8877676
RO_219,44.378617,26.099133
RO_230,46.423780006,26.419640452
RO_255,45.75450854,21.24997516
RO_269,46.781951993,24.703746477
SE_230380,59.266667,14.433333
SE_496,60.0297519,13.6518574
SE_211099,59.6110992,16.5463679
SE_211098,59.3717379,16.5051474
SE_211100,59.0243886,16.1838896
SE_441,58.5909124,16.1903511
SE_205193,56.1376968,13.3952814
SE_514,60.0297519,13.6518574
SE_7,59.620938781,17.71628931
SE_9,59.2453471,18.0883657
SE_532,59.2680269,18.0510706
SE_30,40.170641297,-75.896202411
SE_18,61.7281607,17.105575
SE_17,59.2758272,18.0017457
SE_531,61.7281607,17.105575
SE_349,59.2747287,15.2151181
SE_66,59.6356115,17.077856
SE_32,58.5909124,16.1903511
SE_43,40.355314101,-76.137130816
SE_14,44.466463151,1.96640078
SE_28,59.2946981,18.0840975
SE_26,59.318523575,18.052360275
SE_13,59.2680269,18.0510706
SE_11,59.2453471,18.0883657
SE_202845,59.3165476,18.1582576
SE_44,59.517164,17.9164192
SE_346,59.357465786,18.091648914
SE_759,59.339769,17.9395411
SE_4,59.403311,17.9442849
SE_31,59.3291999,18.253997633783634
SE_5,37.395136267,127.2913541
SE_40,59.26571495,18.135310357439185
SE_45,59.357465786,18.091648914
SE_16,59.301672294285716,18.091676962857143
SE_213860,59.2680269,18.0510706
SE_29,59.3120997,18.2073591
SE_24,59.341723745,18.173583764
SE_50,59.2964776,18.0528626
SE_538,59.6452742,17.7577395
SE_858,59.351364448,18.230263125
SE_15,28.4906329,29.160203423
SE_6,59.6190818,17.8775237
SE_19,59.3659643,17.8716341
SE_37,59.483099625,17.917484088
SE_25,59.3251172,18.0710935
SE_20,59.2680269,18.0510706
SE_205906,59.6190818,17.8775237
SE_427,59.2747287,15.2151181
SE_227372,57.7913848,13.4130426
SE_672,57.7913848,13.4130426
SE_218381,57.7913848,13.4130426
SE_403,63.2558129,18.7147557
SE_812,63.2888613,18.7160209
SE_771,63.2888613,18.7160209
SE_345,63.2888613,18.7160209
SE_167,56.6827,16.344869
SE_383,46.084346024,0.898790579
SE_375,63.5411515,19.4402035
SE_826,56.5426484,15.7984835
SE_823,56.5426484,15.7984835
SE_824,56.5426484,15.7984835
SE_825,56.5426484,15.7984835
SE_208282,57.4021387,14.6667098
SE_709,58.233762133,16.2938003
SE_21,29.941135659,31.167248201
SE_42,59.3100607,18.0591472
SE_46,59.2758272,18.0017457
SE_206,55.8698007,12.8296734
SE_54,61.3513005,16.3972013
SE_541,61.3513005,16.3972013
SE_55,61.3513005,16.3972013
SE_80,56.6308333,15.5406619
SE_505,56.6308333,15.5406619
SE_3,59.6356115,17.077856
SE_2,59.6356115,17.077856
SE_1,59.6356115,17.077856
SE_121,60.5454521,16.2855241
SE_520,60.5219407,17.6362316
SE_772,63.2888613,18.7160209
SE_596,57.8707951,11.9799616
SE_699,63.2888613,18.7160209
SE_542,61.3513005,16.3972013
SE_533,41.9693717,2.668747117
SE_536,61.783857967,16.625327267
SE_209072,43.727365,-74.305388
SI_67,46.5576439,15.6455854
SI_82,45.962437,14.293903
SI_21,46.25567,15.3243
SI_17,46.10204,14.78575
SI_18,45.904672,13.697633
SI_16,46.396159,15.662273
SI_7,46.4323705,14.0623942
SI_45,46.4323705,14.0623942
SI_60,46.5576439,15.6455854
SI_66,46.0500268,14.5069289
SI_79,46.3716354,15.3900185
SK_163,48.811036141,19.542151134
SK_123,48.7383895,19.1585805
SK_5,49.4375146,18.7896041
SK_178,48.8131567,19.4153718
SK_171,48.5782517,19.1247135
SK_161,48.5910183,18.8500892
SK_7,48.7673613,19.2759831
SK_182,48.2163194,18.6000869
SK_203671,47.8761227,18.198313
